[19Oct2025 17:22:52.162] [main/INFO] [cpw.mods.modlauncher.Launcher/MODLAUNCHER]: ModLauncher running: args [--launchTarget, forgeserver, --fml.forgeVersion, 47.4.10, --fml.mcVersion, 1.20.1, --fml.forgeGroup, net.minecraftforge, --fml.mcpVersion, 20230612.114412, nogui]
[19Oct2025 17:22:52.168] [main/INFO] [cpw.mods.modlauncher.Launcher/MODLAUNCHER]: ModLauncher 10.0.9+10.0.9+main.dcd20f30 starting: java version 17.0.16 by Ubuntu; OS Linux arch amd64 version 6.8.0-1030-azure
[19Oct2025 17:23:06.455] [main/INFO] [net.minecraftforge.fml.loading.ImmediateWindowHandler/]: ImmediateWindowProvider not loading because launch target is forgeserver
[19Oct2025 17:23:06.462] [main/INFO] [com.teampotato.redirector.Redirector/]: Redirector CoreMod initialized successfully!
[19Oct2025 17:23:06.625] [main/INFO] [mixin/]: SpongePowered MIXIN Subsystem Version=0.8.5 Source=union:/workspaces/Pruebas/servidor_minecraft/libraries/org/spongepowered/mixin/0.8.5/mixin-0.8.5.jar%2365!/ Service=ModLauncher Env=SERVER
[19Oct2025 17:23:07.426] [main/WARN] [net.minecraftforge.fml.loading.moddiscovery.ModFileParser/LOADING]: Mod file /workspaces/Pruebas/servidor_minecraft/libraries/net/minecraftforge/fmlcore/1.20.1-47.4.10/fmlcore-1.20.1-47.4.10.jar is missing mods.toml file
[19Oct2025 17:23:07.428] [main/WARN] [net.minecraftforge.fml.loading.moddiscovery.ModFileParser/LOADING]: Mod file /workspaces/Pruebas/servidor_minecraft/libraries/net/minecraftforge/javafmllanguage/1.20.1-47.4.10/javafmllanguage-1.20.1-47.4.10.jar is missing mods.toml file
[19Oct2025 17:23:07.429] [main/WARN] [net.minecraftforge.fml.loading.moddiscovery.ModFileParser/LOADING]: Mod file /workspaces/Pruebas/servidor_minecraft/libraries/net/minecraftforge/lowcodelanguage/1.20.1-47.4.10/lowcodelanguage-1.20.1-47.4.10.jar is missing mods.toml file
[19Oct2025 17:23:07.431] [main/WARN] [net.minecraftforge.fml.loading.moddiscovery.ModFileParser/LOADING]: Mod file /workspaces/Pruebas/servidor_minecraft/libraries/net/minecraftforge/mclanguage/1.20.1-47.4.10/mclanguage-1.20.1-47.4.10.jar is missing mods.toml file
[19Oct2025 17:23:08.350] [main/WARN] [net.minecraftforge.jarjar.selection.JarSelector/]: Attempted to select two dependency jars from JarJar which have the same identification: Mod File:  and Mod File: . Using Mod File: 
[19Oct2025 17:23:08.353] [main/WARN] [net.minecraftforge.jarjar.selection.JarSelector/]: Attempted to select a dependency jar for JarJar which was passed in as source: geckolib. Using Mod File: /workspaces/Pruebas/servidor_minecraft/mods/geckolib-forge-1.20.1-4.4.7.jar
[19Oct2025 17:23:08.353] [main/WARN] [net.minecraftforge.jarjar.selection.JarSelector/]: Attempted to select a dependency jar for JarJar which was passed in as source: architectury. Using Mod File: /workspaces/Pruebas/servidor_minecraft/mods/architectury-9.2.14-forge.jar
[19Oct2025 17:23:08.353] [main/INFO] [net.minecraftforge.fml.loading.moddiscovery.JarInJarDependencyLocator/]: Found 20 dependencies adding them to mods collection
[19Oct2025 17:23:14.249] [main/INFO] [mixin/]: Compatibility level set to JAVA_17
[19Oct2025 17:23:14.544] [main/ERROR] [mixin/]: Mixin config necronomicon.forge.mixins.json does not specify "minVersion" property
[19Oct2025 17:23:14.944] [main/INFO] [mixin/]: Successfully loaded Mixin Connector [ca.spottedleaf.starlight.mixin.MixinConnector]
[19Oct2025 17:23:14.946] [main/INFO] [mixin/]: Successfully loaded Mixin Connector [com.robertx22.library_of_exile.main.MixinConnector]
[19Oct2025 17:23:14.946] [main/INFO] [cpw.mods.modlauncher.LaunchServiceHandler/MODLAUNCHER]: Launching target 'forgeserver' with arguments [nogui]
[19Oct2025 17:23:14.976] [main/WARN] [mixin/]: Reference map 'nerb-forge-refmap.json' for nerb.mixins.json could not be read. If this is a development environment you can ignore this message
[19Oct2025 17:23:15.151] [main/INFO] [ModernFix/]: Loaded configuration file for ModernFix 5.18.1+mc1.20.1: 83 options available, 1 override(s) found
[19Oct2025 17:23:15.152] [main/WARN] [ModernFix/]: Option 'mixin.bugfix.buffer_builder_leak' overriden (by mods [witherstormmod]) to 'false'
[19Oct2025 17:23:15.153] [main/INFO] [ModernFix/]: Applying Nashorn fix
[19Oct2025 17:23:15.165] [main/INFO] [ModernFix/]: Applied Forge config corruption patch
[19Oct2025 17:23:15.216] [main/INFO] [Embeddium/]: Loaded configuration file for Embeddium: 274 options available, 0 override(s) found
[19Oct2025 17:23:15.219] [main/INFO] [com.teampotato.redirector.Redirector/]: Redirecting org/embeddedt/embeddium_integrity/MixinTaintDetector$EnforceLevel
[19Oct2025 17:23:15.237] [main/WARN] [mixin/]: Reference map 'morevillagers-forge-forge-refmap.json' for morevillagers.mixins.json could not be read. If this is a development environment you can ignore this message
[19Oct2025 17:23:15.279] [main/WARN] [mixin/]: Reference map 'create_questing.refmap.json' for create_questing.mixins.json could not be read. If this is a development environment you can ignore this message
[19Oct2025 17:23:15.290] [main/WARN] [mixin/]: Reference map 'graveyard-FORGE-forge-refmap.json' for graveyard-forge.mixins.json could not be read. If this is a development environment you can ignore this message
[19Oct2025 17:23:15.314] [main/WARN] [mixin/]: Reference map 'aaa_particles-forge-refmap.json' for aaa_particles.mixins.json could not be read. If this is a development environment you can ignore this message
[19Oct2025 17:23:15.366] [main/INFO] [Embeddium Extra/]: Loaded configuration file for Sodium Extra: 35 options available, 0 override(s) found
[19Oct2025 17:23:15.374] [main/WARN] [mixin/]: Reference map 'mns-forge-refmap.json' for mns-forge.mixins.json could not be read. If this is a development environment you can ignore this message
[19Oct2025 17:23:15.384] [main/WARN] [mixin/]: Reference map '${mod_id}.refmap.json' for medievalorigins.mixins.json could not be read. If this is a development environment you can ignore this message
[19Oct2025 17:23:15.416] [main/INFO] [com.teampotato.redirector.Redirector/]: Redirecting com/llamalad7/mixinextras/service/MixinExtrasVersion
[19Oct2025 17:23:15.557] [main/WARN] [mixin/]: Reference map 'betterparagliders.mixins.refmap.json' for betterparagliders.mixins.json could not be read. If this is a development environment you can ignore this message
[19Oct2025 17:23:15.586] [main/INFO] [fpsreducer/]: OptiFine was NOT detected.
[19Oct2025 17:23:15.589] [main/INFO] [fpsreducer/]: OptiFabric was NOT detected.
[19Oct2025 17:23:15.602] [main/WARN] [mixin/]: Reference map 'cuisinedelight.refmap.json' for cuisinedelight.mixins.json could not be read. If this is a development environment you can ignore this message
[19Oct2025 17:23:15.613] [main/WARN] [mixin/]: Reference map 'CerbonsAPI-Forge-1.20.1-forge-refmap.json' for cerbons_api.mixins.json could not be read. If this is a development environment you can ignore this message
[19Oct2025 17:23:15.650] [main/WARN] [mixin/]: Reference map 'xlpackets.refmap.json' for xlpackets.mixins.json could not be read. If this is a development environment you can ignore this message
[19Oct2025 17:23:15.704] [main/WARN] [mixin/]: Reference map 'simplyswords-forge-refmap.json' for simplyswords.mixins.json could not be read. If this is a development environment you can ignore this message
[19Oct2025 17:23:15.712] [main/WARN] [mixin/]: Reference map 'ModUtilsPassiveSkillTree.refmap.json' for modutilspassiveskilltree.mixins.json could not be read. If this is a development environment you can ignore this message
[19Oct2025 17:23:15.780] [main/WARN] [mixin/]: Reference map 'mes-forge-refmap.json' for mes-forge.mixins.json could not be read. If this is a development environment you can ignore this message
[19Oct2025 17:23:15.791] [main/WARN] [mixin/]: Reference map 'coroutil.refmap.json' for coroutil.mixins.json could not be read. If this is a development environment you can ignore this message
[19Oct2025 17:23:15.795] [main/WARN] [mixin/]: Reference map 'mvs-forge-refmap.json' for mvs-forge.mixins.json could not be read. If this is a development environment you can ignore this message
[19Oct2025 17:23:15.812] [main/INFO] [com.teampotato.redirector.Redirector/]: Redirecting malte0811/ferritecore/mixin/config/FerriteMixinConfig$LithiumSupportState
[19Oct2025 17:23:16.352] [main/INFO] [net.minecraftforge.coremod.CoreMod.placebo/COREMODLOG]: Patching IForgeItemStack#getEnchantmentLevel
[19Oct2025 17:23:16.369] [main/INFO] [net.minecraftforge.coremod.CoreMod.placebo/COREMODLOG]: Patching IForgeItemStack#getEnchantmentLevel
[19Oct2025 17:23:16.981] [main/INFO] [net.minecraftforge.coremod.CoreMod.apotheosis/COREMODLOG]: Replaced 2 calls to Enchantment#getMaxLevel() in net/minecraft/world/inventory/AnvilMenu
[19Oct2025 17:23:17.037] [main/INFO] [net.minecraftforge.coremod.CoreMod.placebo/COREMODLOG]: Patching IForgeItemStack#getEnchantmentLevel
[19Oct2025 17:23:17.038] [main/INFO] [net.minecraftforge.coremod.CoreMod.placebo/COREMODLOG]: Patching IForgeItemStack#getEnchantmentLevel
[19Oct2025 17:23:17.335] [main/INFO] [net.minecraftforge.coremod.CoreMod.apotheosis/COREMODLOG]: Patching FishingHook#catchingFish
[19Oct2025 17:23:17.603] [main/WARN] [mixin/]: Error loading class: com/teammetallurgy/aquaculture/entity/AquaFishingBobberEntity (java.lang.ClassNotFoundException: com.teammetallurgy.aquaculture.entity.AquaFishingBobberEntity)
[19Oct2025 17:23:17.961] [main/WARN] [mixin/]: Error loading class: tfar/davespotioneering/blockentity/AdvancedBrewingStandBlockEntity (java.lang.ClassNotFoundException: tfar.davespotioneering.blockentity.AdvancedBrewingStandBlockEntity)
[19Oct2025 17:23:17.961] [main/WARN] [mixin/]: @Mixin target tfar.davespotioneering.blockentity.AdvancedBrewingStandBlockEntity was not found itemproductionlib.mixins.json:davespotioneering/AdvancedBrewingStandBlockEntityMixin
[19Oct2025 17:23:17.967] [main/WARN] [mixin/]: Error loading class: fuzs/visualworkbench/world/inventory/ModCraftingMenu (java.lang.ClassNotFoundException: fuzs.visualworkbench.world.inventory.ModCraftingMenu)
[19Oct2025 17:23:17.967] [main/WARN] [mixin/]: @Mixin target fuzs.visualworkbench.world.inventory.ModCraftingMenu was not found itemproductionlib.mixins.json:visualworkbench/ModCraftingMenuMixin
[19Oct2025 17:23:18.226] [main/ERROR] [net.minecraftforge.fml.loading.RuntimeDistCleaner/DISTXFORM]: Attempted to load class net/minecraft/client/gui/screens/inventory/AbstractContainerScreen for invalid dist DEDICATED_SERVER
[19Oct2025 17:23:18.227] [main/WARN] [mixin/]: Error loading class: net/minecraft/client/gui/screens/inventory/AbstractContainerScreen (java.lang.RuntimeException: Attempted to load class net/minecraft/client/gui/screens/inventory/AbstractContainerScreen for invalid dist DEDICATED_SERVER)
[19Oct2025 17:23:18.227] [main/WARN] [mixin/]: @Mixin target net.minecraft.client.gui.screens.inventory.AbstractContainerScreen was not found itemborders.mixins.json:AbstractContainerScreenMixin
[19Oct2025 17:23:18.229] [main/ERROR] [net.minecraftforge.fml.loading.RuntimeDistCleaner/DISTXFORM]: Attempted to load class net/minecraft/client/gui/Gui for invalid dist DEDICATED_SERVER
[19Oct2025 17:23:18.229] [main/WARN] [mixin/]: Error loading class: net/minecraft/client/gui/Gui (java.lang.RuntimeException: Attempted to load class net/minecraft/client/gui/Gui for invalid dist DEDICATED_SERVER)
[19Oct2025 17:23:18.229] [main/WARN] [mixin/]: @Mixin target net.minecraft.client.gui.Gui was not found itemborders.mixins.json:GuiMixin
[19Oct2025 17:23:18.404] [main/WARN] [mixin/]: Error loading class: fuzs/easymagic/world/inventory/ModEnchantmentMenu (java.lang.ClassNotFoundException: fuzs.easymagic.world.inventory.ModEnchantmentMenu)
[19Oct2025 17:23:18.404] [main/WARN] [mixin/]: @Mixin target fuzs.easymagic.world.inventory.ModEnchantmentMenu was not found skilltree.mixins.json:easymagic/ModEnchantmentMenuMixin
[19Oct2025 17:23:18.512] [main/INFO] [net.minecraftforge.coremod.CoreMod.apotheosis/COREMODLOG]: Replaced 2 calls to Enchantment#getMaxLevel() in net/minecraft/world/item/CreativeModeTabs
[19Oct2025 17:23:18.551] [main/INFO] [net.minecraftforge.coremod.CoreMod.apotheosis/COREMODLOG]: Replaced 1 calls to Enchantment#getMaxLevel() in net/minecraft/world/entity/npc/VillagerTrades$EnchantBookForEmeralds
[19Oct2025 17:23:18.551] [main/INFO] [net.minecraftforge.coremod.CoreMod.apotheosis/COREMODLOG]: Replaced 1 calls to Enchantment#isTreasureOnly() in net/minecraft/world/entity/npc/VillagerTrades$EnchantBookForEmeralds
[19Oct2025 17:23:18.551] [main/INFO] [net.minecraftforge.coremod.CoreMod.apotheosis/COREMODLOG]: Replaced 1 calls to Enchantment#isTradeable() in net/minecraft/world/entity/npc/VillagerTrades$EnchantBookForEmeralds
[19Oct2025 17:23:18.563] [main/INFO] [net.minecraftforge.coremod.CoreMod.apotheosis/COREMODLOG]: Replaced 1 calls to Enchantment#getMaxLevel() in net/minecraft/world/level/storage/loot/functions/EnchantRandomlyFunction
[19Oct2025 17:23:18.563] [main/INFO] [net.minecraftforge.coremod.CoreMod.apotheosis/COREMODLOG]: Replaced 1 calls to Enchantment#isDiscoverable() in net/minecraft/world/level/storage/loot/functions/EnchantRandomlyFunction
[19Oct2025 17:23:18.591] [main/WARN] [mixin/]: Error loading class: noobanidus/mods/lootr/config/ConfigManager (java.lang.ClassNotFoundException: noobanidus.mods.lootr.config.ConfigManager)
[19Oct2025 17:23:18.753] [main/WARN] [mixin/]: Error loading class: dev/ftb/mods/ftbchunks/data/ClaimedChunkManagerImpl (java.lang.ClassNotFoundException: dev.ftb.mods.ftbchunks.data.ClaimedChunkManagerImpl)
[19Oct2025 17:23:18.754] [main/WARN] [mixin/]: @Mixin target dev.ftb.mods.ftbchunks.data.ClaimedChunkManagerImpl was not found doespotatotick.mixins.json:ClaimedChunkManagerAccessor
[19Oct2025 17:23:19.124] [main/INFO] [MixinExtras|Service/]: Initializing MixinExtras via com.llamalad7.mixinextras.service.MixinExtrasServiceImpl(version=0.4.1).
[19Oct2025 17:23:19.543] [main/INFO] [com.teampotato.redirector.Redirector/]: Redirecting net/minecraft/util/Unit
[19Oct2025 17:23:19.570] [main/INFO] [com.teampotato.redirector.Redirector/]: Redirecting net/minecraft/ChatFormatting
[19Oct2025 17:23:19.931] [main/INFO] [net.minecraft.server.Bootstrap/]: ModernFix reached bootstrap stage (34.71 s after launch)
[19Oct2025 17:23:20.024] [main/INFO] [com.teampotato.redirector.Redirector/]: Redirecting net/minecraft/Util$IdentityStrategy
[19Oct2025 17:23:20.036] [main/INFO] [com.teampotato.redirector.Redirector/]: Redirecting net/minecraft/core/Holder$Reference$Type
[19Oct2025 17:23:20.072] [main/WARN] [mixin/]: @Final field delegatesByName:Ljava/util/Map; in modernfix-forge.mixins.json:perf.forge_registry_alloc.ForgeRegistryMixin should be final
[19Oct2025 17:23:20.073] [main/WARN] [mixin/]: @Final field delegatesByValue:Ljava/util/Map; in modernfix-forge.mixins.json:perf.forge_registry_alloc.ForgeRegistryMixin should be final
[19Oct2025 17:23:21.656] [main/INFO] [ModernFix/]: Injecting BlockStateBase cache population hook into getOpacityIfCached from ca.spottedleaf.starlight.mixin.common.blockstate.BlockStateBaseMixin
[19Oct2025 17:23:21.656] [main/INFO] [ModernFix/]: Injecting BlockStateBase cache population hook into isConditionallyFullOpaque from ca.spottedleaf.starlight.mixin.common.blockstate.BlockStateBaseMixin
[19Oct2025 17:23:22.111] [main/INFO] [net.minecraftforge.coremod.CoreMod.apotheosis/COREMODLOG]: Replaced 2 calls to Enchantment#getMaxLevel() in net/minecraft/world/item/CreativeModeTabs
[19Oct2025 17:23:22.134] [main/INFO] [com.teampotato.redirector.Redirector/]: Redirecting net/minecraft/core/Direction
[19Oct2025 17:23:22.136] [main/INFO] [com.teampotato.redirector.Redirector/]: Redirecting net/minecraft/core/Direction$AxisDirection
[19Oct2025 17:23:22.137] [main/INFO] [com.teampotato.redirector.Redirector/]: Redirecting net/minecraft/core/Direction$Axis
[19Oct2025 17:23:22.317] [main/INFO] [com.teampotato.redirector.Redirector/]: Redirecting net/minecraft/core/Direction$Plane
[19Oct2025 17:23:22.319] [main/INFO] [com.teampotato.redirector.Redirector/]: Redirecting net/minecraft/core/FrontAndTop
[19Oct2025 17:23:22.322] [main/INFO] [com.teampotato.redirector.Redirector/]: Redirecting net/minecraft/world/level/block/state/properties/AttachFace
[19Oct2025 17:23:22.323] [main/INFO] [com.teampotato.redirector.Redirector/]: Redirecting net/minecraft/world/level/block/state/properties/BellAttachType
[19Oct2025 17:23:22.324] [main/INFO] [com.teampotato.redirector.Redirector/]: Redirecting net/minecraft/world/level/block/state/properties/WallSide
[19Oct2025 17:23:22.325] [main/INFO] [com.teampotato.redirector.Redirector/]: Redirecting net/minecraft/world/level/block/state/properties/RedstoneSide
[19Oct2025 17:23:22.325] [main/INFO] [com.teampotato.redirector.Redirector/]: Redirecting net/minecraft/world/level/block/state/properties/DoubleBlockHalf
[19Oct2025 17:23:22.326] [main/INFO] [com.teampotato.redirector.Redirector/]: Redirecting net/minecraft/world/level/block/state/properties/Half
[19Oct2025 17:23:22.327] [main/INFO] [com.teampotato.redirector.Redirector/]: Redirecting net/minecraft/world/level/block/state/properties/RailShape
[19Oct2025 17:23:22.329] [main/INFO] [com.teampotato.redirector.Redirector/]: Redirecting net/minecraft/world/level/block/state/properties/BedPart
[19Oct2025 17:23:22.330] [main/INFO] [com.teampotato.redirector.Redirector/]: Redirecting net/minecraft/world/level/block/state/properties/ChestType
[19Oct2025 17:23:22.331] [main/INFO] [com.teampotato.redirector.Redirector/]: Redirecting net/minecraft/world/level/block/state/properties/ComparatorMode
[19Oct2025 17:23:22.332] [main/INFO] [com.teampotato.redirector.Redirector/]: Redirecting net/minecraft/world/level/block/state/properties/DoorHingeSide
[19Oct2025 17:23:22.333] [main/INFO] [com.teampotato.redirector.Redirector/]: Redirecting net/minecraft/world/level/block/state/properties/NoteBlockInstrument
[19Oct2025 17:23:22.374] [main/INFO] [com.teampotato.redirector.Redirector/]: Redirecting net/minecraft/world/level/block/state/properties/NoteBlockInstrument$Type
[19Oct2025 17:23:22.376] [main/INFO] [com.teampotato.redirector.Redirector/]: Redirecting net/minecraft/world/level/block/state/properties/PistonType
[19Oct2025 17:23:22.377] [main/INFO] [com.teampotato.redirector.Redirector/]: Redirecting net/minecraft/world/level/block/state/properties/SlabType
[19Oct2025 17:23:22.377] [main/INFO] [com.teampotato.redirector.Redirector/]: Redirecting net/minecraft/world/level/block/state/properties/StairsShape
[19Oct2025 17:23:22.378] [main/INFO] [com.teampotato.redirector.Redirector/]: Redirecting net/minecraft/world/level/block/state/properties/StructureMode
[19Oct2025 17:23:22.379] [main/INFO] [com.teampotato.redirector.Redirector/]: Redirecting net/minecraft/world/level/block/state/properties/BambooLeaves
[19Oct2025 17:23:22.380] [main/INFO] [com.teampotato.redirector.Redirector/]: Redirecting net/minecraft/world/level/block/state/properties/Tilt
[19Oct2025 17:23:22.381] [main/INFO] [com.teampotato.redirector.Redirector/]: Redirecting net/minecraft/world/level/block/state/properties/DripstoneThickness
[19Oct2025 17:23:22.381] [main/INFO] [com.teampotato.redirector.Redirector/]: Redirecting net/minecraft/world/level/block/state/properties/SculkSensorPhase
[19Oct2025 17:23:22.484] [main/INFO] [net.minecraftforge.coremod.CoreMod.apotheosis/COREMODLOG]: Replaced 1 calls to Enchantment#getMaxLevel() in org/violetmoon/quark/content/experimental/module/GameNerfsModule
[19Oct2025 17:23:22.912] [main/INFO] [com.teampotato.redirector.Redirector/]: Redirecting net/minecraft/world/level/material/PushReaction
[19Oct2025 17:23:23.139] [main/INFO] [com.teampotato.redirector.Redirector/]: Redirecting net/minecraft/world/level/block/state/BlockBehaviour$OffsetType
[19Oct2025 17:23:23.140] [main/INFO] [com.teampotato.redirector.Redirector/]: Redirecting net/minecraft/world/level/pathfinder/PathComputationType
[19Oct2025 17:23:23.149] [main/INFO] [net.minecraft.server.Bootstrap/]: Vanilla bootstrap took 3215 milliseconds
[19Oct2025 17:23:23.214] [main/INFO] [com.teampotato.redirector.Redirector/]: Redirecting net/minecraftforge/network/NetworkDirection
[19Oct2025 17:23:23.293] [main/INFO] [com.teampotato.redirector.Redirector/]: Redirecting net/minecraft/world/item/DyeColor
[19Oct2025 17:23:23.295] [main/INFO] [com.teampotato.redirector.Redirector/]: Redirecting net/minecraft/util/ByIdMap$OutOfBoundsStrategy
[19Oct2025 17:23:23.486] [main/INFO] [com.teampotato.redirector.Redirector/]: Redirecting net/minecraft/world/effect/MobEffectCategory
[19Oct2025 17:23:23.491] [main/INFO] [com.teampotato.redirector.Redirector/]: Redirecting net/combatroll/Platform$Type
[19Oct2025 17:23:23.492] [main/INFO] [com.teampotato.redirector.Redirector/]: Redirecting net/minecraft/world/entity/ai/attributes/AttributeModifier$Operation
[19Oct2025 17:23:23.695] [main/INFO] [net.minecraftforge.coremod.CoreMod.apotheosis/COREMODLOG]: Replaced 5 calls to Enchantment#getMaxLevel() in org/violetmoon/quark/content/tools/module/AncientTomesModule
[19Oct2025 17:23:23.745] [main/INFO] [net.minecraftforge.coremod.CoreMod.placebo/COREMODLOG]: Patching IForgeItemStack#getEnchantmentLevel
[19Oct2025 17:23:23.745] [main/INFO] [net.minecraftforge.coremod.CoreMod.placebo/COREMODLOG]: Patching IForgeItemStack#getEnchantmentLevel
[19Oct2025 17:23:23.761] [main/INFO] [com.teampotato.redirector.Redirector/]: Redirecting net/minecraft/world/level/block/PressurePlateBlock$Sensitivity
[19Oct2025 17:23:23.859] [main/INFO] [com.teampotato.redirector.Redirector/]: Redirecting net/minecraft/world/level/block/MultifaceSpreader$SpreadType
[19Oct2025 17:23:23.879] [main/INFO] [com.teampotato.redirector.Redirector/]: Redirecting net/minecraft/world/InteractionHand
[19Oct2025 17:23:23.880] [main/INFO] [com.teampotato.redirector.Redirector/]: Redirecting net/minecraft/world/InteractionResult
[19Oct2025 17:23:23.882] [main/INFO] [com.teampotato.redirector.Redirector/]: Redirecting net/minecraft/world/level/biome/Biome$Precipitation
[19Oct2025 17:23:23.884] [main/INFO] [com.teampotato.redirector.Redirector/]: Redirecting net/mehvahdjukaar/amendments/reg/ModBlockProperties$SignAttachment
[19Oct2025 17:23:23.886] [main/INFO] [com.teampotato.redirector.Redirector/]: Redirecting net/mehvahdjukaar/amendments/reg/ModBlockProperties$BlockAttachment
[19Oct2025 17:23:23.927] [main/INFO] [com.teampotato.redirector.Redirector/]: Redirecting net/minecraft/world/level/block/SkullBlock$Types
[19Oct2025 17:23:23.954] [main/INFO] [net.minecraftforge.coremod.CoreMod.apotheosis/COREMODLOG]: Replaced 2 calls to Enchantment#getMaxLevel() in net/minecraft/world/inventory/AnvilMenu
[19Oct2025 17:23:23.956] [main/INFO] [net.minecraftforge.coremod.CoreMod.apotheosis/COREMODLOG]: Replaced 1 calls to Enchantment#getMaxLevel() in com/mrcrayfish/goblintraders/Hooks
[19Oct2025 17:23:24.163] [main/WARN] [mixin/]: Method overwrite conflict for m_155791_ in integrated_api-common.mixins.json:blocks.StructureBlockUnlimit, previously written by com.convallyria.hugestructureblocks.mixin.structure.StructureBlockUnlimit. Skipping method.
[19Oct2025 17:23:24.165] [main/WARN] [mixin/]: @ModifyConstant conflict. Skipping integrated_api-common.mixins.json:blocks.StructureBlockUnlimit->@ModifyConstant::readNbtUpper(I)I with priority 999, already redirected by hugestructureblocks.mixins.json:structure.StructureBlockUnlimit->@ModifyConstant::readNbtUpper(I)I with priority 999
[19Oct2025 17:23:24.166] [main/WARN] [mixin/]: @ModifyConstant conflict. Skipping integrated_api-common.mixins.json:blocks.StructureBlockUnlimit->@ModifyConstant::readNbtUpper(I)I with priority 999, already redirected by hugestructureblocks.mixins.json:structure.StructureBlockUnlimit->@ModifyConstant::readNbtUpper(I)I with priority 999
[19Oct2025 17:23:24.166] [main/WARN] [mixin/]: @ModifyConstant conflict. Skipping integrated_api-common.mixins.json:blocks.StructureBlockUnlimit->@ModifyConstant::readNbtUpper(I)I with priority 999, already redirected by hugestructureblocks.mixins.json:structure.StructureBlockUnlimit->@ModifyConstant::readNbtUpper(I)I with priority 999
[19Oct2025 17:23:24.166] [main/WARN] [mixin/]: @ModifyConstant conflict. Skipping integrated_api-common.mixins.json:blocks.StructureBlockUnlimit->@ModifyConstant::readNbtUpper(I)I with priority 999, already redirected by hugestructureblocks.mixins.json:structure.StructureBlockUnlimit->@ModifyConstant::readNbtUpper(I)I with priority 999
[19Oct2025 17:23:24.166] [main/WARN] [mixin/]: @ModifyConstant conflict. Skipping integrated_api-common.mixins.json:blocks.StructureBlockUnlimit->@ModifyConstant::readNbtUpper(I)I with priority 999, already redirected by hugestructureblocks.mixins.json:structure.StructureBlockUnlimit->@ModifyConstant::readNbtUpper(I)I with priority 999
[19Oct2025 17:23:24.166] [main/WARN] [mixin/]: @ModifyConstant conflict. Skipping integrated_api-common.mixins.json:blocks.StructureBlockUnlimit->@ModifyConstant::readNbtUpper(I)I with priority 999, already redirected by hugestructureblocks.mixins.json:structure.StructureBlockUnlimit->@ModifyConstant::readNbtUpper(I)I with priority 999
[19Oct2025 17:23:24.166] [main/WARN] [mixin/]: @ModifyConstant conflict. Skipping integrated_api-common.mixins.json:blocks.StructureBlockUnlimit->@ModifyConstant::readNbtLower(I)I with priority 999, already redirected by hugestructureblocks.mixins.json:structure.StructureBlockUnlimit->@ModifyConstant::readNbtLower(I)I with priority 999
[19Oct2025 17:23:24.166] [main/WARN] [mixin/]: @ModifyConstant conflict. Skipping integrated_api-common.mixins.json:blocks.StructureBlockUnlimit->@ModifyConstant::readNbtLower(I)I with priority 999, already redirected by hugestructureblocks.mixins.json:structure.StructureBlockUnlimit->@ModifyConstant::readNbtLower(I)I with priority 999
[19Oct2025 17:23:24.166] [main/WARN] [mixin/]: @ModifyConstant conflict. Skipping integrated_api-common.mixins.json:blocks.StructureBlockUnlimit->@ModifyConstant::readNbtLower(I)I with priority 999, already redirected by hugestructureblocks.mixins.json:structure.StructureBlockUnlimit->@ModifyConstant::readNbtLower(I)I with priority 999
[19Oct2025 17:23:24.167] [main/WARN] [mixin/]: @ModifyConstant conflict. Skipping integrated_api-common.mixins.json:blocks.StructureBlockUnlimit->@ModifyConstant::detectSize(I)I with priority 999, already redirected by hugestructureblocks.mixins.json:structure.StructureBlockUnlimit->@ModifyConstant::detectSize(I)I with priority 999
[19Oct2025 17:23:24.167] [main/WARN] [mixin/]: @ModifyConstant conflict. Skipping integrated_api-common.mixins.json:blocks.StructureBlockUnlimit->@ModifyConstant::detectSize(I)I with priority 999, already redirected by hugestructureblocks.mixins.json:structure.StructureBlockUnlimit->@ModifyConstant::detectSize(I)I with priority 999
[19Oct2025 17:23:24.167] [main/WARN] [mixin/]: @ModifyConstant conflict. Skipping integrated_api-common.mixins.json:blocks.StructureBlockUnlimit->@ModifyConstant::detectSize(I)I with priority 999, already redirected by hugestructureblocks.mixins.json:structure.StructureBlockUnlimit->@ModifyConstant::detectSize(I)I with priority 999
[19Oct2025 17:23:24.167] [main/WARN] [mixin/]: @ModifyConstant conflict. Skipping integrated_api-common.mixins.json:blocks.StructureBlockUnlimit->@ModifyConstant::detectSize(I)I with priority 999, already redirected by hugestructureblocks.mixins.json:structure.StructureBlockUnlimit->@ModifyConstant::detectSize(I)I with priority 999
[19Oct2025 17:23:24.167] [main/WARN] [mixin/]: @ModifyConstant conflict. Skipping integrated_api-common.mixins.json:blocks.StructureBlockUnlimit->@ModifyConstant::detectSize(I)I with priority 999, already redirected by hugestructureblocks.mixins.json:structure.StructureBlockUnlimit->@ModifyConstant::detectSize(I)I with priority 999
[19Oct2025 17:23:24.213] [main/INFO] [com.teampotato.redirector.Redirector/]: Redirecting net/minecraft/world/level/block/WeatheringCopper$WeatherState
[19Oct2025 17:23:24.408] [main/INFO] [com.teampotato.redirector.Redirector/]: Redirecting net/minecraft/world/item/Rarity
[19Oct2025 17:23:24.425] [main/INFO] [com.teampotato.redirector.Redirector/]: Redirecting net/minecraft/world/entity/vehicle/AbstractMinecart$Type
[19Oct2025 17:23:24.458] [main/INFO] [com.teampotato.redirector.Redirector/]: Redirecting net/minecraft/world/entity/MobCategory
[19Oct2025 17:23:24.644] [main/WARN] [mixin/]: @Inject(@At("INVOKE")) Shift.BY=2 on witherstormmod.mixins.json:MixinSwellGoal::handler$cdo000$canUseInvoke exceeds the maximum allowed value: 0. Increase the value of maxShiftBy to suppress this warning.
[19Oct2025 17:23:24.739] [main/INFO] [com.teampotato.redirector.Redirector/]: Redirecting net/minecraft/world/entity/ai/goal/Goal$Flag
[19Oct2025 17:23:24.856] [main/WARN] [mixin/]: @Final field f_26027_:Lnet/minecraft/world/entity/ai/targeting/TargetingConditions; in guardvillagers.mixins.json:DefendVillageGoalGolemMixin should be final
[19Oct2025 17:23:25.027] [main/INFO] [com.teampotato.redirector.Redirector/]: Redirecting net/minecraft/world/entity/Pose
[19Oct2025 17:23:25.028] [main/INFO] [com.teampotato.redirector.Redirector/]: Redirecting net/minecraft/world/entity/animal/sniffer/Sniffer$State
[19Oct2025 17:23:25.033] [main/INFO] [com.teampotato.redirector.Redirector/]: Redirecting net/minecraft/world/entity/EquipmentSlot
[19Oct2025 17:23:25.034] [main/INFO] [com.teampotato.redirector.Redirector/]: Redirecting net/minecraft/world/entity/EquipmentSlot$Type
[19Oct2025 17:23:25.121] [main/WARN] [mixin/]: @Inject(@At("INVOKE_ASSIGN")) Shift.BY=2 on refurbished_furniture.common.mixins.json:LevelChunkMixin::handler$cen000$refurbishedFurniture$AfterRemoveBlockEntity exceeds the maximum allowed value: 0. Increase the value of maxShiftBy to suppress this warning.
[19Oct2025 17:23:25.370] [main/INFO] [net.minecraftforge.coremod.CoreMod.apotheosis/COREMODLOG]: Patching FishingHook#catchingFish
[19Oct2025 17:23:25.382] [main/INFO] [com.teampotato.redirector.Redirector/]: Redirecting net/minecraft/world/item/ArmorItem$Type
[19Oct2025 17:23:25.385] [main/INFO] [com.teampotato.redirector.Redirector/]: Redirecting net/minecraft/world/entity/vehicle/Boat$Type
[19Oct2025 17:23:25.387] [main/INFO] [com.teampotato.redirector.Redirector/]: Redirecting net/minecraft/world/item/ArmorMaterials
[19Oct2025 17:23:25.408] [main/INFO] [com.teampotato.redirector.Redirector/]: Redirecting net/minecraft/world/item/Tiers
[19Oct2025 17:23:25.476] [main/INFO] [com.teampotato.redirector.Redirector/]: Redirecting net/minecraft/network/protocol/game/ClientboundPlayerInfoUpdatePacket$Action
[19Oct2025 17:23:25.568] [main/INFO] [com.teampotato.redirector.Redirector/]: Redirecting net/minecraft/world/item/enchantment/Enchantment$Rarity
[19Oct2025 17:23:25.569] [main/INFO] [com.teampotato.redirector.Redirector/]: Redirecting net/minecraft/world/item/enchantment/ProtectionEnchantment$Type
[19Oct2025 17:23:25.570] [main/INFO] [com.teampotato.redirector.Redirector/]: Redirecting net/minecraft/world/item/enchantment/EnchantmentCategory
[19Oct2025 17:23:25.612] [main/INFO] [com.teampotato.redirector.Redirector/]: Redirecting net/minecraft/world/scores/criteria/ObjectiveCriteria$RenderType
[19Oct2025 17:23:25.615] [main/INFO] [com.teampotato.redirector.Redirector/]: Redirecting net/minecraft/world/level/levelgen/Heightmap$Types
[19Oct2025 17:23:25.640] [main/INFO] [com.teampotato.redirector.Redirector/]: Redirecting net/minecraft/world/level/levelgen/Heightmap$Usage
[19Oct2025 17:23:25.650] [main/INFO] [com.teampotato.redirector.Redirector/]: Redirecting net/minecraft/world/level/chunk/ChunkStatus$ChunkType
[19Oct2025 17:23:25.713] [main/INFO] [com.teampotato.redirector.Redirector/]: Redirecting net/minecraft/world/item/crafting/CraftingBookCategory
[19Oct2025 17:23:25.728] [main/INFO] [com.teampotato.redirector.Redirector/]: Redirecting net/minecraft/world/item/crafting/CookingBookCategory
[19Oct2025 17:23:25.852] [main/INFO] [net.minecraftforge.coremod.CoreMod.apotheosis/COREMODLOG]: Replaced 1 calls to Enchantment#getMaxLevel() in net/minecraft/world/level/storage/loot/functions/EnchantRandomlyFunction
[19Oct2025 17:23:25.852] [main/INFO] [net.minecraftforge.coremod.CoreMod.apotheosis/COREMODLOG]: Replaced 1 calls to Enchantment#isDiscoverable() in net/minecraft/world/level/storage/loot/functions/EnchantRandomlyFunction
[19Oct2025 17:23:25.930] [main/INFO] [com.teampotato.redirector.Redirector/]: Redirecting net/minecraft/core/Holder$Kind
[19Oct2025 17:23:26.036] [main/INFO] [com.teampotato.redirector.Redirector/]: Redirecting net/minecraft/world/level/levelgen/placement/CaveSurface
[19Oct2025 17:23:26.084] [main/INFO] [com.teampotato.redirector.Redirector/]: Redirecting net/minecraft/world/level/levelgen/structure/placement/StructurePlacement$FrequencyReductionMethod
[19Oct2025 17:23:26.093] [main/INFO] [com.teampotato.redirector.Redirector/]: Redirecting net/minecraft/world/level/levelgen/structure/placement/RandomSpreadType
[19Oct2025 17:23:26.190] [main/INFO] [com.teampotato.redirector.Redirector/]: Redirecting net/minecraft/world/level/levelgen/structure/StructureSpawnOverride$BoundingBoxType
[19Oct2025 17:23:26.195] [main/INFO] [com.teampotato.redirector.Redirector/]: Redirecting net/minecraft/world/level/levelgen/GenerationStep$Decoration
[19Oct2025 17:23:26.197] [main/INFO] [com.teampotato.redirector.Redirector/]: Redirecting net/minecraft/world/level/levelgen/structure/TerrainAdjustment
[19Oct2025 17:23:26.224] [main/INFO] [com.teampotato.redirector.Redirector/]: Redirecting net/minecraft/world/level/levelgen/structure/structures/MineshaftStructure$Type
[19Oct2025 17:23:26.228] [main/INFO] [com.teampotato.redirector.Redirector/]: Redirecting net/minecraft/world/level/levelgen/structure/structures/OceanRuinStructure$Type
[19Oct2025 17:23:26.232] [main/INFO] [com.teampotato.redirector.Redirector/]: Redirecting net/minecraft/world/level/levelgen/structure/structures/RuinedPortalPiece$VerticalPlacement
[19Oct2025 17:23:26.248] [main/INFO] [com.teampotato.redirector.Redirector/]: Redirecting net/minecraft/world/level/levelgen/GenerationStep$Carving
[19Oct2025 17:23:26.288] [main/WARN] [mixin/]: Static binding violation: PRIVATE @Overwrite method m_47505_ in modernfix-common.mixins.json:perf.remove_biome_temperature_cache.BiomeMixin cannot reduce visibiliy of PUBLIC target method, visibility will be upgraded.
[19Oct2025 17:23:26.298] [main/INFO] [com.teampotato.redirector.Redirector/]: Redirecting net/minecraft/world/level/biome/Biome$TemperatureModifier
[19Oct2025 17:23:26.302] [main/INFO] [com.teampotato.redirector.Redirector/]: Redirecting net/minecraft/world/level/biome/BiomeSpecialEffects$GrassColorModifier
[19Oct2025 17:23:26.397] [main/INFO] [com.teampotato.redirector.Redirector/]: Redirecting net/minecraft/world/level/levelgen/SurfaceRules$Temperature
[19Oct2025 17:23:26.398] [main/INFO] [com.teampotato.redirector.Redirector/]: Redirecting net/minecraft/world/level/levelgen/SurfaceRules$Steep
[19Oct2025 17:23:26.399] [main/INFO] [com.teampotato.redirector.Redirector/]: Redirecting net/minecraft/world/level/levelgen/SurfaceRules$Hole
[19Oct2025 17:23:26.400] [main/INFO] [com.teampotato.redirector.Redirector/]: Redirecting net/minecraft/world/level/levelgen/SurfaceRules$AbovePreliminarySurface
[19Oct2025 17:23:26.401] [main/INFO] [com.teampotato.redirector.Redirector/]: Redirecting net/minecraft/world/level/levelgen/SurfaceRules$Bandlands
[19Oct2025 17:23:26.406] [main/INFO] [com.teampotato.redirector.Redirector/]: Redirecting net/minecraft/world/level/levelgen/DensityFunctions$BlendAlpha
[19Oct2025 17:23:26.406] [main/INFO] [com.teampotato.redirector.Redirector/]: Redirecting net/minecraft/world/level/levelgen/DensityFunctions$BlendOffset
[19Oct2025 17:23:26.407] [main/INFO] [com.teampotato.redirector.Redirector/]: Redirecting net/minecraft/world/level/levelgen/DensityFunctions$BeardifierMarker
[19Oct2025 17:23:26.410] [main/INFO] [com.teampotato.redirector.Redirector/]: Redirecting net/minecraft/world/level/levelgen/DensityFunctions$Marker$Type
[19Oct2025 17:23:26.416] [main/INFO] [com.teampotato.redirector.Redirector/]: Redirecting net/minecraft/world/level/levelgen/DensityFunctions$WeirdScaledSampler$RarityValueMapper
[19Oct2025 17:23:26.426] [main/INFO] [com.teampotato.redirector.Redirector/]: Redirecting net/minecraft/world/level/levelgen/DensityFunctions$Mapped$Type
[19Oct2025 17:23:26.428] [main/INFO] [com.teampotato.redirector.Redirector/]: Redirecting net/minecraft/world/level/levelgen/DensityFunctions$TwoArgumentSimpleFunction$Type
[19Oct2025 17:23:26.490] [main/INFO] [com.teampotato.redirector.Redirector/]: Redirecting net/minecraft/world/level/levelgen/structure/pools/StructureTemplatePool$Projection
[19Oct2025 17:23:26.500] [main/INFO] [com.teampotato.redirector.Redirector/]: Redirecting net/minecraft/world/item/CreativeModeTab$Row
[19Oct2025 17:23:26.503] [main/INFO] [com.teampotato.redirector.Redirector/]: Redirecting net/minecraft/world/item/CreativeModeTab$Type
[19Oct2025 17:23:26.511] [main/INFO] [com.teampotato.redirector.Redirector/]: Redirecting net/combatroll/enchantments/AmplifierEnchantment$Operation
[19Oct2025 17:23:26.818] [modloading-worker-0/INFO] [org.infernalstudios.secondchanceforge.SecondChanceForge/]: Second Chance: Sound Events Registered!
[19Oct2025 17:23:26.832] [modloading-worker-0/INFO] [com.teampotato.redirector.Redirector/]: Redirecting net/minecraftforge/event/TickEvent$Phase
[19Oct2025 17:23:26.833] [modloading-worker-0/INFO] [com.teampotato.redirector.Redirector/]: Redirecting net/minecraftforge/event/TickEvent$Type
[19Oct2025 17:23:26.842] [modloading-worker-0/INFO] [com.teampotato.redirector.Redirector/]: Redirecting com/majruszlibrary/events/base/Priority
[19Oct2025 17:23:26.850] [modloading-worker-0/INFO] [com.teampotato.redirector.Redirector/]: Redirecting net/valhelsia/valhelsia_core/api/client/ValhelsiaRenderType
[19Oct2025 17:23:26.852] [modloading-worker-0/INFO] [com.teampotato.redirector.Redirector/]: Redirecting net/minecraft/world/level/storage/loot/LootContext$EntityTarget
[19Oct2025 17:23:26.946] [modloading-worker-0/INFO] [com.teampotato.redirector.Redirector/]: Redirecting net/minecraft/commands/Commands$CommandSelection
[19Oct2025 17:23:27.145] [modloading-worker-0/INFO] [com.teampotato.redirector.Redirector/]: Redirecting net/minecraft/world/level/material/FogType
[19Oct2025 17:23:27.150] [modloading-worker-0/INFO] [com.teampotato.redirector.Redirector/]: Redirecting net/minecraft/world/item/UseAnim
[19Oct2025 17:23:27.154] [modloading-worker-0/INFO] [com.teampotato.redirector.Redirector/]: Redirecting net/minecraft/world/level/ClipContext$Block
[19Oct2025 17:23:27.162] [modloading-worker-0/INFO] [com.teampotato.redirector.Redirector/]: Redirecting net/minecraft/world/level/ClipContext$Fluid
[19Oct2025 17:23:27.163] [modloading-worker-0/INFO] [com.teampotato.redirector.Redirector/]: Redirecting net/minecraft/world/level/Explosion$BlockInteraction
[19Oct2025 17:23:27.166] [modloading-worker-0/INFO] [com.teampotato.redirector.Redirector/]: Redirecting net/minecraft/sounds/SoundSource
[19Oct2025 17:23:27.169] [modloading-worker-0/INFO] [MaxHealthFix/]: Loaded maxhealthfix for Forge.
[19Oct2025 17:23:27.227] [modloading-worker-0/INFO] [com.teampotato.redirector.Redirector/]: Redirecting dev/shadowsoffire/placebo/config/Property$Type
[19Oct2025 17:23:27.347] [modloading-worker-0/INFO] [com.teampotato.redirector.Redirector/]: Redirecting io/github/apace100/apoli/util/Space
[19Oct2025 17:23:27.352] [modloading-worker-0/INFO] [com.teampotato.redirector.Redirector/]: Redirecting io/github/apace100/apoli/util/ResourceOperation
[19Oct2025 17:23:27.352] [modloading-worker-0/INFO] [com.teampotato.redirector.Redirector/]: Redirecting io/github/apace100/apoli/util/InventoryUtil$InventoryType
[19Oct2025 17:23:27.353] [modloading-worker-0/INFO] [com.teampotato.redirector.Redirector/]: Redirecting io/github/apace100/apoli/util/InventoryUtil$ProcessMode
[19Oct2025 17:23:27.362] [modloading-worker-0/INFO] [com.teampotato.redirector.Redirector/]: Redirecting net/minecraft/world/level/Level$ExplosionInteraction
[19Oct2025 17:23:27.365] [modloading-worker-0/INFO] [com.teampotato.redirector.Redirector/]: Redirecting io/github/apace100/apoli/util/Comparison
[19Oct2025 17:23:27.421] [modloading-worker-0/INFO] [com.teampotato.redirector.Redirector/]: Redirecting net/minecraftforge/common/world/BiomeModifier$Phase
[19Oct2025 17:23:27.441] [modloading-worker-0/INFO] [io.github.apace100.apoli.Apoli/]: Apoli 1.20.1-2.9.0.8 has initialized. Ready to power up your game!
[19Oct2025 17:23:27.449] [modloading-worker-0/INFO] [com.teampotato.redirector.Redirector/]: Redirecting net/blay09/mods/balm/api/event/TickPhase
[19Oct2025 17:23:27.457] [modloading-worker-0/INFO] [com.teampotato.redirector.Redirector/]: Redirecting net/blay09/mods/balm/api/event/EventPriority
[19Oct2025 17:23:27.461] [modloading-worker-0/INFO] [com.teampotato.redirector.Redirector/]: Redirecting com/majruszsdifficulty/items/CustomArmorMaterial
[19Oct2025 17:23:27.463] [modloading-worker-0/INFO] [com.teampotato.redirector.Redirector/]: Redirecting com/majruszsdifficulty/items/CustomItemTier
[19Oct2025 17:23:27.486] [modloading-worker-0/INFO] [com.teampotato.redirector.Redirector/]: Redirecting net/blay09/mods/balm/config/ExampleConfigData$ExampleEnum
[19Oct2025 17:23:27.490] [modloading-worker-0/INFO] [com.teampotato.redirector.Redirector/]: Redirecting com/majruszsdifficulty/items/SoulJar$BonusType
[19Oct2025 17:23:27.507] [modloading-worker-0/INFO] [com.teampotato.redirector.Redirector/]: Redirecting net/minecraftforge/common/capabilities/CapabilityManager
[19Oct2025 17:23:27.522] [modloading-worker-0/INFO] [com.teampotato.redirector.Redirector/]: Redirecting com/teamresourceful/resourcefulconfig/common/config/EntryType
[19Oct2025 17:23:27.562] [modloading-worker-0/INFO] [com.teampotato.redirector.Redirector/]: Redirecting com/majruszsdifficulty/undeadarmy/UndeadArmy$Direction
[19Oct2025 17:23:27.563] [modloading-worker-0/INFO] [com.teampotato.redirector.Redirector/]: Redirecting com/majruszsdifficulty/undeadarmy/UndeadArmy$Phase$State
[19Oct2025 17:23:27.572] [modloading-worker-0/INFO] [com.teampotato.redirector.Redirector/]: Redirecting tictim/paraglider/api/plugin/ConflictResolver$Resolution
[19Oct2025 17:23:27.593] [modloading-worker-0/INFO] [com.teampotato.redirector.Redirector/]: Redirecting tictim/paraglider/impl/movement/PlayerStateMapLoader$State$CheckStatus
[19Oct2025 17:23:27.650] [modloading-worker-0/INFO] [com.teampotato.redirector.Redirector/]: Redirecting tictim/paraglider/forge/contents/ConfigConditionSerializer
[19Oct2025 17:23:27.684] [modloading-worker-0/INFO] [com.teampotato.redirector.Redirector/]: Redirecting me/jellysquid/mods/sodium/client/gui/SodiumGameOptions$GraphicsQuality
[19Oct2025 17:23:27.715] [modloading-worker-0/INFO] [com.teampotato.redirector.Redirector/]: Redirecting tictim/paraglider/config/Cfg$TotwCompatConfigOption
[19Oct2025 17:23:27.973] [modloading-worker-0/INFO] [com.teampotato.redirector.Redirector/]: Redirecting net/minecraft/world/entity/Entity$RemovalReason
[19Oct2025 17:23:27.974] [modloading-worker-0/INFO] [com.teampotato.redirector.Redirector/]: Redirecting net/minecraft/world/entity/MoverType
[19Oct2025 17:23:27.977] [modloading-worker-0/INFO] [com.teampotato.redirector.Redirector/]: Redirecting net/minecraft/world/entity/Entity$MovementEmission
[19Oct2025 17:23:28.033] [modloading-worker-0/INFO] [com.teampotato.redirector.Redirector/]: Redirecting net/minecraft/world/level/block/Rotation
[19Oct2025 17:23:28.039] [modloading-worker-0/INFO] [com.teampotato.redirector.Redirector/]: Redirecting net/minecraft/world/level/block/Mirror
[19Oct2025 17:23:28.042] [modloading-worker-0/INFO] [com.teampotato.redirector.Redirector/]: Redirecting net/minecraft/commands/arguments/EntityAnchorArgument$Anchor
[19Oct2025 17:23:28.080] [modloading-worker-0/INFO] [com.teampotato.redirector.Redirector/]: Redirecting net/minecraft/world/level/levelgen/OreVeinifier$VeinType
[19Oct2025 17:23:28.089] [modloading-worker-0/INFO] [com.teampotato.redirector.Redirector/]: Redirecting com/legacy/dungeons_plus/structures/reanimated_ruins/ReanimatedRuinsType
[19Oct2025 17:23:28.097] [modloading-worker-0/WARN] [mixin/]: @ModifyConstant conflict. Skipping integrated_api-common.mixins.json:structures.JigsawPlacementUnlimit->@ModifyConstant::changeMaxGenDistance(I)I with priority 900, already redirected by hugestructureblocks.mixins.json:structure.JigsawPlacementUnlimit->@ModifyConstant::changeMaxGenDistance(I)I with priority 999
[19Oct2025 17:23:28.117] [modloading-worker-0/INFO] [com.teampotato.redirector.Redirector/]: Redirecting top/theillusivec4/curios/client/CuriosClientConfig$Client$ButtonCorner
[19Oct2025 17:23:28.121] [modloading-worker-0/INFO] [com.teampotato.redirector.Redirector/]: Redirecting top/theillusivec4/curios/common/CuriosConfig$KeepCurios
[19Oct2025 17:23:28.126] [modloading-worker-0/INFO] [io.github.apace100.origins.Origins/]: Origins 1.20.1-1.10.0.9 is initializing. Have fun!
[19Oct2025 17:23:28.158] [modloading-worker-0/INFO] [com.teampotato.redirector.Redirector/]: Redirecting net/minecraft/world/entity/MobSpawnType
[19Oct2025 17:23:28.170] [modloading-worker-0/INFO] [com.teampotato.redirector.Redirector/]: Redirecting net/minecraft/world/level/GameType
[19Oct2025 17:23:28.184] [modloading-worker-0/INFO] [com.teampotato.redirector.Redirector/]: Redirecting net/minecraft/world/entity/HumanoidArm
[19Oct2025 17:23:28.230] [modloading-worker-0/INFO] [insane96mcp.insanelib.InsaneLib/]: Found (COMMON) InsaneLib Feature class insane96mcp.enhancedai.modules.witch.WitchFleeTarget
[19Oct2025 17:23:28.245] [modloading-worker-0/INFO] [insane96mcp.insanelib.InsaneLib/]: Found (COMMON) InsaneLib Feature class insane96mcp.enhancedai.modules.witch.throwing.WitchPotionThrowing
[19Oct2025 17:23:28.246] [modloading-worker-0/INFO] [com.teampotato.redirector.Redirector/]: Redirecting net/minecraft/world/inventory/ClickType
[19Oct2025 17:23:28.246] [modloading-worker-0/INFO] [com.teampotato.redirector.Redirector/]: Redirecting fr/rakambda/fallingtree/common/config/enums/BreakMode
[19Oct2025 17:23:28.248] [modloading-worker-0/INFO] [com.teampotato.redirector.Redirector/]: Redirecting fr/rakambda/fallingtree/common/config/enums/DetectionMode
[19Oct2025 17:23:28.249] [modloading-worker-0/INFO] [com.teampotato.redirector.Redirector/]: Redirecting fr/rakambda/fallingtree/common/config/enums/MaxSizeAction
[19Oct2025 17:23:28.249] [modloading-worker-0/INFO] [com.teampotato.redirector.Redirector/]: Redirecting fr/rakambda/fallingtree/common/config/enums/BreakOrder
[19Oct2025 17:23:28.252] [modloading-worker-0/INFO] [insane96mcp.insanelib.InsaneLib/]: Found (COMMON) InsaneLib Feature class insane96mcp.enhancedai.modules.witch.ThirstyWitches
[19Oct2025 17:23:28.253] [modloading-worker-0/INFO] [insane96mcp.insanelib.InsaneLib/]: Found (COMMON) InsaneLib Feature class insane96mcp.enhancedai.modules.witch.darkart.DarkArtWitch
[19Oct2025 17:23:28.254] [modloading-worker-0/INFO] [com.teampotato.redirector.Redirector/]: Redirecting fr/rakambda/fallingtree/common/config/enums/AdjacentStopMode
[19Oct2025 17:23:28.257] [modloading-worker-0/INFO] [com.teampotato.redirector.Redirector/]: Redirecting fr/rakambda/fallingtree/common/config/enums/DamageRounding
[19Oct2025 17:23:28.258] [modloading-worker-0/INFO] [insane96mcp.insanelib.InsaneLib/]: Found (COMMON) InsaneLib Feature class insane96mcp.enhancedai.modules.warden.Warden
[19Oct2025 17:23:28.259] [modloading-worker-0/INFO] [insane96mcp.insanelib.InsaneLib/]: Found (COMMON) InsaneLib Feature class insane96mcp.enhancedai.modules.villager.VillagerAttacking
[19Oct2025 17:23:28.260] [modloading-worker-0/INFO] [com.teampotato.redirector.Redirector/]: Redirecting fr/rakambda/fallingtree/common/config/enums/SneakMode
[19Oct2025 17:23:28.264] [modloading-worker-0/INFO] [insane96mcp.insanelib.InsaneLib/]: Found (COMMON) InsaneLib Feature class insane96mcp.enhancedai.modules.spider.webber.ThrowingWeb
[19Oct2025 17:23:28.268] [modloading-worker-0/INFO] [insane96mcp.insanelib.InsaneLib/]: Found (COMMON) InsaneLib Feature class insane96mcp.enhancedai.modules.spider.Misc
[19Oct2025 17:23:28.274] [modloading-worker-0/INFO] [com.teampotato.redirector.Redirector/]: Redirecting fr/rakambda/fallingtree/common/config/enums/NotificationMode
[19Oct2025 17:23:28.278] [modloading-worker-0/INFO] [insane96mcp.insanelib.InsaneLib/]: Found (COMMON) InsaneLib Feature class insane96mcp.enhancedai.modules.slime.Slimes
[19Oct2025 17:23:28.278] [modloading-worker-0/INFO] [insane96mcp.insanelib.InsaneLib/]: Found (COMMON) InsaneLib Feature class insane96mcp.enhancedai.modules.skeleton.WitherSkeletons
[19Oct2025 17:23:28.281] [modloading-worker-0/INFO] [insane96mcp.insanelib.InsaneLib/]: Found (COMMON) InsaneLib Feature class insane96mcp.enhancedai.modules.skeleton.SkeletonFleeTarget
[19Oct2025 17:23:28.283] [modloading-worker-0/INFO] [insane96mcp.insanelib.InsaneLib/]: Found (COMMON) InsaneLib Feature class insane96mcp.enhancedai.modules.skeleton.shoot.SkeletonShoot
[19Oct2025 17:23:28.288] [modloading-worker-0/INFO] [insane96mcp.insanelib.InsaneLib/]: Found (COMMON) InsaneLib Feature class insane96mcp.enhancedai.modules.shulker.ShulkerBullets
[19Oct2025 17:23:28.291] [modloading-worker-0/INFO] [insane96mcp.insanelib.InsaneLib/]: Found (COMMON) InsaneLib Feature class insane96mcp.enhancedai.modules.shulker.shulkerattack.ShulkerAttack
[19Oct2025 17:23:28.294] [modloading-worker-0/INFO] [insane96mcp.insanelib.InsaneLib/]: Found (COMMON) InsaneLib Feature class insane96mcp.enhancedai.modules.shulker.ShulkerArmor
[19Oct2025 17:23:28.295] [modloading-worker-0/INFO] [insane96mcp.insanelib.InsaneLib/]: Found (COMMON) InsaneLib Feature class insane96mcp.enhancedai.modules.pets.Wolves
[19Oct2025 17:23:28.297] [modloading-worker-0/INFO] [insane96mcp.insanelib.InsaneLib/]: Found (COMMON) InsaneLib Feature class insane96mcp.enhancedai.modules.pets.snowgolem.SnowGolems
[19Oct2025 17:23:28.299] [modloading-worker-0/INFO] [com.teampotato.redirector.Redirector/]: Redirecting fr/rakambda/fallingtree/common/wrapper/DirectionCompat
[19Oct2025 17:23:28.303] [modloading-worker-0/INFO] [insane96mcp.insanelib.InsaneLib/]: Found (COMMON) InsaneLib Feature class insane96mcp.enhancedai.modules.pets.IronGolems
[19Oct2025 17:23:28.306] [modloading-worker-0/INFO] [insane96mcp.insanelib.InsaneLib/]: Found (COMMON) InsaneLib Feature class insane96mcp.enhancedai.modules.mobs.WardenInteractions
[19Oct2025 17:23:28.315] [modloading-worker-0/INFO] [insane96mcp.insanelib.InsaneLib/]: Found (COMMON) InsaneLib Feature class insane96mcp.enhancedai.modules.mobs.targeting.Targeting
[19Oct2025 17:23:28.322] [modloading-worker-0/INFO] [com.teampotato.redirector.Redirector/]: Redirecting insane96mcp/insanelib/data/IdTagMatcher$Type
[19Oct2025 17:23:28.337] [modloading-worker-0/INFO] [insane96mcp.insanelib.InsaneLib/]: Found (COMMON) InsaneLib Feature class insane96mcp.enhancedai.modules.mobs.Spawning
[19Oct2025 17:23:28.338] [modloading-worker-0/INFO] [insane96mcp.insanelib.InsaneLib/]: Found (COMMON) InsaneLib Feature class insane96mcp.enhancedai.modules.mobs.riding.Riding
[19Oct2025 17:23:28.342] [modloading-worker-0/INFO] [insane96mcp.insanelib.InsaneLib/]: Found (COMMON) InsaneLib Feature class insane96mcp.enhancedai.modules.mobs.pearler.PearlerMobs
[19Oct2025 17:23:28.344] [modloading-worker-0/INFO] [insane96mcp.insanelib.InsaneLib/]: Found (COMMON) InsaneLib Feature class insane96mcp.enhancedai.modules.mobs.OpenDoors
[19Oct2025 17:23:28.348] [modloading-worker-0/INFO] [insane96mcp.insanelib.InsaneLib/]: Found (COMMON) InsaneLib Feature class insane96mcp.enhancedai.modules.mobs.movement.Movement
[19Oct2025 17:23:28.353] [modloading-worker-0/INFO] [insane96mcp.insanelib.InsaneLib/]: Found (COMMON) InsaneLib Feature class insane96mcp.enhancedai.modules.mobs.miner.MinerMobs
[19Oct2025 17:23:28.357] [modloading-worker-0/INFO] [insane96mcp.insanelib.InsaneLib/]: Found (COMMON) InsaneLib Feature class insane96mcp.enhancedai.modules.mobs.MeleeAttacking
[19Oct2025 17:23:28.360] [modloading-worker-0/INFO] [insane96mcp.insanelib.InsaneLib/]: Found (COMMON) InsaneLib Feature class insane96mcp.enhancedai.modules.mobs.leap.Leap
[19Oct2025 17:23:28.364] [modloading-worker-0/INFO] [insane96mcp.insanelib.InsaneLib/]: Found (COMMON) InsaneLib Feature class insane96mcp.enhancedai.modules.mobs.ItemDisruption
[19Oct2025 17:23:28.367] [modloading-worker-0/INFO] [insane96mcp.insanelib.InsaneLib/]: Found (COMMON) InsaneLib Feature class insane96mcp.enhancedai.modules.mobs.flee.Flee
[19Oct2025 17:23:28.372] [modloading-worker-0/INFO] [com.teampotato.redirector.Redirector/]: Redirecting net/minecraft/world/level/GameRules$Category
[19Oct2025 17:23:28.379] [modloading-worker-0/INFO] [insane96mcp.insanelib.InsaneLib/]: Found (COMMON) InsaneLib Feature class insane96mcp.enhancedai.modules.mobs.fisher.FisherMobs
[19Oct2025 17:23:28.384] [modloading-worker-0/INFO] [insane96mcp.insanelib.InsaneLib/]: Found (COMMON) InsaneLib Feature class insane96mcp.enhancedai.modules.mobs.breakanger.BreakAnger
[19Oct2025 17:23:28.391] [modloading-worker-0/INFO] [insane96mcp.insanelib.InsaneLib/]: Found (COMMON) InsaneLib Feature class insane96mcp.enhancedai.modules.mobs.BitingMobs
[19Oct2025 17:23:28.396] [modloading-worker-0/INFO] [insane96mcp.insanelib.InsaneLib/]: Found (COMMON) InsaneLib Feature class insane96mcp.enhancedai.modules.mobs.avoidexplosions.AvoidExplosions
[19Oct2025 17:23:28.398] [modloading-worker-0/INFO] [com.teampotato.redirector.Redirector/]: Redirecting com/majruszlibrary/animations/AnimationsDef$Easing
[19Oct2025 17:23:28.400] [modloading-worker-0/INFO] [insane96mcp.insanelib.InsaneLib/]: Found (COMMON) InsaneLib Feature class insane96mcp.enhancedai.modules.mobs.avoidexplosion.AvoidExplosions
[19Oct2025 17:23:28.401] [modloading-worker-0/INFO] [com.teampotato.redirector.Redirector/]: Redirecting net/minecraft/server/packs/PackType
[19Oct2025 17:23:28.402] [modloading-worker-0/INFO] [com.teampotato.redirector.Redirector/]: Redirecting net/minecraft/server/packs/repository/Pack$Position
[19Oct2025 17:23:28.404] [modloading-worker-0/INFO] [insane96mcp.insanelib.InsaneLib/]: Found (COMMON) InsaneLib Feature class insane96mcp.enhancedai.modules.mobs.anticheese.AntiCheese
[19Oct2025 17:23:28.407] [modloading-worker-0/INFO] [insane96mcp.insanelib.InsaneLib/]: Found (COMMON) InsaneLib Feature class insane96mcp.enhancedai.modules.illager.shoot.PillagerShoot
[19Oct2025 17:23:28.427] [modloading-worker-0/INFO] [insane96mcp.insanelib.InsaneLib/]: Found (COMMON) InsaneLib Feature class insane96mcp.enhancedai.modules.illager.RavagerFeature
[19Oct2025 17:23:28.430] [modloading-worker-0/INFO] [insane96mcp.insanelib.InsaneLib/]: Found (COMMON) InsaneLib Feature class insane96mcp.enhancedai.modules.illager.PillagerFleeTarget
[19Oct2025 17:23:28.432] [modloading-worker-0/INFO] [insane96mcp.insanelib.InsaneLib/]: Found (COMMON) InsaneLib Feature class insane96mcp.enhancedai.modules.ghast.GhastShoot
[19Oct2025 17:23:28.434] [modloading-worker-0/INFO] [insane96mcp.insanelib.InsaneLib/]: Found (COMMON) InsaneLib Feature class insane96mcp.enhancedai.modules.enderman.getoverhere.GetOverHere
[19Oct2025 17:23:28.435] [modloading-worker-0/INFO] [insane96mcp.insanelib.InsaneLib/]: Found (COMMON) InsaneLib Feature class insane96mcp.enhancedai.modules.drowned.DrownedSwimming
[19Oct2025 17:23:28.438] [modloading-worker-0/INFO] [insane96mcp.insanelib.InsaneLib/]: Found (COMMON) InsaneLib Feature class insane96mcp.enhancedai.modules.creeper.CreeperSwell
[19Oct2025 17:23:28.451] [modloading-worker-0/INFO] [com.teampotato.redirector.Redirector/]: Redirecting insane96mcp/enhancedai/modules/creeper/CreeperSwell$AngryCreeperSounds
[19Oct2025 17:23:28.466] [modloading-worker-0/INFO] [insane96mcp.insanelib.InsaneLib/]: Found (COMMON) InsaneLib Feature class insane96mcp.enhancedai.modules.bugs.silverfish.SilverfishFeature
[19Oct2025 17:23:28.468] [modloading-worker-0/INFO] [insane96mcp.insanelib.InsaneLib/]: Found (COMMON) InsaneLib Feature class insane96mcp.enhancedai.modules.blaze.BlazeAttack
[19Oct2025 17:23:28.473] [modloading-worker-0/INFO] [insane96mcp.insanelib.InsaneLib/]: Found (COMMON) InsaneLib Feature class insane96mcp.enhancedai.modules.animal.NotTemptedAnimals
[19Oct2025 17:23:28.476] [modloading-worker-0/INFO] [insane96mcp.insanelib.InsaneLib/]: Found (COMMON) InsaneLib Feature class insane96mcp.enhancedai.modules.animal.AnimalsGroupFlee
[19Oct2025 17:23:28.479] [modloading-worker-0/INFO] [insane96mcp.insanelib.InsaneLib/]: Found (COMMON) InsaneLib Feature class insane96mcp.enhancedai.modules.animal.AnimalScaredAttack
[19Oct2025 17:23:28.788] [Thread-3/INFO] [com.teampotato.redirector.Redirector/]: Redirecting io/github/flemmli97/tenshilib/patreon/RenderLocation
[19Oct2025 17:23:28.823] [modloading-worker-0/INFO] [com.teampotato.redirector.Redirector/]: Redirecting net/minecraftforge/event/entity/player/PlayerInteractEvent$LeftClickBlock$Action
[19Oct2025 17:23:28.862] [modloading-worker-0/INFO] [com.jtorleonstudios.libraryferret.LibraryFerret/]: Initialize mod Library Ferret
[19Oct2025 17:23:28.883] [modloading-worker-0/INFO] [com.teampotato.redirector.Redirector/]: Redirecting virtuoel/pehkui/server/command/DebugCommand$PacketType
[19Oct2025 17:23:28.887] [modloading-worker-0/INFO] [com.jtorleonstudios.libraryferret.LibraryFerret/]: Initialized mod Library Ferret
[19Oct2025 17:23:28.913] [modloading-worker-0/INFO] [com.teampotato.redirector.Redirector/]: Redirecting dev/architectury/networking/NetworkManager$Side
[19Oct2025 17:23:28.920] [modloading-worker-0/INFO] [dev.architectury.networking.forge.NetworkManagerImpl/]: Registering C2S receiver with id architectury:sync_ids
[19Oct2025 17:23:28.922] [modloading-worker-0/INFO] [dev.architectury.networking.forge.NetworkManagerImpl/]: Registering C2S receiver with id aaa_particles:main/2b101225a0983c178c43c737d76def52
[19Oct2025 17:23:28.928] [modloading-worker-0/INFO] [com.teampotato.redirector.Redirector/]: Redirecting dev/architectury/utils/Env
[19Oct2025 17:23:28.929] [modloading-worker-0/INFO] [com.teampotato.redirector.Redirector/]: Redirecting mod/chloeprime/aaaparticles/api/client/effekseer/ParticleEmitter$Type
[19Oct2025 17:23:28.931] [modloading-worker-0/INFO] [dev.architectury.networking.forge.NetworkManagerImpl/]: Registering C2S receiver with id aaa_particles:main/878ba3ad853235668eff51eb0a40c900
[19Oct2025 17:23:28.932] [modloading-worker-0/INFO] [dev.architectury.networking.forge.NetworkManagerImpl/]: Registering C2S receiver with id aaa_particles:main/878ba3ad853235668eff51eb0a40c900
[19Oct2025 17:23:28.934] [modloading-worker-0/INFO] [dev.architectury.networking.forge.NetworkManagerImpl/]: Registering C2S receiver with id aaa_particles:main/9b5bc39f00d53db2acf81d859b596583
[19Oct2025 17:23:28.976] [modloading-worker-0/INFO] [net.minecraftforge.common.ForgeMod/FORGEMOD]: Forge mod loading, version 47.4.10, for MC 1.20.1 with MCP 20230612.114412
[19Oct2025 17:23:28.976] [modloading-worker-0/INFO] [net.minecraftforge.common.MinecraftForge/FORGE]: MinecraftForge v47.4.10 Initialized
[19Oct2025 17:23:29.003] [modloading-worker-0/INFO] [graveyard/]: Registered JSON trade offer adapter.
[19Oct2025 17:23:29.017] [modloading-worker-0/INFO] [com.teampotato.redirector.Redirector/]: Redirecting net/minecraft/world/item/ItemDisplayContext
[19Oct2025 17:23:29.094] [modloading-worker-0/INFO] [com.teampotato.redirector.Redirector/]: Redirecting net/bettercombat/logic/TargetHelper$Relation
[19Oct2025 17:23:29.111] [modloading-worker-0/INFO] [com.teampotato.redirector.Redirector/]: Redirecting com/blamejared/crafttweaker/platform/sides/DistributionType
[19Oct2025 17:23:29.117] [modloading-worker-0/INFO] [com.teampotato.redirector.Redirector/]: Redirecting com/blamejared/crafttweaker/api/util/HandleUtil$AccessType
[19Oct2025 17:23:29.133] [modloading-worker-0/INFO] [com.teampotato.redirector.Redirector/]: Redirecting com/blamejared/crafttweaker/api/ingredient/type/IIngredientAny
[19Oct2025 17:23:29.136] [modloading-worker-0/INFO] [com.teampotato.redirector.Redirector/]: Redirecting com/blamejared/crafttweaker/api/ingredient/serializer/IngredientAnySerializer
[19Oct2025 17:23:29.138] [modloading-worker-0/INFO] [com.teampotato.redirector.Redirector/]: Redirecting com/blamejared/crafttweaker/api/ingredient/serializer/IngredientListSerializer
[19Oct2025 17:23:29.151] [modloading-worker-0/INFO] [com.teampotato.redirector.Redirector/]: Redirecting com/blamejared/crafttweaker/api/ingredient/serializer/IngredientTransformedSerializer
[19Oct2025 17:23:29.156] [modloading-worker-0/INFO] [com.teampotato.redirector.Redirector/]: Redirecting com/blamejared/crafttweaker/api/ingredient/serializer/IngredientConditionedSerializer
[19Oct2025 17:23:29.157] [modloading-worker-0/INFO] [com.teampotato.redirector.Redirector/]: Redirecting com/blamejared/crafttweaker/api/ingredient/serializer/IngredientPartialTagSerializer
[19Oct2025 17:23:29.180] [modloading-worker-0/INFO] [com.teampotato.redirector.Redirector/]: Redirecting net/bettercombat/Platform$Type
[19Oct2025 17:23:29.222] [modloading-worker-0/INFO] [com.teampotato.redirector.Redirector/]: Redirecting net/minecraft/world/level/saveddata/maps/MapDecoration$Type
[19Oct2025 17:23:29.235] [modloading-worker-0/INFO] [com.teampotato.redirector.Redirector/]: Redirecting net/minecraft/world/damagesource/DeathMessageType
[19Oct2025 17:23:29.239] [modloading-worker-0/INFO] [com.teampotato.redirector.Redirector/]: Redirecting net/minecraft/world/damagesource/DamageScaling
[19Oct2025 17:23:29.241] [modloading-worker-0/INFO] [com.teampotato.redirector.Redirector/]: Redirecting net/minecraft/world/damagesource/DamageEffects
[19Oct2025 17:23:29.273] [modloading-worker-0/INFO] [com.teampotato.redirector.Redirector/]: Redirecting net/minecraft/world/Difficulty
[19Oct2025 17:23:29.334] [modloading-worker-0/INFO] [com.teampotato.redirector.Redirector/]: Redirecting com/mojang/math/OctahedralGroup
[19Oct2025 17:23:29.347] [modloading-worker-0/INFO] [com.teampotato.redirector.Redirector/]: Redirecting net/minecraft/core/AxisCycle
[19Oct2025 17:23:29.360] [modloading-worker-0/INFO] [com.teampotato.redirector.Redirector/]: Redirecting net/minecraft/world/phys/HitResult$Type
[19Oct2025 17:23:29.437] [modloading-worker-0/INFO] [Calio/]: Calio 1.20.1-1.11.0.5 initializing...
[19Oct2025 17:23:29.486] [modloading-worker-0/INFO] [com.teampotato.redirector.Redirector/]: Redirecting com/jozufozu/flywheel/config/BackendType
[19Oct2025 17:23:29.546] [modloading-worker-0/INFO] [com.teampotato.redirector.Redirector/]: Redirecting org/violetmoon/zeta/util/ZetaSide
[19Oct2025 17:23:29.587] [modloading-worker-0/INFO] [com.teampotato.redirector.Redirector/]: Redirecting net/minecraft/world/entity/SpawnPlacements$Type
[19Oct2025 17:23:29.598] [modloading-worker-0/WARN] [dev.xylonity.explosiveenhancement.ExplosiveEnhancement/]: Explosive Enhancement: Reforged won't be loaded as it should be initialized on the client side.
[19Oct2025 17:23:29.599] [modloading-worker-0/INFO] [Medieval Origins Revival/]: Loading Medieval Origins
[19Oct2025 17:23:29.639] [modloading-worker-0/INFO] [com.teampotato.redirector.Redirector/]: Redirecting net/minecraftforge/event/entity/living/LivingChangeTargetEvent$LivingTargetType
[19Oct2025 17:23:29.666] [modloading-worker-0/INFO] [com.teampotato.redirector.Redirector/]: Redirecting net/minecraftforge/event/entity/player/AdvancementEvent$AdvancementProgressEvent$ProgressType
[19Oct2025 17:23:29.681] [modloading-worker-0/INFO] [com.teampotato.redirector.Redirector/]: Redirecting net/minecraftforge/event/level/PistonEvent$PistonMoveType
[19Oct2025 17:23:29.685] [modloading-worker-0/INFO] [com.teampotato.redirector.Redirector/]: Redirecting net/p3pp3rf1y/sophisticatedcore/client/gui/SortButtonsPosition
[19Oct2025 17:23:29.685] [modloading-worker-0/INFO] [com.teampotato.redirector.Redirector/]: Redirecting org/violetmoon/zeta/network/ZetaNetworkDirection
[19Oct2025 17:23:29.710] [modloading-worker-0/INFO] [insane96mcp.insanelib.InsaneLib/]: Found (COMMON) InsaneLib Feature class insane96mcp.insanelib.module.base.TagsFeature
[19Oct2025 17:23:29.716] [modloading-worker-0/INFO] [insane96mcp.insanelib.InsaneLib/]: Found (COMMON) InsaneLib Feature class insane96mcp.insanelib.module.base.FixFeature
[19Oct2025 17:23:29.718] [modloading-worker-0/INFO] [com.teampotato.redirector.Redirector/]: Redirecting net/minecraft/world/entity/player/Player$BedSleepingProblem
[19Oct2025 17:23:29.721] [modloading-worker-0/INFO] [insane96mcp.insanelib.InsaneLib/]: Found (COMMON) InsaneLib Feature class insane96mcp.insanelib.module.base.BaseFeature
[19Oct2025 17:23:29.725] [modloading-worker-0/INFO] [insane96mcp.insanelib.InsaneLib/]: Found (COMMON) InsaneLib Feature class insane96mcp.insanelib.module.base.AEC3DFeature
[19Oct2025 17:23:29.750] [modloading-worker-0/INFO] [com.teampotato.redirector.Redirector/]: Redirecting net/minecraftforge/fluids/capability/IFluidHandler$FluidAction
[19Oct2025 17:23:29.769] [modloading-worker-0/INFO] [com.teampotato.redirector.Redirector/]: Redirecting net/minecraft/advancements/FrameType
[19Oct2025 17:23:29.785] [modloading-worker-0/INFO] [com.teampotato.redirector.Redirector/]: Redirecting com/blamejared/crafttweaker/impl/event/ZenEventPhase
[19Oct2025 17:23:29.794] [modloading-worker-0/INFO] [com.teampotato.redirector.Redirector/]: Redirecting net/minecraft/world/item/FireworkRocketItem$Shape
[19Oct2025 17:23:29.809] [modloading-worker-0/INFO] [coroutil/]: forge loader environment detected
[19Oct2025 17:23:29.826] [modloading-worker-0/INFO] [com.teampotato.redirector.Redirector/]: Redirecting com/blamejared/crafttweaker/api/recipe/manager/StoneCutterManager
[19Oct2025 17:23:29.827] [modloading-worker-0/INFO] [com.teampotato.redirector.Redirector/]: Redirecting com/blamejared/crafttweaker/api/recipe/manager/SmokerRecipeManager
[19Oct2025 17:23:29.828] [modloading-worker-0/INFO] [com.teampotato.redirector.Redirector/]: Redirecting com/blamejared/crafttweaker/api/recipe/manager/SmithingRecipeManager
[19Oct2025 17:23:29.829] [modloading-worker-0/INFO] [com.teampotato.redirector.Redirector/]: Redirecting com/blamejared/crafttweaker/api/recipe/manager/GenericRecipesManager
[19Oct2025 17:23:29.831] [modloading-worker-0/INFO] [com.teampotato.redirector.Redirector/]: Redirecting com/blamejared/crafttweaker/api/recipe/manager/FurnaceRecipeManager
[19Oct2025 17:23:29.832] [modloading-worker-0/INFO] [com.teampotato.redirector.Redirector/]: Redirecting com/blamejared/crafttweaker/api/recipe/manager/CraftingTableRecipeManager
[19Oct2025 17:23:29.836] [modloading-worker-0/INFO] [com.teampotato.redirector.Redirector/]: Redirecting com/blamejared/crafttweaker/api/recipe/manager/CampFireRecipeManager
[19Oct2025 17:23:29.836] [modloading-worker-0/INFO] [com.teampotato.redirector.Redirector/]: Redirecting com/blamejared/crafttweaker/api/recipe/manager/BlastFurnaceRecipeManager
[19Oct2025 17:23:29.842] [modloading-worker-0/INFO] [com.teampotato.redirector.Redirector/]: Redirecting com/blamejared/crafttweaker/api/recipe/MirrorAxis
[19Oct2025 17:23:29.848] [modloading-worker-0/INFO] [com.teampotato.redirector.Redirector/]: Redirecting com/blamejared/crafttweaker/api/loot/table/LootTableManager
[19Oct2025 17:23:29.853] [modloading-worker-0/INFO] [com.teampotato.redirector.Redirector/]: Redirecting com/blamejared/crafttweaker/api/loot/modifier/LootModifierManager
[19Oct2025 17:23:29.860] [modloading-worker-0/INFO] [com.teampotato.redirector.Redirector/]: Redirecting com/blamejared/crafttweaker/api/loot/LootManager
[19Oct2025 17:23:29.871] [modloading-worker-0/INFO] [com.teampotato.redirector.Redirector/]: Redirecting com/blamejared/crafttweaker/api/ingredient/type/IIngredientEmpty
[19Oct2025 17:23:29.882] [modloading-worker-0/INFO] [com.teampotato.redirector.Redirector/]: Redirecting net/darkhax/bookshelf/api/PhysicalSide
[19Oct2025 17:23:29.887] [modloading-worker-0/INFO] [Bookshelf/]: Fixing MC-151457. Crafting remainder for minecraft:pufferfish_bucket is now minecraft:bucket.
[19Oct2025 17:23:29.892] [modloading-worker-0/INFO] [Bookshelf/]: Fixing MC-151457. Crafting remainder for minecraft:salmon_bucket is now minecraft:bucket.
[19Oct2025 17:23:29.895] [modloading-worker-0/INFO] [Bookshelf/]: Fixing MC-151457. Crafting remainder for minecraft:cod_bucket is now minecraft:bucket.
[19Oct2025 17:23:29.895] [modloading-worker-0/INFO] [Bookshelf/]: Fixing MC-151457. Crafting remainder for minecraft:tropical_fish_bucket is now minecraft:bucket.
[19Oct2025 17:23:29.895] [modloading-worker-0/INFO] [Bookshelf/]: Fixing MC-151457. Crafting remainder for minecraft:axolotl_bucket is now minecraft:bucket.
[19Oct2025 17:23:29.896] [modloading-worker-0/INFO] [Bookshelf/]: Fixing MC-151457. Crafting remainder for minecraft:powder_snow_bucket is now minecraft:bucket.
[19Oct2025 17:23:29.896] [modloading-worker-0/INFO] [Bookshelf/]: Fixing MC-151457. Crafting remainder for minecraft:tadpole_bucket is now minecraft:bucket.
[19Oct2025 17:23:29.898] [modloading-worker-0/INFO] [com.teampotato.redirector.Redirector/]: Redirecting net/darkhax/bookshelf/api/event/IEventHelper$Ordering
[19Oct2025 17:23:29.903] [modloading-worker-0/INFO] [com.teampotato.redirector.Redirector/]: Redirecting vectorwing/farmersdelight/client/recipebook/CookingPotRecipeBookTab
[19Oct2025 17:23:29.984] [modloading-worker-0/INFO] [com.teampotato.redirector.Redirector/]: Redirecting com/blamejared/crafttweaker/api/zencode/ZenTypeInfo$TypeKind
[19Oct2025 17:23:30.005] [modloading-worker-0/INFO] [com.teampotato.redirector.Redirector/]: Redirecting net/p3pp3rf1y/sophisticatedcore/upgrades/feeding/HungerLevel
[19Oct2025 17:23:30.019] [modloading-worker-0/INFO] [com.teampotato.redirector.Redirector/]: Redirecting net/p3pp3rf1y/sophisticatedbackpacks/upgrades/refill/RefillUpgradeWrapper$TargetSlot
[19Oct2025 17:23:30.031] [modloading-worker-0/INFO] [com.teampotato.redirector.Redirector/]: Redirecting tschipp/carryon/config/PropertyType
[19Oct2025 17:23:30.033] [modloading-worker-0/INFO] [com.teampotato.redirector.Redirector/]: Redirecting net/p3pp3rf1y/sophisticatedbackpacks/upgrades/inception/InventoryOrder
[19Oct2025 17:23:30.038] [modloading-worker-0/INFO] [com.teampotato.redirector.Redirector/]: Redirecting net/p3pp3rf1y/sophisticatedbackpacks/upgrades/toolswapper/ToolSwapMode
[19Oct2025 17:23:30.047] [modloading-worker-0/INFO] [com.teampotato.redirector.Redirector/]: Redirecting net/p3pp3rf1y/sophisticatedcore/upgrades/xppump/AutomationDirection
[19Oct2025 17:23:30.053] [modloading-worker-0/INFO] [com.teampotato.redirector.Redirector/]: Redirecting com/blamejared/crafttweaker/api/data/IData$Type
[19Oct2025 17:23:30.068] [modloading-worker-0/INFO] [com.teampotato.redirector.Redirector/]: Redirecting org/openzen/zenscript/codemodel/OperatorType
[19Oct2025 17:23:30.069] [modloading-worker-0/INFO] [com.teampotato.redirector.Redirector/]: Redirecting org/openzen/zenscript/codemodel/type/BasicTypeID
[19Oct2025 17:23:30.073] [modloading-worker-0/INFO] [com.teampotato.redirector.Redirector/]: Redirecting org/openzen/zencode/java/ZenCodeType$OperatorType
[19Oct2025 17:23:30.079] [modloading-worker-0/INFO] [com.teampotato.redirector.Redirector/]: Redirecting net/minecraft/world/inventory/RecipeBookType
[19Oct2025 17:23:30.093] [modloading-worker-0/INFO] [com.teampotato.redirector.Redirector/]: Redirecting com/blamejared/crafttweaker/api/ingredient/transform/serializer/TransformerReuseSerializer
[19Oct2025 17:23:30.132] [modloading-worker-0/INFO] [com.teampotato.redirector.Redirector/]: Redirecting com/blamejared/crafttweaker/api/event/Phase
[19Oct2025 17:23:30.170] [modloading-worker-0/INFO] [com.teampotato.redirector.Redirector/]: Redirecting dev/xkmc/cuisinedelight/init/registrate/PlateFood
[19Oct2025 17:23:30.215] [modloading-worker-0/INFO] [com.teampotato.redirector.Redirector/]: Redirecting dev/xkmc/cuisinedelight/init/data/LangData
[19Oct2025 17:23:30.281] [modloading-worker-0/INFO] [com.teampotato.redirector.Redirector/]: Redirecting net/valhelsia/valhelsia_core/api/common/registry/helper/block/ToolType
[19Oct2025 17:23:30.284] [modloading-worker-0/INFO] [com.teampotato.redirector.Redirector/]: Redirecting com/stal111/valhelsia_structures/core/init/ModBlocks$WoodType
[19Oct2025 17:23:30.340] [modloading-worker-0/INFO] [com.teampotato.redirector.Redirector/]: Redirecting com/mrcrayfish/furniture/refurbished/crafting/ProcessingRecipe$Category
[19Oct2025 17:23:30.414] [modloading-worker-0/INFO] [net.minecraftforge.coremod.CoreMod.apotheosis/COREMODLOG]: Replaced 1 calls to Enchantment#getMaxLevel() in net/minecraft/world/entity/npc/VillagerTrades$EnchantBookForEmeralds
[19Oct2025 17:23:30.414] [modloading-worker-0/INFO] [net.minecraftforge.coremod.CoreMod.apotheosis/COREMODLOG]: Replaced 1 calls to Enchantment#isTreasureOnly() in net/minecraft/world/entity/npc/VillagerTrades$EnchantBookForEmeralds
[19Oct2025 17:23:30.414] [modloading-worker-0/INFO] [net.minecraftforge.coremod.CoreMod.apotheosis/COREMODLOG]: Replaced 1 calls to Enchantment#isTradeable() in net/minecraft/world/entity/npc/VillagerTrades$EnchantBookForEmeralds
[19Oct2025 17:23:30.436] [modloading-worker-0/INFO] [com.teampotato.redirector.Redirector/]: Redirecting net/minecraft/world/inventory/ClickAction
[19Oct2025 17:23:30.438] [modloading-worker-0/INFO] [com.teampotato.redirector.Redirector/]: Redirecting top/theillusivec4/curios/api/type/capability/ICurio$DropRule
[19Oct2025 17:23:30.517] [modloading-worker-0/INFO] [com.teampotato.redirector.Redirector/]: Redirecting com/blamejared/crafttweaker/impl/network/message/ClientMessages
[19Oct2025 17:23:30.538] [modloading-worker-0/INFO] [com.teampotato.redirector.Redirector/]: Redirecting vazkii/patchouli/api/PatchouliConfigAccess$TextOverflowMode
[19Oct2025 17:23:30.545] [modloading-worker-0/INFO] [com.teampotato.redirector.Redirector/]: Redirecting com/cerbon/cerbons_api/api/multipart_entities/client/PlayerInteractMultipartEntity$InteractionType
[19Oct2025 17:23:30.554] [modloading-worker-0/INFO] [com.teampotato.redirector.Redirector/]: Redirecting nonamecrackers2/witherstormmod/common/entity/ai/witherstorm/ultimatetarget/UltimateTargetManager$TargetingType
[19Oct2025 17:23:30.561] [modloading-worker-0/INFO] [com.teampotato.redirector.Redirector/]: Redirecting nonamecrackers2/witherstormmod/common/util/ItemPreservationCondition
[19Oct2025 17:23:30.614] [modloading-worker-0/INFO] [dev.architectury.networking.forge.NetworkManagerImpl/]: Registering C2S receiver with id ftblibrary:edit_nbt_response
[19Oct2025 17:23:30.631] [modloading-worker-0/INFO] [com.teampotato.redirector.Redirector/]: Redirecting dev/ftb/mods/ftbteams/FTBTeamsAPIImpl
[19Oct2025 17:23:30.644] [modloading-worker-0/INFO] [dev.architectury.networking.forge.NetworkManagerImpl/]: Registering C2S receiver with id ftbteams:open_gui
[19Oct2025 17:23:30.647] [modloading-worker-0/INFO] [dev.architectury.networking.forge.NetworkManagerImpl/]: Registering C2S receiver with id ftbteams:update_settings
[19Oct2025 17:23:30.649] [modloading-worker-0/INFO] [dev.architectury.networking.forge.NetworkManagerImpl/]: Registering C2S receiver with id ftbteams:send_message
[19Oct2025 17:23:30.651] [modloading-worker-0/INFO] [dev.architectury.networking.forge.NetworkManagerImpl/]: Registering C2S receiver with id ftbteams:create_party
[19Oct2025 17:23:30.652] [modloading-worker-0/INFO] [com.teampotato.redirector.Redirector/]: Redirecting dev/ftb/mods/ftbteams/net/PlayerGUIOperationMessage$Operation
[19Oct2025 17:23:30.653] [modloading-worker-0/INFO] [dev.architectury.networking.forge.NetworkManagerImpl/]: Registering C2S receiver with id ftbteams:player_gui_operation
[19Oct2025 17:23:30.655] [modloading-worker-0/INFO] [com.cupboard.Cupboard/]: Loaded config for: cupboard.json
[19Oct2025 17:23:30.672] [modloading-worker-0/INFO] [com.teampotato.redirector.Redirector/]: Redirecting forge/io/github/akashiikun/mavm/AxolotlVariants
[19Oct2025 17:23:30.676] [modloading-worker-0/INFO] [com.teampotato.redirector.Redirector/]: Redirecting net/minecraft/world/entity/animal/axolotl/Axolotl$Variant
[19Oct2025 17:23:30.718] [modloading-worker-0/INFO] [com.teampotato.redirector.Redirector/]: Redirecting net/mehvahdjukaar/amendments/configs/CommonConfigs$MixingMode
[19Oct2025 17:23:30.718] [modloading-worker-0/INFO] [com.teampotato.redirector.Redirector/]: Redirecting net/mehvahdjukaar/amendments/common/entity/FallingLanternEntity$FallMode
[19Oct2025 17:23:30.719] [modloading-worker-0/INFO] [com.teampotato.redirector.Redirector/]: Redirecting net/mehvahdjukaar/moonlight/api/platform/configs/ConfigType
[19Oct2025 17:23:30.754] [modloading-worker-0/INFO] [com.teampotato.redirector.Redirector/]: Redirecting net/mehvahdjukaar/moonlight/api/platform/PlatHelper$Side
[19Oct2025 17:23:30.799] [modloading-worker-0/INFO] [com.teampotato.redirector.Redirector/]: Redirecting nonamecrackers2/witherstormmod/common/entity/CommandBlockEntity$Mode
[19Oct2025 17:23:30.800] [modloading-worker-0/INFO] [com.teampotato.redirector.Redirector/]: Redirecting net/mehvahdjukaar/moonlight/api/platform/RegHelper$VariantType
[19Oct2025 17:23:30.803] [modloading-worker-0/INFO] [com.teampotato.redirector.Redirector/]: Redirecting nonamecrackers2/witherstormmod/common/entity/CommandBlockEntity$State
[19Oct2025 17:23:30.804] [modloading-worker-0/INFO] [com.teampotato.redirector.Redirector/]: Redirecting nonamecrackers2/witherstormmod/common/entity/WitheredSymbiontEntity$BossfightStage
[19Oct2025 17:23:30.814] [modloading-worker-0/INFO] [com.teampotato.redirector.Redirector/]: Redirecting nonamecrackers2/witherstormmod/common/item/crafting/SuperBeaconRecipe$Condition
[19Oct2025 17:23:30.829] [modloading-worker-0/INFO] [com.teampotato.redirector.Redirector/]: Redirecting nonamecrackers2/witherstormmod/common/predicate/PredicateBuilder$Comparison
[19Oct2025 17:23:30.842] [modloading-worker-0/INFO] [com.teampotato.redirector.Redirector/]: Redirecting net/mehvahdjukaar/moonlight/api/platform/network/NetworkDir
[19Oct2025 17:23:30.879] [modloading-worker-0/INFO] [com.teampotato.redirector.Redirector/]: Redirecting dev/ftb/mods/ftbquests/FTBQuestsAPIImpl
[19Oct2025 17:23:30.884] [modloading-worker-0/INFO] [dev.architectury.networking.forge.NetworkManagerImpl/]: Registering C2S receiver with id itemfilters:main/14e7fa1454283aec8ae811ef844ada28
[19Oct2025 17:23:30.885] [modloading-worker-0/INFO] [dev.architectury.networking.forge.NetworkManagerImpl/]: Registering C2S receiver with id itemfilters:main/8f6a899247753217b9d86ab427a2b279
[19Oct2025 17:23:30.912] [modloading-worker-0/INFO] [com.teampotato.redirector.Redirector/]: Redirecting dev/ftb/mods/ftbxmodcompat/config/FTBXModConfig$StageSelector
[19Oct2025 17:23:30.921] [modloading-worker-0/INFO] [com.teampotato.redirector.Redirector/]: Redirecting dev/ftb/mods/ftbquests/integration/RecipeModHelper$Components
[19Oct2025 17:23:30.924] [modloading-worker-0/INFO] [com.teampotato.redirector.Redirector/]: Redirecting dev/ftb/mods/ftbxmodcompat/config/FTBXModConfig$PermSelector
[19Oct2025 17:23:30.948] [modloading-worker-0/INFO] [com.teampotato.redirector.Redirector/]: Redirecting net/blay09/mods/waystones/config/DimensionalWarp
[19Oct2025 17:23:30.948] [modloading-worker-0/INFO] [com.teampotato.redirector.Redirector/]: Redirecting net/blay09/mods/waystones/config/WorldGenStyle
[19Oct2025 17:23:30.949] [modloading-worker-0/INFO] [com.teampotato.redirector.Redirector/]: Redirecting net/blay09/mods/waystones/worldgen/namegen/NameGenerationMode
[19Oct2025 17:23:30.953] [modloading-worker-0/INFO] [com.teampotato.redirector.Redirector/]: Redirecting dev/ftb/mods/ftbquests/quest/task/ObservationTask$ObserveType
[19Oct2025 17:23:30.969] [modloading-worker-0/INFO] [com.teampotato.redirector.Redirector/]: Redirecting com/simibubi/create/AllTags$AllBlockTags
[19Oct2025 17:23:30.970] [modloading-worker-0/INFO] [com.teampotato.redirector.Redirector/]: Redirecting com/simibubi/create/AllTags$NameSpace
[19Oct2025 17:23:30.972] [modloading-worker-0/INFO] [com.teampotato.redirector.Redirector/]: Redirecting com/simibubi/create/AllTags$AllItemTags
[19Oct2025 17:23:30.973] [modloading-worker-0/INFO] [com.teampotato.redirector.Redirector/]: Redirecting com/simibubi/create/AllTags$AllFluidTags
[19Oct2025 17:23:30.974] [modloading-worker-0/INFO] [com.teampotato.redirector.Redirector/]: Redirecting com/simibubi/create/AllTags$AllEntityTags
[19Oct2025 17:23:30.978] [modloading-worker-0/INFO] [com.teampotato.redirector.Redirector/]: Redirecting com/simibubi/create/AllTags$AllRecipeSerializerTags
[19Oct2025 17:23:30.985] [modloading-worker-0/INFO] [dev.architectury.networking.forge.NetworkManagerImpl/]: Registering C2S receiver with id ftbquests:submit_task
[19Oct2025 17:23:30.985] [modloading-worker-0/INFO] [dev.architectury.networking.forge.NetworkManagerImpl/]: Registering C2S receiver with id ftbquests:claim_reward
[19Oct2025 17:23:30.991] [modloading-worker-0/INFO] [dev.architectury.networking.forge.NetworkManagerImpl/]: Registering C2S receiver with id ftbquests:get_emergency_items
[19Oct2025 17:23:30.993] [modloading-worker-0/INFO] [dev.architectury.networking.forge.NetworkManagerImpl/]: Registering C2S receiver with id ftbquests:claim_all_rewards
[19Oct2025 17:23:30.995] [modloading-worker-0/INFO] [dev.architectury.networking.forge.NetworkManagerImpl/]: Registering C2S receiver with id ftbquests:claim_choice_reward
[19Oct2025 17:23:30.998] [modloading-worker-0/INFO] [dev.architectury.networking.forge.NetworkManagerImpl/]: Registering C2S receiver with id ftbquests:toggle_pinned
[19Oct2025 17:23:30.999] [modloading-worker-0/INFO] [dev.architectury.networking.forge.NetworkManagerImpl/]: Registering C2S receiver with id ftbquests:toggle_chapter_pinned
[19Oct2025 17:23:31.002] [modloading-worker-0/INFO] [dev.architectury.networking.forge.NetworkManagerImpl/]: Registering C2S receiver with id ftbquests:toggle_editing_mode
[19Oct2025 17:23:31.003] [modloading-worker-0/INFO] [dev.architectury.networking.forge.NetworkManagerImpl/]: Registering C2S receiver with id ftbquests:force_save
[19Oct2025 17:23:31.004] [modloading-worker-0/INFO] [dev.architectury.networking.forge.NetworkManagerImpl/]: Registering C2S receiver with id ftbquests:set_custom_image
[19Oct2025 17:23:31.010] [modloading-worker-0/INFO] [dev.architectury.networking.forge.NetworkManagerImpl/]: Registering C2S receiver with id ftbquests:task_screen_config_resp
[19Oct2025 17:23:31.010] [modloading-worker-0/INFO] [dev.architectury.networking.forge.NetworkManagerImpl/]: Registering C2S receiver with id ftbquests:change_progress
[19Oct2025 17:23:31.011] [modloading-worker-0/INFO] [dev.architectury.networking.forge.NetworkManagerImpl/]: Registering C2S receiver with id ftbquests:create_object
[19Oct2025 17:23:31.012] [modloading-worker-0/INFO] [dev.architectury.networking.forge.NetworkManagerImpl/]: Registering C2S receiver with id ftbquests:create_task_at
[19Oct2025 17:23:31.013] [modloading-worker-0/INFO] [dev.architectury.networking.forge.NetworkManagerImpl/]: Registering C2S receiver with id ftbquests:delete_object
[19Oct2025 17:23:31.014] [modloading-worker-0/INFO] [dev.architectury.networking.forge.NetworkManagerImpl/]: Registering C2S receiver with id ftbquests:edit_object
[19Oct2025 17:23:31.016] [modloading-worker-0/INFO] [dev.architectury.networking.forge.NetworkManagerImpl/]: Registering C2S receiver with id ftbquests:move_chapter
[19Oct2025 17:23:31.017] [modloading-worker-0/INFO] [dev.architectury.networking.forge.NetworkManagerImpl/]: Registering C2S receiver with id ftbquests:move_quest
[19Oct2025 17:23:31.019] [modloading-worker-0/INFO] [dev.architectury.networking.forge.NetworkManagerImpl/]: Registering C2S receiver with id ftbquests:change_chapter_group
[19Oct2025 17:23:31.020] [modloading-worker-0/INFO] [dev.architectury.networking.forge.NetworkManagerImpl/]: Registering C2S receiver with id ftbquests:move_chapter_group
[19Oct2025 17:23:31.022] [modloading-worker-0/INFO] [dev.architectury.networking.forge.NetworkManagerImpl/]: Registering C2S receiver with id ftbquests:copy_quest
[19Oct2025 17:23:31.028] [modloading-worker-0/INFO] [dev.architectury.networking.forge.NetworkManagerImpl/]: Registering C2S receiver with id ftbquests:copy_chapter_image
[19Oct2025 17:23:31.029] [modloading-worker-0/INFO] [dev.architectury.networking.forge.NetworkManagerImpl/]: Registering C2S receiver with id ftbquests:sync_structures_request
[19Oct2025 17:23:31.035] [modloading-worker-0/INFO] [dev.architectury.networking.forge.NetworkManagerImpl/]: Registering C2S receiver with id ftbquests:request_team_data
[19Oct2025 17:23:31.038] [modloading-worker-0/INFO] [com.teampotato.redirector.Redirector/]: Redirecting dev/ftb/mods/ftbquests/FTBQuestsEventHandler
[19Oct2025 17:23:31.072] [modloading-worker-0/INFO] [com.teampotato.redirector.Redirector/]: Redirecting com/mrcrayfish/framework/api/config/ConfigType
[19Oct2025 17:23:31.073] [modloading-worker-0/INFO] [com.teampotato.redirector.Redirector/]: Redirecting com/mrcrayfish/framework/api/Environment
[19Oct2025 17:23:31.103] [modloading-worker-0/INFO] [com.teampotato.redirector.Redirector/]: Redirecting dev/ftb/mods/ftblibrary/config/Tristate
[19Oct2025 17:23:31.119] [modloading-worker-0/INFO] [com.teampotato.redirector.Redirector/]: Redirecting com/mrcrayfish/framework/platform/services/IPlatformHelper$Platform
[19Oct2025 17:23:31.126] [modloading-worker-0/INFO] [Dungeon Crawl/]: Here we go! Launching Dungeon Crawl 2.3.14...
[19Oct2025 17:23:31.138] [modloading-worker-0/INFO] [dev.architectury.networking.forge.NetworkManagerImpl/]: Registering C2S receiver with id magistuarmory:packet_long_reach_attack
[19Oct2025 17:23:31.144] [modloading-worker-0/INFO] [dev.architectury.networking.forge.NetworkManagerImpl/]: Registering C2S receiver with id magistuarmory:packet_lance_collision
[19Oct2025 17:23:31.231] [modloading-worker-0/INFO] [com.teampotato.redirector.Redirector/]: Redirecting com/faboslav/friendsandfoes/modcompat/ModCompat$Type
[19Oct2025 17:23:31.481] [modloading-worker-0/INFO] [com.teampotato.redirector.Redirector/]: Redirecting com/simibubi/create/content/kinetics/deployer/DeployerBlockEntity$Mode
[19Oct2025 17:23:31.509] [modloading-worker-0/INFO] [net.pixeldreamstudios.passiveskilltreeadditions.PassiveSkillTreeAdditions/]: Hello from Passive Skill Tree Additions!
[19Oct2025 17:23:31.597] [modloading-worker-0/INFO] [com.teampotato.redirector.Redirector/]: Redirecting com/simibubi/create/content/trains/signal/SignalBlock$SignalType
[19Oct2025 17:23:31.598] [modloading-worker-0/INFO] [com.teampotato.redirector.Redirector/]: Redirecting com/simibubi/create/content/trains/signal/SignalBlockEntity$SignalState
[19Oct2025 17:23:31.628] [modloading-worker-0/INFO] [quark/]: Initializing TerraBlender underground biome compat
[19Oct2025 17:23:31.635] [modloading-worker-0/INFO] [com.teampotato.redirector.Redirector/]: Redirecting org/violetmoon/zeta/multiloader/Env
[19Oct2025 17:23:31.639] [modloading-worker-0/INFO] [com.teampotato.redirector.Redirector/]: Redirecting daripher/skilltree/skill/bonus/condition/item/PotionCondition$Type
[19Oct2025 17:23:31.678] [modloading-worker-0/INFO] [com.teampotato.redirector.Redirector/]: Redirecting net/mehvahdjukaar/moonlight/api/platform/PlatHelper$Platform
[19Oct2025 17:23:31.683] [modloading-worker-0/INFO] [com.teampotato.redirector.Redirector/]: Redirecting net/mehvahdjukaar/supplementaries/common/block/blocks/BlackboardBlock$UseMode
[19Oct2025 17:23:31.702] [modloading-worker-0/INFO] [com.teampotato.redirector.Redirector/]: Redirecting net/mehvahdjukaar/supplementaries/configs/CommonConfigs$Hands
[19Oct2025 17:23:31.702] [modloading-worker-0/INFO] [com.teampotato.redirector.Redirector/]: Redirecting net/mehvahdjukaar/supplementaries/common/entities/BombEntity$BreakingMode
[19Oct2025 17:23:31.824] [modloading-worker-0/INFO] [com.teampotato.redirector.Redirector/]: Redirecting net/mehvahdjukaar/supplementaries/configs/CommonConfigs$DeathMarkerMode
[19Oct2025 17:23:31.836] [modloading-worker-0/INFO] [com.teampotato.redirector.Redirector/]: Redirecting daripher/skilltree/compat/apotheosis/ApotheosisCompatibility
[19Oct2025 17:23:31.864] [modloading-worker-0/INFO] [com.teampotato.redirector.Redirector/]: Redirecting dev/shadowsoffire/apotheosis/adventure/affix/AffixType
[19Oct2025 17:23:31.881] [ForkJoinPool.commonPool-worker-1/INFO] [friendsandfoes/]: [Friends&Foes] An update is available! You are using 2.0.11 version, but the latest version is 3.0.9.
[19Oct2025 17:23:31.888] [modloading-worker-0/INFO] [com.teampotato.redirector.Redirector/]: Redirecting daripher/skilltree/compat/attributeslib/AttributesLibCompatibility
[19Oct2025 17:23:31.890] [modloading-worker-0/INFO] [com.teampotato.redirector.Redirector/]: Redirecting net/mehvahdjukaar/supplementaries/common/network/ClientBoundParticlePacket$EventType
[19Oct2025 17:23:31.898] [modloading-worker-0/INFO] [com.teampotato.redirector.Redirector/]: Redirecting daripher/skilltree/skill/bonus/player/LootDuplicationBonus$LootType
[19Oct2025 17:23:31.940] [modloading-worker-0/INFO] [com.teampotato.redirector.Redirector/]: Redirecting com/simibubi/create/foundation/data/recipe/CompatMetals
[19Oct2025 17:23:31.940] [modloading-worker-0/INFO] [com.teampotato.redirector.Redirector/]: Redirecting com/simibubi/create/foundation/data/recipe/Mods
[19Oct2025 17:23:31.975] [modloading-worker-0/INFO] [Apugli/]: Apugli 2.10.4 has initialized. Powering up your powered up game.
[19Oct2025 17:23:32.058] [modloading-worker-0/INFO] [com.teampotato.redirector.Redirector/]: Redirecting net/merchantpug/apugli/condition/factory/entity/DimensionsCondition$Dimension
[19Oct2025 17:23:32.059] [modloading-worker-0/INFO] [com.teampotato.redirector.Redirector/]: Redirecting com/simibubi/create/content/equipment/zapper/PlacementPatterns
[19Oct2025 17:23:32.068] [modloading-worker-0/INFO] [com.teampotato.redirector.Redirector/]: Redirecting com/simibubi/create/content/equipment/zapper/terrainzapper/TerrainBrushes
[19Oct2025 17:23:32.070] [modloading-worker-0/INFO] [com.teampotato.redirector.Redirector/]: Redirecting com/simibubi/create/content/equipment/zapper/terrainzapper/TerrainTools
[19Oct2025 17:23:32.073] [modloading-worker-0/INFO] [com.teampotato.redirector.Redirector/]: Redirecting com/simibubi/create/content/equipment/zapper/terrainzapper/PlacementOptions
[19Oct2025 17:23:32.097] [modloading-worker-0/INFO] [net.minecraftforge.coremod.CoreMod.apotheosis/COREMODLOG]: Replaced 5 calls to Enchantment#getMaxLevel() in org/violetmoon/quark/content/tools/module/AncientTomesModule
[19Oct2025 17:23:32.154] [modloading-worker-0/INFO] [com.teampotato.redirector.Redirector/]: Redirecting com/simibubi/create/foundation/block/connected/AllCTTypes
[19Oct2025 17:23:32.165] [modloading-worker-0/INFO] [com.teampotato.redirector.Redirector/]: Redirecting net/merchantpug/apugli/util/PlayerModelType
[19Oct2025 17:23:32.179] [modloading-worker-0/INFO] [com.teampotato.redirector.Redirector/]: Redirecting net/merchantpug/apugli/power/EdibleItemPower$EatAnimation
[19Oct2025 17:23:32.188] [modloading-worker-0/INFO] [net.minecraftforge.coremod.CoreMod.apotheosis/COREMODLOG]: Replaced 1 calls to Enchantment#getMaxLevel() in org/violetmoon/quark/content/experimental/module/GameNerfsModule
[19Oct2025 17:23:32.264] [modloading-worker-0/INFO] [TooManyOrigins/]: TooManyOrigins 1.1.3 is initializing. Enjoy!
[19Oct2025 17:23:32.302] [modloading-worker-0/INFO] [quark-zeta/]: Discovered 164 modules to load.
[19Oct2025 17:23:32.302] [modloading-worker-0/INFO] [quark-zeta/]: Constructing module Abacus...
[19Oct2025 17:23:32.308] [modloading-worker-0/INFO] [quark-zeta/]: Constructing module Adjustable Chat...
[19Oct2025 17:23:32.308] [modloading-worker-0/INFO] [quark-zeta/]: Constructing module Ambient Discs...
[19Oct2025 17:23:32.309] [modloading-worker-0/INFO] [quark-zeta/]: Constructing module Ancient Tomes...
[19Oct2025 17:23:32.330] [modloading-worker-0/INFO] [net.minecraftforge.coremod.CoreMod.apotheosis/COREMODLOG]: Replaced 3 calls to Enchantment#getMaxLevel() in org/violetmoon/quark/content/tools/item/AncientTomeItem
[19Oct2025 17:23:32.343] [modloading-worker-0/INFO] [quark-zeta/]: Constructing module Ancient Wood...
[19Oct2025 17:23:32.357] [modloading-worker-0/INFO] [quark-zeta/]: Constructing module Armed Armor Stands...
[19Oct2025 17:23:32.358] [modloading-worker-0/INFO] [quark-zeta/]: Constructing module Auto Walk Keybind...
[19Oct2025 17:23:32.358] [modloading-worker-0/INFO] [quark-zeta/]: Constructing module Automatic Recipe Unlock...
[19Oct2025 17:23:32.358] [modloading-worker-0/INFO] [quark-zeta/]: Constructing module Automatic Tool Restock...
[19Oct2025 17:23:32.361] [modloading-worker-0/INFO] [quark-zeta/]: Constructing module Azalea Wood...
[19Oct2025 17:23:32.361] [modloading-worker-0/INFO] [quark-zeta/]: Constructing module Back Button Keybind...
[19Oct2025 17:23:32.361] [modloading-worker-0/INFO] [quark-zeta/]: Constructing module Backpack...
[19Oct2025 17:23:32.373] [modloading-worker-0/INFO] [quark-zeta/]: Constructing module Beach Villagers...
[19Oct2025 17:23:32.373] [modloading-worker-0/INFO] [quark-zeta/]: Constructing module Beacon Redirection...
[19Oct2025 17:23:32.373] [modloading-worker-0/INFO] [quark-zeta/]: Constructing module Better Elytra Rocket...
[19Oct2025 17:23:32.374] [modloading-worker-0/INFO] [quark-zeta/]: Constructing module Big Stone Clusters...
[19Oct2025 17:23:32.388] [modloading-worker-0/INFO] [quark-zeta/]: Constructing module Blossom Trees...
[19Oct2025 17:23:32.392] [modloading-worker-0/INFO] [quark-zeta/]: Constructing module Bottled Cloud...
[19Oct2025 17:23:32.396] [modloading-worker-0/INFO] [quark-zeta/]: Constructing module Buckets Show Inhabitants...
[19Oct2025 17:23:32.396] [modloading-worker-0/INFO] [com.teampotato.redirector.Redirector/]: Redirecting com/simibubi/create/content/decoration/palettes/AllPaletteStoneTypes
[19Oct2025 17:23:32.396] [modloading-worker-0/INFO] [quark-zeta/]: Constructing module Camera...
[19Oct2025 17:23:32.400] [modloading-worker-0/INFO] [quark-zeta/]: Constructing module Campfires Boost Elytra...
[19Oct2025 17:23:32.403] [modloading-worker-0/INFO] [com.teampotato.redirector.Redirector/]: Redirecting com/simibubi/create/content/decoration/palettes/PaletteBlockPattern$PatternNameType
[19Oct2025 17:23:32.404] [modloading-worker-0/INFO] [quark-zeta/]: Constructing module Celebratory Lamps...
[19Oct2025 17:23:32.404] [modloading-worker-0/INFO] [quark-zeta/]: Constructing module Chains Connect Blocks...
[19Oct2025 17:23:32.404] [modloading-worker-0/INFO] [quark-zeta/]: Constructing module Chest Searching...
[19Oct2025 17:23:32.404] [modloading-worker-0/INFO] [quark-zeta/]: Constructing module Chorus Vegetation...
[19Oct2025 17:23:32.410] [modloading-worker-0/INFO] [com.teampotato.redirector.Redirector/]: Redirecting net/mehvahdjukaar/supplementaries/common/misc/songs/SongsManager$Source
[19Oct2025 17:23:32.412] [modloading-worker-0/INFO] [quark-zeta/]: Constructing module Chute...
[19Oct2025 17:23:32.413] [modloading-worker-0/INFO] [quark-zeta/]: Constructing module Climate Control Remover...
[19Oct2025 17:23:32.414] [modloading-worker-0/INFO] [quark-zeta/]: Constructing module Color Runes...
[19Oct2025 17:23:32.416] [modloading-worker-0/INFO] [quark-zeta/]: Constructing module Compasses Work Everywhere...
[19Oct2025 17:23:32.416] [modloading-worker-0/INFO] [quark-zeta/]: Constructing module Compressed Blocks...
[19Oct2025 17:23:32.417] [modloading-worker-0/INFO] [quark-zeta/]: Constructing module Coral On Cactus...
[19Oct2025 17:23:32.417] [modloading-worker-0/INFO] [quark-zeta/]: Constructing module Corundum...
[19Oct2025 17:23:32.428] [modloading-worker-0/INFO] [com.teampotato.redirector.Redirector/]: Redirecting net/mehvahdjukaar/moonlight/api/fluids/SoftFluid$Capacity
[19Oct2025 17:23:32.435] [modloading-worker-0/INFO] [com.teampotato.redirector.Redirector/]: Redirecting net/mehvahdjukaar/moonlight/api/fluids/SoftFluid$TintMethod
[19Oct2025 17:23:32.494] [modloading-worker-0/INFO] [quark-zeta/]: Constructing module Crabs...
[19Oct2025 17:23:32.498] [modloading-worker-0/INFO] [quark-zeta/]: Constructing module Crafter...
[19Oct2025 17:23:32.501] [modloading-worker-0/INFO] [quark-zeta/]: Constructing module Crate...
[19Oct2025 17:23:32.505] [modloading-worker-0/INFO] [quark-zeta/]: Constructing module Diamond Repair...
[19Oct2025 17:23:32.507] [modloading-worker-0/INFO] [quark-zeta/]: Constructing module Dispensers Place Blocks...
[19Oct2025 17:23:32.508] [modloading-worker-0/INFO] [quark-zeta/]: Constructing module Double Door Opening...
[19Oct2025 17:23:32.508] [modloading-worker-0/INFO] [quark-zeta/]: Constructing module Dragon Scales...
[19Oct2025 17:23:32.509] [modloading-worker-0/INFO] [quark-zeta/]: Constructing module Duskbound Blocks...
[19Oct2025 17:23:32.509] [modloading-worker-0/INFO] [quark-zeta/]: Constructing module Dyeable Item Frames...
[19Oct2025 17:23:32.514] [modloading-worker-0/INFO] [quark-zeta/]: Constructing module Easy Transfering...
[19Oct2025 17:23:32.514] [modloading-worker-0/INFO] [quark-zeta/]: Constructing module Elytra Indicator...
[19Oct2025 17:23:32.515] [modloading-worker-0/INFO] [quark-zeta/]: Constructing module Emotes...
[19Oct2025 17:23:32.516] [modloading-worker-0/INFO] [quark-zeta/]: Constructing module Enchantment Predicates...
[19Oct2025 17:23:32.516] [modloading-worker-0/INFO] [quark-zeta/]: Constructing module Enchantments Begone...
[19Oct2025 17:23:32.519] [modloading-worker-0/INFO] [quark-zeta/]: Constructing module Ender Watcher...
[19Oct2025 17:23:32.520] [modloading-worker-0/INFO] [quark-zeta/]: Constructing module Endermosh Music Disc...
[19Oct2025 17:23:32.522] [modloading-worker-0/INFO] [quark-zeta/]: Constructing module Enhanced Ladders...
[19Oct2025 17:23:32.522] [modloading-worker-0/INFO] [quark-zeta/]: Constructing module Expanded Item Interactions...
[19Oct2025 17:23:32.523] [modloading-worker-0/INFO] [quark-zeta/]: Constructing module Fairy Rings...
[19Oct2025 17:23:32.526] [modloading-worker-0/INFO] [quark-zeta/]: Constructing module Fallen Logs...
[19Oct2025 17:23:32.527] [modloading-worker-0/INFO] [quark-zeta/]: Constructing module Feeding Trough...
[19Oct2025 17:23:32.533] [modloading-worker-0/INFO] [quark-zeta/]: Constructing module Forgotten...
[19Oct2025 17:23:32.542] [modloading-worker-0/INFO] [quark-zeta/]: Constructing module Foxhound...
[19Oct2025 17:23:32.543] [modloading-worker-0/INFO] [quark-zeta/]: Constructing module Framed Glass...
[19Oct2025 17:23:32.545] [modloading-worker-0/INFO] [quark-zeta/]: Constructing module Game Nerfs...
[19Oct2025 17:23:32.547] [modloading-worker-0/INFO] [quark-zeta/]: Constructing module Glass Item Frame...
[19Oct2025 17:23:32.549] [modloading-worker-0/INFO] [quark-zeta/]: Constructing module Glass Shard...
[19Oct2025 17:23:32.553] [modloading-worker-0/INFO] [quark-zeta/]: Constructing module Glimmering Weald...
[19Oct2025 17:23:32.566] [modloading-worker-0/INFO] [quark-zeta/]: Constructing module Gold Bars...
[19Oct2025 17:23:32.569] [modloading-worker-0/INFO] [quark-zeta/]: Constructing module Gold Tools Have Fortune...
[19Oct2025 17:23:32.573] [modloading-worker-0/INFO] [quark-zeta/]: Constructing module Grab Chickens...
[19Oct2025 17:23:32.575] [modloading-worker-0/INFO] [quark-zeta/]: Constructing module Grate...
[19Oct2025 17:23:32.577] [modloading-worker-0/INFO] [com.teampotato.redirector.Redirector/]: Redirecting io/redspace/ironsspellbooks/api/spells/SpellRarity
[19Oct2025 17:23:32.580] [modloading-worker-0/INFO] [quark-zeta/]: Constructing module Gravisand...
[19Oct2025 17:23:32.582] [modloading-worker-0/INFO] [quark-zeta/]: Constructing module Greener Grass...
[19Oct2025 17:23:32.584] [modloading-worker-0/INFO] [quark-zeta/]: Constructing module Hedges...
[19Oct2025 17:23:32.587] [modloading-worker-0/INFO] [quark-zeta/]: Constructing module Hoe Harvesting...
[19Oct2025 17:23:32.587] [modloading-worker-0/INFO] [quark-zeta/]: Constructing module Hollow Logs...
[19Oct2025 17:23:32.589] [modloading-worker-0/INFO] [quark-zeta/]: Constructing module Horses Swim...
[19Oct2025 17:23:32.589] [modloading-worker-0/INFO] [quark-zeta/]: Constructing module Hotbar Changer...
[19Oct2025 17:23:32.589] [modloading-worker-0/INFO] [quark-zeta/]: Constructing module Improved Sponges...
[19Oct2025 17:23:32.589] [modloading-worker-0/INFO] [quark-zeta/]: Constructing module Improved Tooltips...
[19Oct2025 17:23:32.590] [modloading-worker-0/INFO] [quark-zeta/]: Constructing module Industrial Palette...
[19Oct2025 17:23:32.591] [modloading-worker-0/INFO] [quark-zeta/]: Constructing module Inventory Sorting...
[19Oct2025 17:23:32.591] [modloading-worker-0/INFO] [quark-zeta/]: Constructing module Iron Rod...
[19Oct2025 17:23:32.598] [modloading-worker-0/INFO] [quark-zeta/]: Constructing module Item Sharing...
[19Oct2025 17:23:32.601] [modloading-worker-0/INFO] [quark-zeta/]: Constructing module Japanese Palette...
[19Oct2025 17:23:32.601] [modloading-worker-0/INFO] [quark-zeta/]: Constructing module Leaf Carpet...
[19Oct2025 17:23:32.601] [modloading-worker-0/INFO] [quark-zeta/]: Constructing module Lock Rotation...
[19Oct2025 17:23:32.605] [modloading-worker-0/INFO] [quark-zeta/]: Constructing module Long Range Pick Block...
[19Oct2025 17:23:32.606] [modloading-worker-0/INFO] [quark-zeta/]: Constructing module Magma Keeps Concrete Powder...
[19Oct2025 17:23:32.607] [modloading-worker-0/INFO] [quark-zeta/]: Constructing module Magnets...
[19Oct2025 17:23:32.612] [modloading-worker-0/INFO] [com.teampotato.redirector.Redirector/]: Redirecting com/simibubi/create/content/kinetics/clock/CuckooClockBlockEntity$Animation
[19Oct2025 17:23:32.615] [modloading-worker-0/INFO] [quark-zeta/]: Constructing module Map Washing...
[19Oct2025 17:23:32.619] [modloading-worker-0/INFO] [quark-zeta/]: Constructing module Matrix Enchanting...
[19Oct2025 17:23:32.625] [modloading-worker-0/INFO] [quark-zeta/]: Constructing module Metal Buttons...
[19Oct2025 17:23:32.626] [modloading-worker-0/INFO] [quark-zeta/]: Constructing module Microcrafting Helper...
[19Oct2025 17:23:32.628] [modloading-worker-0/INFO] [quark-zeta/]: Constructing module Midori...
[19Oct2025 17:23:32.631] [modloading-worker-0/INFO] [quark-zeta/]: Constructing module Monster Box...
[19Oct2025 17:23:32.631] [modloading-worker-0/INFO] [quark-zeta/]: Constructing module More Banner Layers...
[19Oct2025 17:23:32.634] [modloading-worker-0/INFO] [quark-zeta/]: Constructing module More Brick Types...
[19Oct2025 17:23:32.635] [modloading-worker-0/INFO] [quark-zeta/]: Constructing module More Mud Blocks...
[19Oct2025 17:23:32.635] [modloading-worker-0/INFO] [quark-zeta/]: Constructing module More Note Block Sounds...
[19Oct2025 17:23:32.636] [modloading-worker-0/INFO] [quark-zeta/]: Constructing module More Potted Plants...
[19Oct2025 17:23:32.636] [modloading-worker-0/INFO] [quark-zeta/]: Constructing module Narrator Readout...
[19Oct2025 17:23:32.636] [modloading-worker-0/INFO] [quark-zeta/]: Constructing module Nether Brick Fence Gate...
[19Oct2025 17:23:32.636] [modloading-worker-0/INFO] [quark-zeta/]: Constructing module Nether Obsidian Spikes...
[19Oct2025 17:23:32.637] [modloading-worker-0/INFO] [quark-zeta/]: Constructing module New Stone Types...
[19Oct2025 17:23:32.641] [modloading-worker-0/INFO] [quark-zeta/]: Constructing module No Durability On Cosmetics...
[19Oct2025 17:23:32.641] [modloading-worker-0/INFO] [quark-zeta/]: Constructing module No More Lava Pockets...
[19Oct2025 17:23:32.641] [modloading-worker-0/INFO] [quark-zeta/]: Constructing module Obsidian Plate...
[19Oct2025 17:23:32.642] [modloading-worker-0/INFO] [quark-zeta/]: Constructing module Overlay Shader...
[19Oct2025 17:23:32.644] [modloading-worker-0/INFO] [quark-zeta/]: Constructing module Parrot Eggs...
[19Oct2025 17:23:32.645] [modloading-worker-0/INFO] [quark-zeta/]: Constructing module Pat The Dogs...
[19Oct2025 17:23:32.647] [modloading-worker-0/INFO] [quark-zeta/]: Constructing module Pathfinder Maps...
[19Oct2025 17:23:32.652] [modloading-worker-0/INFO] [com.teampotato.redirector.Redirector/]: Redirecting com/simibubi/create/content/kinetics/belt/BeltBlockEntity$CasingType
[19Oct2025 17:23:32.649] [modloading-worker-0/INFO] [quark-zeta/]: Constructing module Permafrost...
[19Oct2025 17:23:32.653] [modloading-worker-0/INFO] [quark-zeta/]: Constructing module Petals On Water...
[19Oct2025 17:23:32.654] [modloading-worker-0/INFO] [quark-zeta/]: Constructing module Pickarang...
[19Oct2025 17:23:32.659] [modloading-worker-0/INFO] [quark-zeta/]: Constructing module Pig Litters...
[19Oct2025 17:23:32.663] [modloading-worker-0/INFO] [quark-zeta/]: Constructing module Pipes...
[19Oct2025 17:23:32.667] [modloading-worker-0/INFO] [quark-zeta/]: Constructing module Pistons Move Tile Entities...
[19Oct2025 17:23:32.667] [modloading-worker-0/INFO] [quark-zeta/]: Constructing module Poison Potato Usage...
[19Oct2025 17:23:32.668] [modloading-worker-0/INFO] [quark-zeta/]: Constructing module Quick Armor Swapping...
[19Oct2025 17:23:32.669] [modloading-worker-0/INFO] [quark-zeta/]: Constructing module Rainbow Lamps...
[19Oct2025 17:23:32.669] [modloading-worker-0/INFO] [quark-zeta/]: Constructing module Raw Metal Bricks...
[19Oct2025 17:23:32.669] [modloading-worker-0/INFO] [quark-zeta/]: Constructing module Reacharound Placing...
[19Oct2025 17:23:32.670] [modloading-worker-0/INFO] [quark-zeta/]: Constructing module Redstone Randomizer...
[19Oct2025 17:23:32.672] [modloading-worker-0/INFO] [quark-zeta/]: Constructing module Renewable Spore Blossoms...
[19Oct2025 17:23:32.672] [modloading-worker-0/INFO] [quark-zeta/]: Constructing module Replace Scaffolding...
[19Oct2025 17:23:32.673] [modloading-worker-0/INFO] [quark-zeta/]: Constructing module Rope...
[19Oct2025 17:23:32.675] [modloading-worker-0/INFO] [quark-zeta/]: Constructing module Safer Creatures...
[19Oct2025 17:23:32.675] [modloading-worker-0/INFO] [quark-zeta/]: Constructing module Seed Pouch...
[19Oct2025 17:23:32.676] [modloading-worker-0/INFO] [com.teampotato.redirector.Redirector/]: Redirecting com/simibubi/create/content/kinetics/mechanicalArm/ArmBlockEntity$Phase
[19Oct2025 17:23:32.680] [modloading-worker-0/INFO] [quark-zeta/]: Constructing module Shear Vines...
[19Oct2025 17:23:32.688] [modloading-worker-0/INFO] [quark-zeta/]: Constructing module Shiba...
[19Oct2025 17:23:32.689] [modloading-worker-0/INFO] [quark-zeta/]: Constructing module Shingles...
[19Oct2025 17:23:32.690] [modloading-worker-0/INFO] [quark-zeta/]: Constructing module Shulker Packing...
[19Oct2025 17:23:32.690] [modloading-worker-0/INFO] [quark-zeta/]: Constructing module Simple Harvest...
[19Oct2025 17:23:32.691] [modloading-worker-0/INFO] [quark-zeta/]: Constructing module Skull Pikes...
[19Oct2025 17:23:32.693] [modloading-worker-0/INFO] [quark-zeta/]: Constructing module Slabs To Blocks...
[19Oct2025 17:23:32.693] [modloading-worker-0/INFO] [quark-zeta/]: Constructing module Slime In A Bucket...
[19Oct2025 17:23:32.695] [modloading-worker-0/INFO] [quark-zeta/]: Constructing module Slimes To Magma Cubes...
[19Oct2025 17:23:32.696] [modloading-worker-0/INFO] [quark-zeta/]: Constructing module Snow Golem Player Heads...
[19Oct2025 17:23:32.696] [modloading-worker-0/INFO] [quark-zeta/]: Constructing module Soul Candles...
[19Oct2025 17:23:32.698] [modloading-worker-0/INFO] [quark-zeta/]: Constructing module Soul Sandstone...
[19Oct2025 17:23:32.698] [modloading-worker-0/INFO] [quark-zeta/]: Constructing module Spawner Replacer...
[19Oct2025 17:23:32.699] [modloading-worker-0/INFO] [quark-zeta/]: Constructing module Spiral Spires...
[19Oct2025 17:23:32.701] [modloading-worker-0/INFO] [quark-zeta/]: Constructing module Stonelings...
[19Oct2025 17:23:32.702] [modloading-worker-0/INFO] [quark-zeta/]: Constructing module Stools...
[19Oct2025 17:23:32.702] [modloading-worker-0/INFO] [quark-zeta/]: Constructing module Sturdy Stone...
[19Oct2025 17:23:32.703] [modloading-worker-0/INFO] [quark-zeta/]: Constructing module Thatch...
[19Oct2025 17:23:32.704] [modloading-worker-0/INFO] [quark-zeta/]: Constructing module Tiny Potato...
[19Oct2025 17:23:32.704] [modloading-worker-0/INFO] [quark-zeta/]: Constructing module Torch Arrow...
[19Oct2025 17:23:32.707] [modloading-worker-0/INFO] [quark-zeta/]: Constructing module Toretoise...
[19Oct2025 17:23:32.708] [modloading-worker-0/INFO] [quark-zeta/]: Constructing module Totem Of Holding...
[19Oct2025 17:23:32.709] [modloading-worker-0/INFO] [quark-zeta/]: Constructing module Trowel...
[19Oct2025 17:23:32.711] [modloading-worker-0/INFO] [quark-zeta/]: Constructing module Usage Ticker...
[19Oct2025 17:23:32.711] [modloading-worker-0/INFO] [quark-zeta/]: Constructing module Uses For Curses...
[19Oct2025 17:23:32.713] [modloading-worker-0/INFO] [quark-zeta/]: Constructing module Utility Recipes...
[19Oct2025 17:23:32.715] [modloading-worker-0/INFO] [quark-zeta/]: Constructing module Variant Animal Textures...
[19Oct2025 17:23:32.715] [modloading-worker-0/INFO] [quark-zeta/]: Constructing module Variant Bookshelves...
[19Oct2025 17:23:32.715] [modloading-worker-0/INFO] [quark-zeta/]: Constructing module Variant Chests...
[19Oct2025 17:23:32.728] [modloading-worker-0/INFO] [quark-zeta/]: Constructing module Variant Furnaces...
[19Oct2025 17:23:32.735] [modloading-worker-0/INFO] [quark-zeta/]: Constructing module Variant Ladders...
[19Oct2025 17:23:32.735] [modloading-worker-0/INFO] [quark-zeta/]: Constructing module Variant Selector...
[19Oct2025 17:23:32.737] [modloading-worker-0/INFO] [quark-zeta/]: Constructing module Vertical Planks...
[19Oct2025 17:23:32.738] [modloading-worker-0/INFO] [quark-zeta/]: Constructing module Vertical Slabs...
[19Oct2025 17:23:32.752] [modloading-worker-0/INFO] [quark-zeta/]: Constructing module Vexes Die With Their Masters...
[19Oct2025 17:23:32.753] [modloading-worker-0/INFO] [quark-zeta/]: Constructing module Villager Rerolling Rework...
[19Oct2025 17:23:32.754] [modloading-worker-0/INFO] [quark-zeta/]: Constructing module Villagers Follow Emeralds...
[19Oct2025 17:23:32.754] [modloading-worker-0/INFO] [quark-zeta/]: Constructing module Wooden Posts...
[19Oct2025 17:23:32.755] [modloading-worker-0/INFO] [quark-zeta/]: Constructing module Wool Shuts Up Minecarts...
[19Oct2025 17:23:32.756] [modloading-worker-0/INFO] [quark-zeta/]: Constructing module Wraith...
[19Oct2025 17:23:32.757] [modloading-worker-0/INFO] [quark-zeta/]: Constructing module Zombie Villagers On Normal...
[19Oct2025 17:23:32.757] [modloading-worker-0/INFO] [quark-zeta/]: Constructing module More Stone Variants...
[19Oct2025 17:23:32.758] [modloading-worker-0/INFO] [quark-zeta/]: Constructed 164 modules.
[19Oct2025 17:23:32.801] [modloading-worker-0/INFO] [com.teampotato.redirector.Redirector/]: Redirecting com/simibubi/create/content/kinetics/deployer/DeployerBlockEntity$State
[19Oct2025 17:23:32.846] [modloading-worker-0/WARN] [net.minecraftforge.common.ForgeConfigSpec/CORE]: Configuration file /workspaces/Pruebas/servidor_minecraft/config/quark-common.toml is not correct. Correcting
[19Oct2025 17:23:32.853] [modloading-worker-0/INFO] [com.teampotato.redirector.Redirector/]: Redirecting com/simibubi/create/content/logistics/depot/EjectorBlockEntity$State
[19Oct2025 17:23:32.899] [modloading-worker-0/INFO] [com.teampotato.redirector.Redirector/]: Redirecting io/redspace/ironsspellbooks/gui/overlays/ManaBarOverlay$Display
[19Oct2025 17:23:32.900] [modloading-worker-0/INFO] [com.teampotato.redirector.Redirector/]: Redirecting io/redspace/ironsspellbooks/gui/overlays/ManaBarOverlay$Anchor
[19Oct2025 17:23:32.903] [modloading-worker-0/INFO] [com.teampotato.redirector.Redirector/]: Redirecting com/simibubi/create/content/trains/signal/SignalBlockEntity$OverlayState
[19Oct2025 17:23:32.906] [modloading-worker-0/INFO] [com.teampotato.redirector.Redirector/]: Redirecting tech/thatgravyboat/creeperoverhaul/common/utils/Events
[19Oct2025 17:23:32.907] [modloading-worker-0/INFO] [com.teampotato.redirector.Redirector/]: Redirecting io/redspace/ironsspellbooks/gui/overlays/SpellBarOverlay$Anchor
[19Oct2025 17:23:32.907] [modloading-worker-0/INFO] [com.teampotato.redirector.Redirector/]: Redirecting io/redspace/ironsspellbooks/gui/overlays/RecastOverlay$Anchor
[19Oct2025 17:23:32.924] [modloading-worker-0/INFO] [com.teampotato.redirector.Redirector/]: Redirecting com/simibubi/create/AllRecipeTypes
[19Oct2025 17:23:32.955] [modloading-worker-0/INFO] [com.teampotato.redirector.Redirector/]: Redirecting com/simibubi/create/AllParticleTypes
[19Oct2025 17:23:32.970] [modloading-worker-0/INFO] [com.teampotato.redirector.Redirector/]: Redirecting com/simibubi/create/AllPackets
[19Oct2025 17:23:32.973] [modloading-worker-0/INFO] [com.teampotato.redirector.Redirector/]: Redirecting com/simibubi/create/content/schematics/cannon/ConfigureSchematicannonPacket$Option
[19Oct2025 17:23:33.011] [modloading-worker-0/INFO] [com.teampotato.redirector.Redirector/]: Redirecting net/minecraft/network/chat/ClickEvent$Action
[19Oct2025 17:23:33.029] [modloading-worker-0/INFO] [com.teampotato.redirector.Redirector/]: Redirecting io/github/flemmli97/improvedmobs/config/Config$DifficultyBarLocation
[19Oct2025 17:23:33.036] [modloading-worker-0/INFO] [com.teampotato.redirector.Redirector/]: Redirecting io/github/flemmli97/improvedmobs/config/Config$DifficultyType
[19Oct2025 17:23:33.039] [modloading-worker-0/INFO] [com.teampotato.redirector.Redirector/]: Redirecting io/github/flemmli97/improvedmobs/config/Config$IntegrationType
[19Oct2025 17:23:33.047] [modloading-worker-0/INFO] [com.teampotato.redirector.Redirector/]: Redirecting io/github/flemmli97/improvedmobs/config/EntityModifyFlagConfig$Flags
[19Oct2025 17:23:33.064] [modloading-worker-0/INFO] [com.teampotato.redirector.Redirector/]: Redirecting com/simibubi/create/infrastructure/config/CClient$PlacementIndicatorSetting
[19Oct2025 17:23:33.066] [modloading-worker-0/INFO] [com.teampotato.redirector.Redirector/]: Redirecting com/simibubi/create/foundation/config/ui/ConfigAnnotations$IntDisplay
[19Oct2025 17:23:33.080] [modloading-worker-0/INFO] [com.teampotato.redirector.Redirector/]: Redirecting com/simibubi/create/infrastructure/config/CKinetics$DeployerAggroSetting
[19Oct2025 17:23:33.081] [modloading-worker-0/INFO] [com.teampotato.redirector.Redirector/]: Redirecting com/simibubi/create/content/contraptions/ContraptionMovementSetting
[19Oct2025 17:23:33.086] [modloading-worker-0/INFO] [com.teampotato.redirector.Redirector/]: Redirecting com/simibubi/create/content/fluids/transfer/FluidManipulationBehaviour$BottomlessFluidMode
[19Oct2025 17:23:33.100] [modloading-worker-0/INFO] [com.teampotato.redirector.Redirector/]: Redirecting com/simibubi/create/compat/Mods
[19Oct2025 17:23:33.161] [modloading-worker-0/INFO] [com.teampotato.redirector.Redirector/]: Redirecting com/simibubi/create/content/processing/recipe/HeatCondition
[19Oct2025 17:23:33.184] [modloading-worker-0/INFO] [com.teampotato.redirector.Redirector/]: Redirecting com/faboslav/friendsandfoes/entity/pose/CopperGolemEntityPose
[19Oct2025 17:23:33.185] [modloading-worker-0/INFO] [com.teampotato.redirector.Redirector/]: Redirecting com/faboslav/friendsandfoes/entity/pose/RascalEntityPose
[19Oct2025 17:23:33.185] [modloading-worker-0/INFO] [com.teampotato.redirector.Redirector/]: Redirecting com/faboslav/friendsandfoes/entity/pose/TuffGolemEntityPose
[19Oct2025 17:23:33.193] [modloading-worker-0/INFO] [com.teampotato.redirector.Redirector/]: Redirecting net/minecraft/network/protocol/PacketFlow
[19Oct2025 17:23:33.197] [modloading-worker-0/INFO] [com.teampotato.redirector.Redirector/]: Redirecting net/minecraft/world/entity/player/ChatVisiblity
[19Oct2025 17:23:33.201] [modloading-worker-0/INFO] [com.teampotato.redirector.Redirector/]: Redirecting net/minecraft/world/entity/player/PlayerModelPart
[19Oct2025 17:23:33.212] [modloading-worker-0/INFO] [com.teampotato.redirector.Redirector/]: Redirecting net/minecraft/world/level/block/RenderShape
[19Oct2025 17:23:33.213] [modloading-worker-0/INFO] [com.teampotato.redirector.Redirector/]: Redirecting net/minecraft/world/level/pathfinder/BlockPathTypes
[19Oct2025 17:23:33.214] [modloading-worker-0/INFO] [com.teampotato.redirector.Redirector/]: Redirecting com/simibubi/create/content/kinetics/base/IRotate$SpeedLevel
[19Oct2025 17:23:33.402] [main/INFO] [com.teampotato.redirector.Redirector/]: Redirecting com/blamejared/crafttweaker/api/ingredient/transform/serializer/TransformReplaceSerializer
[19Oct2025 17:23:33.403] [main/INFO] [com.teampotato.redirector.Redirector/]: Redirecting com/blamejared/crafttweaker/api/ingredient/transform/serializer/TransformDamageSerializer
[19Oct2025 17:23:33.404] [main/INFO] [com.teampotato.redirector.Redirector/]: Redirecting com/blamejared/crafttweaker/api/ingredient/transform/serializer/TransformCustomSerializer
[19Oct2025 17:23:33.405] [main/INFO] [com.teampotato.redirector.Redirector/]: Redirecting com/blamejared/crafttweaker/api/ingredient/condition/serializer/ConditionDamagedSerializer
[19Oct2025 17:23:33.406] [main/INFO] [com.teampotato.redirector.Redirector/]: Redirecting com/blamejared/crafttweaker/api/ingredient/condition/serializer/ConditionAnyDamagedSerializer
[19Oct2025 17:23:33.406] [main/INFO] [com.teampotato.redirector.Redirector/]: Redirecting com/blamejared/crafttweaker/api/ingredient/condition/serializer/ConditionCustomSerializer
[19Oct2025 17:23:33.429] [main/INFO] [com.teampotato.redirector.Redirector/]: Redirecting corgitaco/enhancedcelestials/api/lunarevent/LunarTextComponents$NotificationType
[19Oct2025 17:23:33.445] [main/INFO] [com.teampotato.redirector.Redirector/]: Redirecting net/minecraft/network/chat/ChatTypeDecoration$Parameter
[19Oct2025 17:23:33.679] [main/INFO] [com.teampotato.redirector.Redirector/]: Redirecting io/github/apace100/origins/origin/Impact
[19Oct2025 17:23:34.336] [main/INFO] [zeta-internal/]: Dispatching ZRegister to 3 listeners
[19Oct2025 17:23:34.340] [main/INFO] [zeta-internal/]: Dispatching ZRegister$Post to 1 listener
[19Oct2025 17:23:34.357] [main/INFO] [quark-zeta/]: Dispatching ZRegister to 98 listeners
[19Oct2025 17:23:34.365] [main/INFO] [net.minecraftforge.coremod.CoreMod.apotheosis/COREMODLOG]: Replaced 1 calls to Enchantment#getMaxLevel() in org/violetmoon/quark/content/tools/loot/EnchantTome
[19Oct2025 17:23:34.372] [main/INFO] [com.teampotato.redirector.Redirector/]: Redirecting org/violetmoon/zeta/registry/RenderLayerRegistry$Layer
[19Oct2025 17:23:34.398] [main/INFO] [com.teampotato.redirector.Redirector/]: Redirecting org/violetmoon/quark/content/building/block/WoodPostBlock$PostSideType
[19Oct2025 17:23:34.551] [main/INFO] [com.teampotato.redirector.Redirector/]: Redirecting org/violetmoon/quark/base/util/CorundumColor
[19Oct2025 17:23:34.594] [main/INFO] [com.teampotato.redirector.Redirector/]: Redirecting org/violetmoon/quark/content/automation/block/CrafterBlock$PowerState
[19Oct2025 17:23:34.786] [main/INFO] [com.teampotato.redirector.Redirector/]: Redirecting org/violetmoon/quark/content/automation/base/RandomizerPowerState
[19Oct2025 17:23:35.082] [main/INFO] [quark-zeta/]: Dispatching ZRegister$Post to 6 listeners
[19Oct2025 17:23:35.120] [main/INFO] [com.teampotato.redirector.Redirector/]: Redirecting org/violetmoon/quark/content/building/block/VerticalSlabBlock$VerticalSlabType
[19Oct2025 17:23:35.154] [main/INFO] [com.teampotato.redirector.Redirector/]: Redirecting net/valhelsia/valhelsia_furniture/common/block/properties/OpenCurtainPart
[19Oct2025 17:23:35.158] [main/INFO] [com.teampotato.redirector.Redirector/]: Redirecting net/valhelsia/valhelsia_furniture/common/block/properties/ClosedCurtainPart
[19Oct2025 17:23:35.351] [main/INFO] [com.teampotato.redirector.Redirector/]: Redirecting com/legacy/structure_gel/api/block/base/IStructureGel$Behavior
[19Oct2025 17:23:35.355] [main/INFO] [com.teampotato.redirector.Redirector/]: Redirecting com/mojang/math/SymmetricGroup3
[19Oct2025 17:23:35.429] [main/INFO] [com.teampotato.redirector.Redirector/]: Redirecting com/bobmowzie/mowziesmobs/server/block/GongBlock$GongPart
[19Oct2025 17:23:35.430] [main/INFO] [com.teampotato.redirector.Redirector/]: Redirecting com/bobmowzie/mowziesmobs/server/block/RakedSandBlock$RakedSandShape
[19Oct2025 17:23:35.444] [main/INFO] [com.teampotato.redirector.Redirector/]: Redirecting com/lion/graveyard/blockentities/enums/SarcophagusPart
[19Oct2025 17:23:35.522] [main/INFO] [com.teampotato.redirector.Redirector/]: Redirecting biomesoplenty/common/block/state/properties/QuarterProperty
[19Oct2025 17:23:35.586] [main/INFO] [com.teampotato.redirector.Redirector/]: Redirecting com/hollingsworth/arsnouveau/common/block/ThreePartBlock
[19Oct2025 17:23:35.812] [main/INFO] [com.teampotato.redirector.Redirector/]: Redirecting vectorwing/farmersdelight/common/block/state/CookingPotSupport
[19Oct2025 17:23:35.836] [main/INFO] [com.teampotato.redirector.Redirector/]: Redirecting com/stal111/valhelsia_structures/common/block/properties/DungeonDoorPart
[19Oct2025 17:23:35.899] [main/INFO] [com.teampotato.redirector.Redirector/]: Redirecting com/github/L_Ender/cataclysm/blocks/Cataclysm_Skull_Block$Types
[19Oct2025 17:23:35.928] [main/INFO] [com.teampotato.redirector.Redirector/]: Redirecting com/mrcrayfish/furniture/refurbished/client/FontIcons
[19Oct2025 17:23:35.966] [main/INFO] [com.teampotato.redirector.Redirector/]: Redirecting com/mrcrayfish/furniture/refurbished/block/KitchenCabinetryBlock$Shape
[19Oct2025 17:23:35.993] [main/INFO] [com.teampotato.redirector.Redirector/]: Redirecting com/mrcrayfish/furniture/refurbished/block/MetalType
[19Oct2025 17:23:36.007] [main/INFO] [com.teampotato.redirector.Redirector/]: Redirecting com/mrcrayfish/furniture/refurbished/block/TrampolineBlock$Shape
[19Oct2025 17:23:36.011] [main/INFO] [com.teampotato.redirector.Redirector/]: Redirecting com/mrcrayfish/furniture/refurbished/block/LeafType
[19Oct2025 17:23:36.015] [main/INFO] [com.teampotato.redirector.Redirector/]: Redirecting com/mrcrayfish/furniture/refurbished/block/StoneType
[19Oct2025 17:23:36.021] [main/INFO] [com.teampotato.redirector.Redirector/]: Redirecting com/mrcrayfish/furniture/refurbished/block/SofaBlock$Shape
[19Oct2025 17:23:36.061] [main/INFO] [com.teampotato.redirector.Redirector/]: Redirecting com/mrcrayfish/furniture/refurbished/block/BathBlock$Type
[19Oct2025 17:23:36.110] [main/INFO] [com.teampotato.redirector.Redirector/]: Redirecting com/simibubi/create/content/kinetics/chainDrive/ChainDriveBlock$Part
[19Oct2025 17:23:36.111] [main/INFO] [com.teampotato.redirector.Redirector/]: Redirecting com/simibubi/create/content/kinetics/belt/BeltSlope
[19Oct2025 17:23:36.112] [main/INFO] [com.teampotato.redirector.Redirector/]: Redirecting com/simibubi/create/content/kinetics/belt/BeltPart
[19Oct2025 17:23:36.115] [main/INFO] [com.teampotato.redirector.Redirector/]: Redirecting com/simibubi/create/content/processing/burner/BlazeBurnerBlock$HeatLevel
[19Oct2025 17:23:36.116] [main/INFO] [com.teampotato.redirector.Redirector/]: Redirecting com/simibubi/create/content/processing/burner/LitBlazeBurnerBlock$FlameType
[19Oct2025 17:23:36.117] [main/INFO] [com.teampotato.redirector.Redirector/]: Redirecting com/simibubi/create/content/logistics/chute/ChuteBlock$Shape
[19Oct2025 17:23:36.148] [main/INFO] [com.teampotato.redirector.Redirector/]: Redirecting com/simibubi/create/content/kinetics/gauge/GaugeBlock$Type
[19Oct2025 17:23:36.149] [main/INFO] [com.teampotato.redirector.Redirector/]: Redirecting com/simibubi/create/content/decoration/bracket/BracketBlock$BracketType
[19Oct2025 17:23:36.155] [main/INFO] [com.teampotato.redirector.Redirector/]: Redirecting com/simibubi/create/content/fluids/tank/FluidTankBlock$Shape
[19Oct2025 17:23:36.158] [main/INFO] [com.teampotato.redirector.Redirector/]: Redirecting com/simibubi/create/content/decoration/steamWhistle/WhistleBlock$WhistleSize
[19Oct2025 17:23:36.159] [main/INFO] [com.teampotato.redirector.Redirector/]: Redirecting com/simibubi/create/content/decoration/steamWhistle/WhistleExtenderBlock$WhistleExtenderShape
[19Oct2025 17:23:36.159] [main/INFO] [com.teampotato.redirector.Redirector/]: Redirecting com/simibubi/create/content/contraptions/piston/MechanicalPistonBlock$PistonState
[19Oct2025 17:23:36.162] [main/INFO] [com.teampotato.redirector.Redirector/]: Redirecting com/simibubi/create/content/kinetics/gantry/GantryShaftBlock$Part
[19Oct2025 17:23:36.164] [main/INFO] [com.teampotato.redirector.Redirector/]: Redirecting com/simibubi/create/content/contraptions/mounted/CartAssembleRailType
[19Oct2025 17:23:36.174] [main/INFO] [com.teampotato.redirector.Redirector/]: Redirecting com/simibubi/create/foundation/utility/Pointing
[19Oct2025 17:23:36.176] [main/INFO] [com.teampotato.redirector.Redirector/]: Redirecting com/simibubi/create/content/trains/track/TrackShape
[19Oct2025 17:23:36.181] [main/INFO] [com.teampotato.redirector.Redirector/]: Redirecting com/simibubi/create/content/logistics/funnel/BeltFunnelBlock$Shape
[19Oct2025 17:23:36.182] [main/INFO] [com.teampotato.redirector.Redirector/]: Redirecting com/simibubi/create/content/logistics/tunnel/BeltTunnelBlock$Shape
[19Oct2025 17:23:36.185] [main/INFO] [com.teampotato.redirector.Redirector/]: Redirecting com/simibubi/create/content/redstone/nixieTube/DoubleFaceAttachedBlock$DoubleAttachFace
[19Oct2025 17:23:36.275] [main/INFO] [com.teampotato.redirector.Redirector/]: Redirecting net/blay09/mods/waystones/api/WaystoneOrigin
[19Oct2025 17:23:36.278] [main/INFO] [com.teampotato.redirector.Redirector/]: Redirecting net/blay09/mods/waystones/block/WarpPlateBlock$WarpPlateStatus
[19Oct2025 17:23:36.292] [main/INFO] [com.teampotato.redirector.Redirector/]: Redirecting com/cerbon/bosses_of_mass_destruction/block/custom/TripleBlockPart
[19Oct2025 17:23:36.300] [main/INFO] [com.teampotato.redirector.Redirector/]: Redirecting com/starfish_studios/another_furniture/block/properties/HorizontalConnectionType
[19Oct2025 17:23:36.300] [main/INFO] [com.teampotato.redirector.Redirector/]: Redirecting com/starfish_studios/another_furniture/block/properties/VerticalConnectionType
[19Oct2025 17:23:36.301] [main/INFO] [com.teampotato.redirector.Redirector/]: Redirecting com/starfish_studios/another_furniture/block/properties/SofaType
[19Oct2025 17:23:36.412] [main/INFO] [com.teampotato.redirector.Redirector/]: Redirecting net/mehvahdjukaar/supplementaries/common/block/ModBlockProperties$Topping
[19Oct2025 17:23:36.413] [main/INFO] [com.teampotato.redirector.Redirector/]: Redirecting net/mehvahdjukaar/supplementaries/common/block/ModBlockProperties$Winding
[19Oct2025 17:23:36.413] [main/INFO] [com.teampotato.redirector.Redirector/]: Redirecting net/mehvahdjukaar/supplementaries/common/block/ModBlockProperties$PostType
[19Oct2025 17:23:36.414] [main/INFO] [com.teampotato.redirector.Redirector/]: Redirecting net/mehvahdjukaar/supplementaries/common/block/ModBlockProperties$RakeDirection
[19Oct2025 17:23:36.415] [main/INFO] [com.teampotato.redirector.Redirector/]: Redirecting net/mehvahdjukaar/supplementaries/common/block/ModBlockProperties$DisplayStatus
[19Oct2025 17:23:36.415] [main/INFO] [com.teampotato.redirector.Redirector/]: Redirecting net/mehvahdjukaar/supplementaries/common/block/ModBlockProperties$Rune
[19Oct2025 17:23:36.416] [main/INFO] [com.teampotato.redirector.Redirector/]: Redirecting net/mehvahdjukaar/supplementaries/common/block/ModBlockProperties$Bunting
[19Oct2025 17:23:36.584] [main/INFO] [com.teampotato.redirector.Redirector/]: Redirecting com/jaquadro/minecraft/storagedrawers/block/EnumCompDrawer
[19Oct2025 17:23:36.643] [main/INFO] [Moonlight/]: Initialized block sets in 27ms
[19Oct2025 17:23:36.668] [main/INFO] [com.teampotato.redirector.Redirector/]: Redirecting daripher/skilltree/skill/bonus/multiplier/NoneLivingMultiplier
[19Oct2025 17:23:36.669] [main/INFO] [com.teampotato.redirector.Redirector/]: Redirecting daripher/skilltree/skill/bonus/condition/living/NoneLivingCondition
[19Oct2025 17:23:36.669] [main/INFO] [com.teampotato.redirector.Redirector/]: Redirecting daripher/skilltree/skill/bonus/condition/damage/NoneDamageCondition
[19Oct2025 17:23:36.787] [main/INFO] [com.teampotato.redirector.Redirector/]: Redirecting com/bobmowzie/mowziesmobs/server/entity/umvuthana/MaskType
[19Oct2025 17:23:36.813] [main/INFO] [com.teampotato.redirector.Redirector/]: Redirecting biomesoplenty/common/entity/BoatBOP$ModelType
[19Oct2025 17:23:36.817] [main/INFO] [com.teampotato.redirector.Redirector/]: Redirecting com/thevortex/allthemodium/material/AArmorMaterial
[19Oct2025 17:23:36.855] [main/INFO] [com.teampotato.redirector.Redirector/]: Redirecting dev/shadowsoffire/apotheosis/village/fletching/arrows/MiningArrowEntity$Type
[19Oct2025 17:23:36.868] [main/INFO] [com.teampotato.redirector.Redirector/]: Redirecting com/github/alexthe666/alexsmobs/item/ItemEcholocator$EchoType
[19Oct2025 17:23:36.887] [main/INFO] [com.teampotato.redirector.Redirector/]: Redirecting net/p3pp3rf1y/sophisticatedcore/upgrades/filter/Direction
[19Oct2025 17:23:36.937] [main/INFO] [com.teampotato.redirector.Redirector/]: Redirecting com/github/L_Ender/cataclysm/items/ModItemTier
[19Oct2025 17:23:36.942] [main/INFO] [com.teampotato.redirector.Redirector/]: Redirecting com/github/L_Ender/cataclysm/items/Armortier
[19Oct2025 17:23:36.948] [main/INFO] [com.teampotato.redirector.Redirector/]: Redirecting nonamecrackers2/witherstormmod/common/util/WitherStormModItemTier
[19Oct2025 17:23:36.962] [main/INFO] [com.teampotato.redirector.Redirector/]: Redirecting io/redspace/allthewizardgear/item/ExtendedArmorMaterials
[19Oct2025 17:23:36.966] [main/INFO] [com.teampotato.redirector.Redirector/]: Redirecting dev/ftb/mods/ftbquests/item/ScreenBlockItem$ScreenSize
[19Oct2025 17:23:36.978] [main/INFO] [com.teampotato.redirector.Redirector/]: Redirecting com/simibubi/create/content/equipment/armor/AllArmorMaterials
[19Oct2025 17:23:36.981] [main/INFO] [com.teampotato.redirector.Redirector/]: Redirecting com/simibubi/create/content/logistics/filter/FilterItem$FilterType
[19Oct2025 17:23:37.028] [main/INFO] [com.teampotato.redirector.Redirector/]: Redirecting com/faboslav/friendsandfoes/item/FriendsAndFoesArmorMaterials
[19Oct2025 17:23:37.032] [main/INFO] [com.teampotato.redirector.Redirector/]: Redirecting net/sweenus/simplyswords/item/ModToolMaterial
[19Oct2025 17:23:37.128] [main/INFO] [com.teampotato.redirector.Redirector/]: Redirecting net/mehvahdjukaar/supplementaries/common/entities/BombEntity$BombType
[19Oct2025 17:23:37.140] [main/INFO] [com.teampotato.redirector.Redirector/]: Redirecting com/jaquadro/minecraft/storagedrawers/item/EnumUpgradeStorage
[19Oct2025 17:23:37.142] [main/INFO] [com.teampotato.redirector.Redirector/]: Redirecting com/jaquadro/minecraft/storagedrawers/item/EnumUpgradeRedstone
[19Oct2025 17:23:37.147] [main/INFO] [com.teampotato.redirector.Redirector/]: Redirecting net/miauczel/legendary_monsters/item/custom/ModArmorMaterials
[19Oct2025 17:23:37.156] [main/INFO] [com.teampotato.redirector.Redirector/]: Redirecting net/miauczel/legendary_monsters/item/custom/WitherArmorMaterial
[19Oct2025 17:23:37.162] [main/INFO] [com.teampotato.redirector.Redirector/]: Redirecting net/miauczel/legendary_monsters/item/custom/ShulkerArmorMaterial
[19Oct2025 17:23:37.168] [main/INFO] [com.teampotato.redirector.Redirector/]: Redirecting net/miauczel/legendary_monsters/item/custom/ChorusArmorMaterial
[19Oct2025 17:23:37.183] [main/INFO] [com.teampotato.redirector.Redirector/]: Redirecting net/miauczel/legendary_monsters/item/custom/CloudyArmorMaterial
[19Oct2025 17:23:37.189] [main/INFO] [com.teampotato.redirector.Redirector/]: Redirecting net/miauczel/legendary_monsters/item/custom/BurntArmorMaterial
[19Oct2025 17:23:37.195] [main/INFO] [com.teampotato.redirector.Redirector/]: Redirecting net/miauczel/legendary_monsters/item/custom/DinosaurBoneArmorMaterial
[19Oct2025 17:23:37.212] [main/INFO] [com.teampotato.redirector.Redirector/]: Redirecting io/redspace/ironsspellbooks/item/weapons/ExtendedWeaponTiers
[19Oct2025 17:23:37.217] [main/INFO] [com.teampotato.redirector.Redirector/]: Redirecting io/redspace/ironsspellbooks/item/armor/UpgradeTypes
[19Oct2025 17:23:37.220] [main/INFO] [com.teampotato.redirector.Redirector/]: Redirecting io/redspace/ironsspellbooks/item/armor/ExtendedArmorMaterials
[19Oct2025 17:23:37.239] [main/INFO] [com.teampotato.redirector.Redirector/]: Redirecting net/brnbrd/delightful/common/item/DelightfulTiers
[19Oct2025 17:23:37.250] [main/INFO] [com.teampotato.redirector.Redirector/]: Redirecting net/brnbrd/delightful/common/item/ICompat$Strategy
[19Oct2025 17:23:38.233] [main/INFO] [com.teampotato.redirector.Redirector/]: Redirecting com/blamejared/crafttweaker/impl/script/ScriptRecipeType
[19Oct2025 17:23:38.264] [main/INFO] [com.teampotato.redirector.Redirector/]: Redirecting com/hollingsworth/arsnouveau/api/recipe/SummonRitualRecipe$MobSource
[19Oct2025 17:23:38.333] [main/INFO] [com.teampotato.redirector.Redirector/]: Redirecting com/jozufozu/flywheel/config/BackendTypeArgument
[19Oct2025 17:23:38.337] [main/INFO] [com.teampotato.redirector.Redirector/]: Redirecting net/darkhax/bookshelf/impl/commands/CommandHand$OutputType
[19Oct2025 17:23:38.379] [main/INFO] [com.teampotato.redirector.Redirector/]: Redirecting tictim/paraglider/forge/contents/loot/LootConditions
[19Oct2025 17:23:38.554] [main/INFO] [com.teampotato.redirector.Redirector/]: Redirecting io/github/edwinmindcraft/apoli/common/action/meta/SideConfiguration$Side
[19Oct2025 17:23:38.561] [main/INFO] [com.teampotato.redirector.Redirector/]: Redirecting net/merchantpug/apugli/action/factory/bientity/AddVelocityAction$Reference
[19Oct2025 17:23:38.563] [main/INFO] [com.teampotato.redirector.Redirector/]: Redirecting net/merchantpug/apugli/action/factory/bientity/SpawnCustomEffectCloudAction$PairEntity
[19Oct2025 17:23:38.564] [main/INFO] [com.teampotato.redirector.Redirector/]: Redirecting net/merchantpug/apugli/util/Side
[19Oct2025 17:23:38.575] [main/INFO] [com.teampotato.redirector.Redirector/]: Redirecting io/github/apace100/apoli/power/factory/condition/bientity/RelativeRotationCondition$RotationType
[19Oct2025 17:23:38.596] [main/INFO] [com.teampotato.redirector.Redirector/]: Redirecting io/github/apace100/apoli/util/Shape
[19Oct2025 17:23:38.606] [main/INFO] [com.teampotato.redirector.Redirector/]: Redirecting net/minecraft/world/level/LightLayer
[19Oct2025 17:23:38.611] [main/INFO] [com.teampotato.redirector.Redirector/]: Redirecting io/github/edwinmindcraft/apoli/common/action/configuration/ReferencePoint
[19Oct2025 17:23:38.689] [main/INFO] [com.teampotato.redirector.Redirector/]: Redirecting io/github/edwinmindcraft/apoli/common/condition/configuration/EnchantmentConfiguration$Calculation
[19Oct2025 17:23:38.722] [main/INFO] [com.teampotato.redirector.Redirector/]: Redirecting net/merchantpug/apugli/condition/factory/entity/BaseEnchantmentCondition$CalculationType
[19Oct2025 17:23:38.748] [main/INFO] [com.teampotato.redirector.Redirector/]: Redirecting io/github/edwinmindcraft/apoli/api/power/factory/ModifierOperation$Phase
[19Oct2025 17:23:38.762] [main/INFO] [com.teampotato.redirector.Redirector/]: Redirecting io/github/edwinmindcraft/apoli/common/power/configuration/ActionOnItemUseConfiguration$TriggerType
[19Oct2025 17:23:38.788] [main/INFO] [com.teampotato.redirector.Redirector/]: Redirecting io/github/edwinmindcraft/apoli/common/power/InventoryPower$ContainerType
[19Oct2025 17:23:38.806] [main/INFO] [com.teampotato.redirector.Redirector/]: Redirecting io/github/edwinmindcraft/apoli/common/power/configuration/ModifyPlayerSpawnConfiguration$SpawnStrategy
[19Oct2025 17:23:38.813] [main/INFO] [com.teampotato.redirector.Redirector/]: Redirecting io/github/edwinmindcraft/apoli/common/power/configuration/PhasingConfiguration$RenderType
[19Oct2025 17:23:38.842] [main/INFO] [com.teampotato.redirector.Redirector/]: Redirecting io/github/edwinmindcraft/apoli/common/power/configuration/OverlayConfiguration$DrawMode
[19Oct2025 17:23:38.843] [main/INFO] [com.teampotato.redirector.Redirector/]: Redirecting io/github/edwinmindcraft/apoli/common/power/configuration/OverlayConfiguration$DrawPhase
[19Oct2025 17:23:38.852] [main/INFO] [com.teampotato.redirector.Redirector/]: Redirecting io/github/edwinmindcraft/apoli/common/power/ModifyGrindstonePower$ResultType
[19Oct2025 17:23:38.875] [main/INFO] [com.teampotato.redirector.Redirector/]: Redirecting net/merchantpug/apugli/power/factory/DamageNearbyWhenHitPowerFactory$Inflictor
[19Oct2025 17:23:38.878] [main/INFO] [com.teampotato.redirector.Redirector/]: Redirecting net/merchantpug/apugli/power/factory/ModifyDurabilityChangePowerFactory$Function
[19Oct2025 17:23:38.917] [main/INFO] [ModdingLegacy/StructureGel/]: [structure_gel] Registering data for structure_gel:loot_table_alias
[19Oct2025 17:23:38.929] [main/INFO] [ModdingLegacy/StructureGel/]: [structure_gel] Registering data for structure_gel:data_handler_type
[19Oct2025 17:23:38.930] [main/INFO] [ModdingLegacy/StructureGel/]: [structure_gel] Registering data for structure_gel:dynamic_spawner
[19Oct2025 17:23:38.933] [main/INFO] [ModdingLegacy/StructureGel/]: [structure_gel] Registering data for structure_gel:jigsaw_type
[19Oct2025 17:23:38.938] [main/INFO] [com.teampotato.redirector.Redirector/]: Redirecting com/craisinlord/integrated_api/world/forge/AdditionsTemperatureModifier$TEMPERATURE_RANGE
[19Oct2025 17:23:38.992] [main/WARN] [net.minecraftforge.registries.ForgeRegistry/REGISTRIES]: Registry forge:global_loot_modifier_serializers: The object RecordCodec[UnitDecoder[vectorwing.farmersdelight.common.loot.modifier.AddItemModifier$$Lambda$26520/0x000071720305f6b0@3e49cce5] * Field[conditions: passthrough[flatXmapped]] * Field[item: net.minecraftforge.registries.ForgeRegistry$RegistryCodec@261d2a45] * OptionalFieldCodec[count: Int][xmapped]] has been registered twice for the same name farmersdelight:add_item.
[19Oct2025 17:23:38.992] [main/WARN] [net.minecraftforge.registries.ForgeRegistry/REGISTRIES]: Registry forge:global_loot_modifier_serializers: The object RecordCodec[UnitDecoder[vectorwing.farmersdelight.common.loot.modifier.AddLootTableModifier$$Lambda$26523/0x000071720305fd70@74d79748] * Field[conditions: passthrough[flatXmapped]] * Field[lootTable: String[comapFlatMapped]]] has been registered twice for the same name farmersdelight:add_loot_table.
[19Oct2025 17:23:38.992] [main/WARN] [net.minecraftforge.registries.ForgeRegistry/REGISTRIES]: Registry forge:global_loot_modifier_serializers: The object RecordCodec[UnitDecoder[vectorwing.farmersdelight.common.loot.modifier.PastrySlicingModifier$$Lambda$26526/0x000071720305d480@49c0f4a8] * Field[conditions: passthrough[flatXmapped]] * Field[slice: net.minecraftforge.registries.ForgeRegistry$RegistryCodec@261d2a45]] has been registered twice for the same name farmersdelight:pastry_slicing.
[19Oct2025 17:23:39.224] [main/INFO] [quark-zeta/]: Dispatching ForgeZEntityAttributeCreation (as ZEntityAttributeCreation) to 7 listeners
[19Oct2025 17:23:39.265] [main/INFO] [com.teampotato.redirector.Redirector/]: Redirecting net/minecraftforge/event/entity/SpawnPlacementRegisterEvent$Operation
[19Oct2025 17:23:39.517] [main/INFO] [zeta-internal/]: Dispatching ZConfigChanged to 2 listeners
[19Oct2025 17:23:39.518] [main/INFO] [zeta/]: 'zeta' is enabling Zeta's piston structure resolver.
[19Oct2025 17:23:39.535] [main/INFO] [com.teampotato.redirector.Redirector/]: Redirecting com/github/alexthe666/citadel/config/biome/BiomeEntryType
[19Oct2025 17:23:39.645] [main/INFO] [com.teampotato.redirector.Redirector/]: Redirecting tschipp/carryon/client/modeloverride/ModelOverride$Type
[19Oct2025 17:23:39.660] [main/INFO] [com.teampotato.redirector.Redirector/]: Redirecting com/github/L_Ender/lionfishapi/config/biome/BiomeEntryType
[19Oct2025 17:23:39.688] [main/INFO] [quark-zeta/]: Dispatching ZConfigChanged to 48 listeners
[19Oct2025 17:23:39.916] [modloading-worker-0/INFO] [com.teampotato.redirector.Redirector/]: Redirecting top/theillusivec4/curios/common/network/server/sync/SPacketSyncStack$HandlerType
[19Oct2025 17:23:39.927] [modloading-worker-0/INFO] [com.convallyria.hugestructureblocks.HugeStructureBlocksMod/]: Huge Structure Blocks is now making your structure blocks even bigger!
[19Oct2025 17:23:39.927] [modloading-worker-0/INFO] [com.convallyria.hugestructureblocks.HugeStructureBlocksMod/]: New structure size = 512
[19Oct2025 17:23:39.938] [modloading-worker-0/INFO] [com.teampotato.redirector.Redirector/]: Redirecting com/legacy/structure_gel/core/item/building_tool/ToolModeProperty$Replace
[19Oct2025 17:23:39.939] [modloading-worker-0/INFO] [com.teampotato.redirector.Redirector/]: Redirecting com/legacy/structure_gel/core/item/building_tool/ToolModeProperty$SGRotation
[19Oct2025 17:23:39.941] [modloading-worker-0/INFO] [com.teampotato.redirector.Redirector/]: Redirecting com/legacy/structure_gel/core/item/building_tool/ToolModeProperty$SGMirror
[19Oct2025 17:23:39.946] [modloading-worker-0/INFO] [com.teampotato.redirector.Redirector/]: Redirecting com/legacy/structure_gel/core/item/building_tool/ToolModeProperty$Shape
[19Oct2025 17:23:39.951] [modloading-worker-0/INFO] [necronomicon/]: File exists, reading config for elocindev.create_questing.forge.config.ConfigEntries.
[19Oct2025 17:23:39.956] [modloading-worker-0/INFO] [com.teampotato.redirector.Redirector/]: Redirecting team/creative/creativecore/common/config/sync/ConfigSynchronization
[19Oct2025 17:23:39.959] [modloading-worker-0/INFO] [necronomicon/]: Config for elocindev.create_questing.forge.config.ConfigEntries read successfully.
[19Oct2025 17:23:39.963] [modloading-worker-0/INFO] [com.teampotato.redirector.Redirector/]: Redirecting team/creative/creativecore/Side
[19Oct2025 17:23:39.969] [modloading-worker-0/INFO] [elocindev.create_questing.forge.CreateQuesting/]: Loaded Create Questing Config
[19Oct2025 17:23:39.974] [modloading-worker-0/INFO] [com.teampotato.redirector.Redirector/]: Redirecting mezz/jei/common/network/PacketIdServer
[19Oct2025 17:23:39.979] [modloading-worker-0/INFO] [com.teampotato.redirector.Redirector/]: Redirecting mezz/jei/common/config/GiveMode
[19Oct2025 17:23:39.983] [modloading-worker-0/INFO] [com.teampotato.redirector.Redirector/]: Redirecting com/blamejared/crafttweaker/api/zencode/scriptrun/ScriptRunConfiguration$RunKind
[19Oct2025 17:23:39.988] [modloading-worker-0/INFO] [com.teampotato.redirector.Redirector/]: Redirecting dev/shadowsoffire/apotheosis/adventure/boss/BossEvents$BossSpawnRules
[19Oct2025 17:23:39.989] [modloading-worker-0/INFO] [com.teampotato.redirector.Redirector/]: Redirecting com/blamejared/crafttweaker/api/zencode/scriptrun/ScriptDiscoveryConfiguration$SuspiciousNamesBehavior
[19Oct2025 17:23:39.995] [Forge Version Check/INFO] [net.minecraftforge.fml.VersionChecker/]: [secondchanceforge] Starting version check at https://infernalstudios.org/api/mods/secondchanceforge/forge
[19Oct2025 17:23:40.007] [modloading-worker-0/INFO] [com.teampotato.redirector.Redirector/]: Redirecting com/blamejared/crafttweaker/impl/script/scriptrun/DecoratedRunKind
[19Oct2025 17:23:40.021] [modloading-worker-0/INFO] [necronomicon/]: Necronomicon Initialized
[19Oct2025 17:23:40.022] [modloading-worker-0/INFO] [necronomicon/]: File exists, reading config for elocindev.necronomicon.NecronomiconConfig.
[19Oct2025 17:23:40.022] [modloading-worker-0/INFO] [necronomicon/]: Config for elocindev.necronomicon.NecronomiconConfig read successfully.
[19Oct2025 17:23:40.027] [modloading-worker-0/INFO] [necronomicon/]: there is a brick about to fall through your roof at terminal velocity
[19Oct2025 17:23:40.027] [modloading-worker-0/INFO] [necronomicon/]: there is a brick about to fall through your roof at terminal velocity
[19Oct2025 17:23:40.028] [modloading-worker-0/INFO] [studio.lunareclipse.watching.Init/]: From The Fog Loaded Successfully!
[19Oct2025 17:23:40.031] [modloading-worker-0/INFO] [com.teampotato.redirector.Redirector/]: Redirecting dev/kosmx/playerAnim/core/data/AnimationFormat
[19Oct2025 17:23:40.036] [modloading-worker-0/INFO] [com.teampotato.redirector.Redirector/]: Redirecting dev/kosmx/playerAnim/core/util/Ease
[19Oct2025 17:23:40.160] [Thread-0/INFO] [ModernFix/]: Please use /mfsrc to reload any changed mod config files
[19Oct2025 17:23:40.177] [modloading-worker-0/INFO] [com.teampotato.redirector.Redirector/]: Redirecting dev/shadowsoffire/apotheosis/adventure/affix/effect/PotionAffix$Target
[19Oct2025 17:23:40.184] [modloading-worker-0/INFO] [com.teampotato.redirector.Redirector/]: Redirecting dev/shadowsoffire/apotheosis/adventure/affix/effect/DamageReductionAffix$DamageType
[19Oct2025 17:23:40.191] [modloading-worker-0/INFO] [zeta-internal/]: Dispatching ForgeZCommonSetup (as ZCommonSetup) to 2 listeners
[19Oct2025 17:23:40.191] [modloading-worker-0/INFO] [com.teampotato.redirector.Redirector/]: Redirecting org/openzen/zenscript/lexer/ZSTokenType
[19Oct2025 17:23:40.219] [Forge Version Check/INFO] [net.minecraftforge.fml.VersionChecker/]: [secondchanceforge] Found status: BETA Current: 1.5.1 Target: null
[19Oct2025 17:23:40.219] [Forge Version Check/INFO] [net.minecraftforge.fml.VersionChecker/]: [majruszsdifficulty] Starting version check at https://raw.githubusercontent.com/Majrusz/MinecraftCommon/main/ProgressiveDifficulty/update.json
[19Oct2025 17:23:40.222] [modloading-worker-0/INFO] [com.connectivity.Connectivity/]: Connectivity initialized
[19Oct2025 17:23:40.261] [Forge Version Check/INFO] [net.minecraftforge.fml.VersionChecker/]: [majruszsdifficulty] Found status: UP_TO_DATE Current: 1.9.10 Target: null
[19Oct2025 17:23:40.261] [Forge Version Check/INFO] [net.minecraftforge.fml.VersionChecker/]: [maxhealthfix] Starting version check at https://updates.blamejared.com/get?n=maxhealthfix&gv=1.20.1
[19Oct2025 17:23:40.308] [modloading-worker-0/INFO] [com.lootintegrations.LootintegrationsMod/]: lootintegrations mod initialized
[19Oct2025 17:23:40.312] [modloading-worker-0/INFO] [com.teampotato.redirector.Redirector/]: Redirecting stdlib/Result$Discriminant
[19Oct2025 17:23:40.333] [modloading-worker-0/INFO] [com.teampotato.redirector.Redirector/]: Redirecting org/openzen/zenscript/parser/type/ParsedTypeBasic
[19Oct2025 17:23:40.337] [modloading-worker-0/INFO] [com.axedgaming.endersdelight.EndersDelight/]: HELLO FROM PREINIT
[19Oct2025 17:23:40.337] [modloading-worker-0/INFO] [com.axedgaming.endersdelight.EndersDelight/]: DIRT BLOCK >> translation{key='block.minecraft.dirt', args=[]}
[19Oct2025 17:23:40.356] [modloading-worker-0/INFO] [com.teampotato.redirector.Redirector/]: Redirecting com/cerbon/cerbons_api/api/network/data/Side
[19Oct2025 17:23:40.370] [modloading-worker-0/INFO] [com.teampotato.redirector.Redirector/]: Redirecting dev/ftb/mods/ftblibrary/integration/stages/StageHelper
[19Oct2025 17:23:40.372] [modloading-worker-0/INFO] [FTB XMod Compat/]: Chose [Entity Tags] as the active game stages implementation
[19Oct2025 17:23:40.373] [modloading-worker-0/INFO] [com.teampotato.redirector.Redirector/]: Redirecting dev/ftb/mods/ftblibrary/integration/permissions/PermissionHelper
[19Oct2025 17:23:40.374] [modloading-worker-0/INFO] [FTB XMod Compat/]: Chose [FALLBACK] as the active permissions implementation
[19Oct2025 17:23:40.380] [modloading-worker-0/INFO] [FTB XMod Compat/]: [FTB Quests] recipe helper provider is [JEI]
[19Oct2025 17:23:40.382] [modloading-worker-0/INFO] [com.teampotato.redirector.Redirector/]: Redirecting dev/ftb/mods/ftbquests/integration/item_filtering/ItemMatchingSystem
[19Oct2025 17:23:40.383] [modloading-worker-0/INFO] [FTB XMod Compat/]: [FTB Quests] Enabled Item Filters integration
[19Oct2025 17:23:40.386] [modloading-worker-0/INFO] [com.teampotato.redirector.Redirector/]: Redirecting org/openzen/zenscript/codemodel/CompareType
[19Oct2025 17:23:40.391] [modloading-worker-0/INFO] [com.teampotato.redirector.Redirector/]: Redirecting nonamecrackers2/witherstormmod/common/capability/WitherStormBowelsManager$BowelsEnterStatus
[19Oct2025 17:23:40.392] [modloading-worker-0/INFO] [Dungeon Crawl/]: Common Setup
[19Oct2025 17:23:40.395] [modloading-worker-0/INFO] [cn.mcmod_mmf.mmlib.Main/]: Presented by Zaia
[19Oct2025 17:23:40.402] [modloading-worker-0/INFO] [com.teampotato.redirector.Redirector/]: Redirecting com/faboslav/friendsandfoes/network/base/NetworkDirection
[19Oct2025 17:23:40.425] [modloading-worker-0/INFO] [com.teampotato.redirector.Redirector/]: Redirecting org/openzen/zenscript/codemodel/type/member/TypeMemberPriority
[19Oct2025 17:23:40.429] [modloading-worker-0/INFO] [net.pixeldreamstudios.passiveskilltreeadditions.PassiveSkillTreeAdditions/]: Setting up Passive Skill Tree Additions!
[19Oct2025 17:23:40.430] [modloading-worker-0/INFO] [quark-zeta/]: Dispatching ForgeZCommonSetup (as ZCommonSetup) to 42 listeners
[19Oct2025 17:23:40.452] [modloading-worker-0/INFO] [com.teampotato.redirector.Redirector/]: Redirecting org/openzen/zenscript/codemodel/type/member/BuiltinID
[19Oct2025 17:23:40.460] [modloading-worker-0/INFO] [com.teampotato.redirector.Redirector/]: Redirecting net/mehvahdjukaar/supplementaries/reg/LootTablesInjects$TableType
[19Oct2025 17:23:40.470] [modloading-worker-0/INFO] [com.jaquadro.minecraft.storagedrawers.StorageDrawers/]: New compacting rule 4 clay_ball = 1 clay
[19Oct2025 17:23:40.470] [modloading-worker-0/INFO] [com.jaquadro.minecraft.storagedrawers.StorageDrawers/]: New compacting rule 4 snowball = 1 snow_block
[19Oct2025 17:23:40.470] [modloading-worker-0/INFO] [com.jaquadro.minecraft.storagedrawers.StorageDrawers/]: New compacting rule 4 glowstone_dust = 1 glowstone
[19Oct2025 17:23:40.470] [modloading-worker-0/INFO] [com.jaquadro.minecraft.storagedrawers.StorageDrawers/]: New compacting rule 4 brick = 1 bricks
[19Oct2025 17:23:40.470] [modloading-worker-0/INFO] [com.jaquadro.minecraft.storagedrawers.StorageDrawers/]: New compacting rule 4 nether_brick = 1 nether_bricks
[19Oct2025 17:23:40.470] [modloading-worker-0/INFO] [com.jaquadro.minecraft.storagedrawers.StorageDrawers/]: New compacting rule 9 nether_wart = 1 nether_wart_block
[19Oct2025 17:23:40.471] [modloading-worker-0/INFO] [com.jaquadro.minecraft.storagedrawers.StorageDrawers/]: New compacting rule 4 quartz = 1 quartz_block
[19Oct2025 17:23:40.471] [modloading-worker-0/INFO] [com.jaquadro.minecraft.storagedrawers.StorageDrawers/]: New compacting rule 9 melon_slice = 1 melon
[19Oct2025 17:23:40.471] [modloading-worker-0/INFO] [com.jaquadro.minecraft.storagedrawers.StorageDrawers/]: New compacting rule 4 sand = 1 sandstone
[19Oct2025 17:23:40.471] [modloading-worker-0/INFO] [com.jaquadro.minecraft.storagedrawers.StorageDrawers/]: New compacting rule 4 red_sand = 1 red_sandstone
[19Oct2025 17:23:40.472] [modloading-worker-0/INFO] [com.jaquadro.minecraft.storagedrawers.StorageDrawers/]: New compacting rule 4 clay_ball = 1 clay
[19Oct2025 17:23:40.481] [modloading-worker-0/INFO] [com.teampotato.redirector.Redirector/]: Redirecting io/redspace/ironsspellbooks/api/spells/CastSource
[19Oct2025 17:23:40.486] [modloading-worker-0/INFO] [corgitaco.enhancedcelestials.EnhancedCelestials/]: Initialized enhancedcelestials network!
[19Oct2025 17:23:40.486] [modloading-worker-0/INFO] [CorgiLib/]: Initializing network...
[19Oct2025 17:23:40.490] [modloading-worker-0/INFO] [com.teampotato.redirector.Redirector/]: Redirecting corgitaco/corgilib/network/Packet$PacketDirection
[19Oct2025 17:23:40.495] [modloading-worker-0/INFO] [CorgiLib/]: Initialized network!
[19Oct2025 17:23:40.511] [modloading-worker-0/INFO] [com.teampotato.redirector.Redirector/]: Redirecting org/openzen/zenscript/codemodel/member/FunctionalKind
[19Oct2025 17:23:40.520] [modloading-worker-0/INFO] [com.teampotato.redirector.Redirector/]: Redirecting io/redspace/ironsspellbooks/network/ClientboundCastErrorMessage$ErrorType
[19Oct2025 17:23:40.540] [modloading-worker-0/INFO] [com.teampotato.redirector.Redirector/]: Redirecting org/openzen/zenscript/codemodel/SemanticModule$State
[19Oct2025 17:23:40.554] [modloading-worker-0/INFO] [com.teampotato.redirector.Redirector/]: Redirecting org/openzen/zenscript/validator/visitors/DefinitionMemberContext
[19Oct2025 17:23:40.558] [modloading-worker-0/INFO] [com.teampotato.redirector.Redirector/]: Redirecting org/openzen/zenscript/validator/TypeContext
[19Oct2025 17:23:40.596] [modloading-worker-0/INFO] [com.teampotato.redirector.Redirector/]: Redirecting org/openzen/zenscript/javashared/JavaClass$Kind
[19Oct2025 17:23:40.600] [modloading-worker-0/INFO] [com.teampotato.redirector.Redirector/]: Redirecting org/openzen/zencode/java/module/converters/JavaAnnotatedType$ElementType
[19Oct2025 17:23:40.605] [Forge Version Check/INFO] [net.minecraftforge.fml.VersionChecker/]: [maxhealthfix] Found status: BETA Current: 12.0.3 Target: 12.0.3
[19Oct2025 17:23:40.605] [Forge Version Check/INFO] [net.minecraftforge.fml.VersionChecker/]: [guardvillagers] Starting version check at https://raw.githubusercontent.com/seymourimadeit/guardvillagers/master/update.json
[19Oct2025 17:23:40.606] [modloading-worker-0/INFO] [com.teampotato.redirector.Redirector/]: Redirecting org/openzen/zenscript/javashared/JavaMethod$Kind
[19Oct2025 17:23:40.618] [Forge Version Check/INFO] [net.minecraftforge.fml.VersionChecker/]: [guardvillagers] Found status: BETA Current: 1.20.1-1.6.7 Target: 1.20-1.6.5
[19Oct2025 17:23:40.618] [Forge Version Check/INFO] [net.minecraftforge.fml.VersionChecker/]: [structure_gel] Starting version check at http://changelogs.moddinglegacy.com/structure-gel.json
[19Oct2025 17:23:40.760] [main/INFO] [com.teampotato.redirector.Redirector/]: Redirecting questsadditions/utils/BlockTypes
[19Oct2025 17:23:40.769] [main/INFO] [dev.architectury.networking.forge.NetworkManagerImpl/]: Registering C2S receiver with id questsadditions:submit_structure
[19Oct2025 17:23:40.779] [Forge Version Check/INFO] [net.minecraftforge.fml.VersionChecker/]: [structure_gel] Found status: BETA Current: 2.16.2 Target: null
[19Oct2025 17:23:40.781] [Forge Version Check/INFO] [net.minecraftforge.fml.VersionChecker/]: [advancementplaques] Starting version check at https://mc-update-check.anthonyhilyard.com/499826
[19Oct2025 17:23:40.786] [main/INFO] [com.teampotato.redirector.Redirector/]: Redirecting terrablender/api/RegionType
[19Oct2025 17:23:40.789] [main/INFO] [terrablender/]: Registered region minecraft:overworld to index 0 for type OVERWORLD
[19Oct2025 17:23:40.789] [main/INFO] [terrablender/]: Registered region minecraft:nether to index 0 for type NETHER
[19Oct2025 17:23:40.789] [main/INFO] [terrablender/]: Registered region biomesoplenty:overworld_primary to index 1 for type OVERWORLD
[19Oct2025 17:23:40.789] [main/INFO] [terrablender/]: Registered region biomesoplenty:overworld_secondary to index 2 for type OVERWORLD
[19Oct2025 17:23:40.789] [main/INFO] [terrablender/]: Registered region biomesoplenty:overworld_rare to index 3 for type OVERWORLD
[19Oct2025 17:23:40.789] [main/INFO] [terrablender/]: Registered region biomesoplenty:nether_common to index 1 for type NETHER
[19Oct2025 17:23:40.790] [main/INFO] [terrablender/]: Registered region biomesoplenty:nether_rare to index 2 for type NETHER
[19Oct2025 17:23:40.790] [main/INFO] [com.teampotato.redirector.Redirector/]: Redirecting terrablender/api/SurfaceRuleManager$RuleCategory
[19Oct2025 17:23:40.794] [main/INFO] [com.teampotato.redirector.Redirector/]: Redirecting terrablender/api/SurfaceRuleManager$RuleStage
[19Oct2025 17:23:40.799] [main/INFO] [zeta-internal/]: Dispatching ZConfigChanged to 2 listeners
[19Oct2025 17:23:40.800] [main/INFO] [quark-zeta/]: Dispatching ZConfigChanged to 48 listeners
[19Oct2025 17:23:40.845] [main/INFO] [terrablender/]: Registered region ars_nouveau:overworld to index 4 for type OVERWORLD
[19Oct2025 17:23:40.859] [main/INFO] [com.teampotato.redirector.Redirector/]: Redirecting com/mrcrayfish/framework/api/network/MessageDirection
[19Oct2025 17:23:40.866] [main/INFO] [com.teampotato.redirector.Redirector/]: Redirecting com/mrcrayfish/furniture/refurbished/computer/app/PaddleBall$Action
[19Oct2025 17:23:40.869] [main/INFO] [com.teampotato.redirector.Redirector/]: Redirecting com/mrcrayfish/furniture/refurbished/network/message/MessageToolAnimation$Tool
[19Oct2025 17:23:40.886] [main/INFO] [com.teampotato.redirector.Redirector/]: Redirecting com/mrcrayfish/framework/api/sync/SyncedDataKey$SyncMode
[19Oct2025 17:23:40.901] [main/INFO] [Framework/SYNCED_ENTITY_DATA]: Registered synced data key refurbished_furniture:lock_yaw for refurbished_furniture:seat
[19Oct2025 17:23:40.921] [main/INFO] [com.teampotato.redirector.Redirector/]: Redirecting com/mrcrayfish/configured/api/Environment
[19Oct2025 17:23:40.951] [main/INFO] [com.teampotato.redirector.Redirector/]: Redirecting com/simibubi/create/foundation/advancement/CreateAdvancement$TaskType
[19Oct2025 17:23:40.948] [Forge Version Check/WARN] [net.minecraftforge.fml.VersionChecker/]: Failed to process update information
javax.net.ssl.SSLHandshakeException: PKIX path validation failed: java.security.cert.CertPathValidatorException: validity check failed
	at jdk.internal.net.http.HttpClientImpl.send(HttpClientImpl.java:579) ~[java.net.http:?]
	at jdk.internal.net.http.HttpClientFacade.send(HttpClientFacade.java:123) ~[java.net.http:?]
	at net.minecraftforge.fml.VersionChecker$1.openUrlString(VersionChecker.java:142) ~[fmlcore-1.20.1-47.4.10.jar%23540!/:?]
	at net.minecraftforge.fml.VersionChecker$1.process(VersionChecker.java:180) ~[fmlcore-1.20.1-47.4.10.jar%23540!/:?]
	at java.lang.Iterable.forEach(Iterable.java:75) ~[?:?]
	at net.minecraftforge.fml.VersionChecker$1.run(VersionChecker.java:117) ~[fmlcore-1.20.1-47.4.10.jar%23540!/:?]
Caused by: javax.net.ssl.SSLHandshakeException: PKIX path validation failed: java.security.cert.CertPathValidatorException: validity check failed
	at sun.security.ssl.Alert.createSSLException(Alert.java:131) ~[?:?]
	at sun.security.ssl.TransportContext.fatal(TransportContext.java:383) ~[?:?]
	at sun.security.ssl.TransportContext.fatal(TransportContext.java:326) ~[?:?]
	at sun.security.ssl.TransportContext.fatal(TransportContext.java:321) ~[?:?]
	at sun.security.ssl.CertificateMessage$T12CertificateConsumer.checkServerCerts(CertificateMessage.java:654) ~[?:?]
	at sun.security.ssl.CertificateMessage$T12CertificateConsumer.onCertificate(CertificateMessage.java:473) ~[?:?]
	at sun.security.ssl.CertificateMessage$T12CertificateConsumer.consume(CertificateMessage.java:369) ~[?:?]
	at sun.security.ssl.SSLHandshake.consume(SSLHandshake.java:396) ~[?:?]
	at sun.security.ssl.HandshakeContext.dispatch(HandshakeContext.java:480) ~[?:?]
	at sun.security.ssl.SSLEngineImpl$DelegatedTask$DelegatedAction.run(SSLEngineImpl.java:1277) ~[?:?]
	at sun.security.ssl.SSLEngineImpl$DelegatedTask$DelegatedAction.run(SSLEngineImpl.java:1264) ~[?:?]
	at java.security.AccessController.doPrivileged(AccessController.java:712) ~[?:?]
	at sun.security.ssl.SSLEngineImpl$DelegatedTask.run(SSLEngineImpl.java:1209) ~[?:?]
	at java.util.ArrayList.forEach(ArrayList.java:1511) ~[?:?]
	at jdk.internal.net.http.common.SSLFlowDelegate.lambda$executeTasks$3(SSLFlowDelegate.java:1132) ~[java.net.http:?]
	at jdk.internal.net.http.HttpClientImpl$DelegatingExecutor.execute(HttpClientImpl.java:158) ~[java.net.http:?]
	at jdk.internal.net.http.common.SSLFlowDelegate.executeTasks(SSLFlowDelegate.java:1127) ~[java.net.http:?]
	at jdk.internal.net.http.common.SSLFlowDelegate.doHandshake(SSLFlowDelegate.java:1093) ~[java.net.http:?]
	at jdk.internal.net.http.common.SSLFlowDelegate$Reader.processData(SSLFlowDelegate.java:498) ~[java.net.http:?]
	at jdk.internal.net.http.common.SSLFlowDelegate$Reader$ReaderDownstreamPusher.run(SSLFlowDelegate.java:282) ~[java.net.http:?]
	at jdk.internal.net.http.common.SequentialScheduler$LockingRestartableTask.run(SequentialScheduler.java:205) ~[java.net.http:?]
	at jdk.internal.net.http.common.SequentialScheduler$CompleteRestartableTask.run(SequentialScheduler.java:149) ~[java.net.http:?]
	at jdk.internal.net.http.common.SequentialScheduler$TryEndDeferredCompleter.complete(SequentialScheduler.java:347) ~[java.net.http:?]
	at jdk.internal.net.http.common.SequentialScheduler$CompleteRestartableTask.run(SequentialScheduler.java:151) ~[java.net.http:?]
	at jdk.internal.net.http.common.SequentialScheduler$SchedulableTask.run(SequentialScheduler.java:230) ~[java.net.http:?]
	at java.util.concurrent.ThreadPoolExecutor.runWorker(ThreadPoolExecutor.java:1136) ~[?:?]
	at java.util.concurrent.ThreadPoolExecutor$Worker.run(ThreadPoolExecutor.java:635) ~[?:?]
	at java.lang.Thread.run(Thread.java:840) ~[?:?]
Caused by: sun.security.validator.ValidatorException: PKIX path validation failed: java.security.cert.CertPathValidatorException: validity check failed
	at sun.security.validator.PKIXValidator.doValidate(PKIXValidator.java:369) ~[?:?]
	at sun.security.validator.PKIXValidator.engineValidate(PKIXValidator.java:275) ~[?:?]
	at sun.security.validator.Validator.validate(Validator.java:264) ~[?:?]
	at sun.security.ssl.X509TrustManagerImpl.checkTrusted(X509TrustManagerImpl.java:285) ~[?:?]
	at sun.security.ssl.X509TrustManagerImpl.checkServerTrusted(X509TrustManagerImpl.java:144) ~[?:?]
	at sun.security.ssl.CertificateMessage$T12CertificateConsumer.checkServerCerts(CertificateMessage.java:632) ~[?:?]
	at sun.security.ssl.CertificateMessage$T12CertificateConsumer.onCertificate(CertificateMessage.java:473) ~[?:?]
	at sun.security.ssl.CertificateMessage$T12CertificateConsumer.consume(CertificateMessage.java:369) ~[?:?]
	at sun.security.ssl.SSLHandshake.consume(SSLHandshake.java:396) ~[?:?]
	at sun.security.ssl.HandshakeContext.dispatch(HandshakeContext.java:480) ~[?:?]
	at sun.security.ssl.SSLEngineImpl$DelegatedTask$DelegatedAction.run(SSLEngineImpl.java:1277) ~[?:?]
	at sun.security.ssl.SSLEngineImpl$DelegatedTask$DelegatedAction.run(SSLEngineImpl.java:1264) ~[?:?]
	at java.security.AccessController.doPrivileged(AccessController.java:712) ~[?:?]
	at sun.security.ssl.SSLEngineImpl$DelegatedTask.run(SSLEngineImpl.java:1209) ~[?:?]
	at java.util.ArrayList.forEach(ArrayList.java:1511) ~[?:?]
	at jdk.internal.net.http.common.SSLFlowDelegate.lambda$executeTasks$3(SSLFlowDelegate.java:1132) ~[java.net.http:?]
	at jdk.internal.net.http.HttpClientImpl$DelegatingExecutor.execute(HttpClientImpl.java:158) ~[java.net.http:?]
	at jdk.internal.net.http.common.SSLFlowDelegate.executeTasks(SSLFlowDelegate.java:1127) ~[java.net.http:?]
	at jdk.internal.net.http.common.SSLFlowDelegate.doHandshake(SSLFlowDelegate.java:1093) ~[java.net.http:?]
	at jdk.internal.net.http.common.SSLFlowDelegate$Reader.processData(SSLFlowDelegate.java:498) ~[java.net.http:?]
	at jdk.internal.net.http.common.SSLFlowDelegate$Reader$ReaderDownstreamPusher.run(SSLFlowDelegate.java:282) ~[java.net.http:?]
	at jdk.internal.net.http.common.SequentialScheduler$LockingRestartableTask.run(SequentialScheduler.java:205) ~[java.net.http:?]
	at jdk.internal.net.http.common.SequentialScheduler$CompleteRestartableTask.run(SequentialScheduler.java:149) ~[java.net.http:?]
	at jdk.internal.net.http.common.SequentialScheduler$TryEndDeferredCompleter.complete(SequentialScheduler.java:347) ~[java.net.http:?]
	at jdk.internal.net.http.common.SequentialScheduler$CompleteRestartableTask.run(SequentialScheduler.java:151) ~[java.net.http:?]
	at jdk.internal.net.http.common.SequentialScheduler$SchedulableTask.run(SequentialScheduler.java:230) ~[java.net.http:?]
	at java.util.concurrent.ThreadPoolExecutor.runWorker(ThreadPoolExecutor.java:1136) ~[?:?]
	at java.util.concurrent.ThreadPoolExecutor$Worker.run(ThreadPoolExecutor.java:635) ~[?:?]
	at java.lang.Thread.run(Thread.java:840) ~[?:?]
Caused by: java.security.cert.CertPathValidatorException: validity check failed
	at sun.security.provider.certpath.PKIXMasterCertPathValidator.validate(PKIXMasterCertPathValidator.java:135) ~[?:?]
	at sun.security.provider.certpath.PKIXCertPathValidator.validate(PKIXCertPathValidator.java:224) ~[?:?]
	at sun.security.provider.certpath.PKIXCertPathValidator.validate(PKIXCertPathValidator.java:144) ~[?:?]
	at sun.security.provider.certpath.PKIXCertPathValidator.engineValidate(PKIXCertPathValidator.java:83) ~[?:?]
	at java.security.cert.CertPathValidator.validate(CertPathValidator.java:309) ~[?:?]
	at sun.security.validator.PKIXValidator.doValidate(PKIXValidator.java:364) ~[?:?]
	at sun.security.validator.PKIXValidator.engineValidate(PKIXValidator.java:275) ~[?:?]
	at sun.security.validator.Validator.validate(Validator.java:264) ~[?:?]
	at sun.security.ssl.X509TrustManagerImpl.checkTrusted(X509TrustManagerImpl.java:285) ~[?:?]
	at sun.security.ssl.X509TrustManagerImpl.checkServerTrusted(X509TrustManagerImpl.java:144) ~[?:?]
	at sun.security.ssl.CertificateMessage$T12CertificateConsumer.checkServerCerts(CertificateMessage.java:632) ~[?:?]
	at sun.security.ssl.CertificateMessage$T12CertificateConsumer.onCertificate(CertificateMessage.java:473) ~[?:?]
	at sun.security.ssl.CertificateMessage$T12CertificateConsumer.consume(CertificateMessage.java:369) ~[?:?]
	at sun.security.ssl.SSLHandshake.consume(SSLHandshake.java:396) ~[?:?]
	at sun.security.ssl.HandshakeContext.dispatch(HandshakeContext.java:480) ~[?:?]
	at sun.security.ssl.SSLEngineImpl$DelegatedTask$DelegatedAction.run(SSLEngineImpl.java:1277) ~[?:?]
	at sun.security.ssl.SSLEngineImpl$DelegatedTask$DelegatedAction.run(SSLEngineImpl.java:1264) ~[?:?]
	at java.security.AccessController.doPrivileged(AccessController.java:712) ~[?:?]
	at sun.security.ssl.SSLEngineImpl$DelegatedTask.run(SSLEngineImpl.java:1209) ~[?:?]
	at java.util.ArrayList.forEach(ArrayList.java:1511) ~[?:?]
	at jdk.internal.net.http.common.SSLFlowDelegate.lambda$executeTasks$3(SSLFlowDelegate.java:1132) ~[java.net.http:?]
	at jdk.internal.net.http.HttpClientImpl$DelegatingExecutor.execute(HttpClientImpl.java:158) ~[java.net.http:?]
	at jdk.internal.net.http.common.SSLFlowDelegate.executeTasks(SSLFlowDelegate.java:1127) ~[java.net.http:?]
	at jdk.internal.net.http.common.SSLFlowDelegate.doHandshake(SSLFlowDelegate.java:1093) ~[java.net.http:?]
	at jdk.internal.net.http.common.SSLFlowDelegate$Reader.processData(SSLFlowDelegate.java:498) ~[java.net.http:?]
	at jdk.internal.net.http.common.SSLFlowDelegate$Reader$ReaderDownstreamPusher.run(SSLFlowDelegate.java:282) ~[java.net.http:?]
	at jdk.internal.net.http.common.SequentialScheduler$LockingRestartableTask.run(SequentialScheduler.java:205) ~[java.net.http:?]
	at jdk.internal.net.http.common.SequentialScheduler$CompleteRestartableTask.run(SequentialScheduler.java:149) ~[java.net.http:?]
	at jdk.internal.net.http.common.SequentialScheduler$TryEndDeferredCompleter.complete(SequentialScheduler.java:347) ~[java.net.http:?]
	at jdk.internal.net.http.common.SequentialScheduler$CompleteRestartableTask.run(SequentialScheduler.java:151) ~[java.net.http:?]
	at jdk.internal.net.http.common.SequentialScheduler$SchedulableTask.run(SequentialScheduler.java:230) ~[java.net.http:?]
	at java.util.concurrent.ThreadPoolExecutor.runWorker(ThreadPoolExecutor.java:1136) ~[?:?]
	at java.util.concurrent.ThreadPoolExecutor$Worker.run(ThreadPoolExecutor.java:635) ~[?:?]
	at java.lang.Thread.run(Thread.java:840) ~[?:?]
Caused by: java.security.cert.CertificateExpiredException: NotAfter: Sat Sep 06 14:33:56 UTC 2025
	at sun.security.x509.CertificateValidity.valid(CertificateValidity.java:274) ~[?:?]
	at sun.security.x509.X509CertImpl.checkValidity(X509CertImpl.java:621) ~[?:?]
	at sun.security.provider.certpath.BasicChecker.verifyValidity(BasicChecker.java:190) ~[?:?]
	at sun.security.provider.certpath.BasicChecker.check(BasicChecker.java:144) ~[?:?]
	at sun.security.provider.certpath.PKIXMasterCertPathValidator.validate(PKIXMasterCertPathValidator.java:125) ~[?:?]
	at sun.security.provider.certpath.PKIXCertPathValidator.validate(PKIXCertPathValidator.java:224) ~[?:?]
	at sun.security.provider.certpath.PKIXCertPathValidator.validate(PKIXCertPathValidator.java:144) ~[?:?]
	at sun.security.provider.certpath.PKIXCertPathValidator.engineValidate(PKIXCertPathValidator.java:83) ~[?:?]
	at java.security.cert.CertPathValidator.validate(CertPathValidator.java:309) ~[?:?]
	at sun.security.validator.PKIXValidator.doValidate(PKIXValidator.java:364) ~[?:?]
	at sun.security.validator.PKIXValidator.engineValidate(PKIXValidator.java:275) ~[?:?]
	at sun.security.validator.Validator.validate(Validator.java:264) ~[?:?]
	at sun.security.ssl.X509TrustManagerImpl.checkTrusted(X509TrustManagerImpl.java:285) ~[?:?]
	at sun.security.ssl.X509TrustManagerImpl.checkServerTrusted(X509TrustManagerImpl.java:144) ~[?:?]
	at sun.security.ssl.CertificateMessage$T12CertificateConsumer.checkServerCerts(CertificateMessage.java:632) ~[?:?]
	at sun.security.ssl.CertificateMessage$T12CertificateConsumer.onCertificate(CertificateMessage.java:473) ~[?:?]
	at sun.security.ssl.CertificateMessage$T12CertificateConsumer.consume(CertificateMessage.java:369) ~[?:?]
	at sun.security.ssl.SSLHandshake.consume(SSLHandshake.java:396) ~[?:?]
	at sun.security.ssl.HandshakeContext.dispatch(HandshakeContext.java:480) ~[?:?]
	at sun.security.ssl.SSLEngineImpl$DelegatedTask$DelegatedAction.run(SSLEngineImpl.java:1277) ~[?:?]
	at sun.security.ssl.SSLEngineImpl$DelegatedTask$DelegatedAction.run(SSLEngineImpl.java:1264) ~[?:?]
	at java.security.AccessController.doPrivileged(AccessController.java:712) ~[?:?]
	at sun.security.ssl.SSLEngineImpl$DelegatedTask.run(SSLEngineImpl.java:1209) ~[?:?]
	at java.util.ArrayList.forEach(ArrayList.java:1511) ~[?:?]
	at jdk.internal.net.http.common.SSLFlowDelegate.lambda$executeTasks$3(SSLFlowDelegate.java:1132) ~[java.net.http:?]
	at jdk.internal.net.http.HttpClientImpl$DelegatingExecutor.execute(HttpClientImpl.java:158) ~[java.net.http:?]
	at jdk.internal.net.http.common.SSLFlowDelegate.executeTasks(SSLFlowDelegate.java:1127) ~[java.net.http:?]
	at jdk.internal.net.http.common.SSLFlowDelegate.doHandshake(SSLFlowDelegate.java:1093) ~[java.net.http:?]
	at jdk.internal.net.http.common.SSLFlowDelegate$Reader.processData(SSLFlowDelegate.java:498) ~[java.net.http:?]
	at jdk.internal.net.http.common.SSLFlowDelegate$Reader$ReaderDownstreamPusher.run(SSLFlowDelegate.java:282) ~[java.net.http:?]
	at jdk.internal.net.http.common.SequentialScheduler$LockingRestartableTask.run(SequentialScheduler.java:205) ~[java.net.http:?]
	at jdk.internal.net.http.common.SequentialScheduler$CompleteRestartableTask.run(SequentialScheduler.java:149) ~[java.net.http:?]
	at jdk.internal.net.http.common.SequentialScheduler$TryEndDeferredCompleter.complete(SequentialScheduler.java:347) ~[java.net.http:?]
	at jdk.internal.net.http.common.SequentialScheduler$CompleteRestartableTask.run(SequentialScheduler.java:151) ~[java.net.http:?]
	at jdk.internal.net.http.common.SequentialScheduler$SchedulableTask.run(SequentialScheduler.java:230) ~[java.net.http:?]
	at java.util.concurrent.ThreadPoolExecutor.runWorker(ThreadPoolExecutor.java:1136) ~[?:?]
	at java.util.concurrent.ThreadPoolExecutor$Worker.run(ThreadPoolExecutor.java:635) ~[?:?]
	at java.lang.Thread.run(Thread.java:840) ~[?:?]
[19Oct2025 17:23:40.953] [Forge Version Check/INFO] [net.minecraftforge.fml.VersionChecker/]: [dungeons_plus] Starting version check at http://changelogs.moddinglegacy.com/dungeons-plus.json
[19Oct2025 17:23:41.003] [Forge Version Check/INFO] [net.minecraftforge.fml.VersionChecker/]: [dungeons_plus] Found status: BETA Current: 1.5.0 Target: null
[19Oct2025 17:23:41.003] [Forge Version Check/INFO] [net.minecraftforge.fml.VersionChecker/]: [mr_dungeons_andtaverns] Starting version check at https://api.modrinth.com/updates/tpehi7ww/forge_updates.json
[19Oct2025 17:23:41.041] [main/INFO] [Moonlight/]: Initialized color sets in 50ms
[19Oct2025 17:23:41.045] [main/INFO] [com.teampotato.redirector.Redirector/]: Redirecting net/minecraft/world/entity/raid/Raid$RaiderType
[19Oct2025 17:23:41.046] [main/INFO] [terrablender/]: Registered region quark:biome_provider to index 5 for type OVERWORLD
[19Oct2025 17:23:41.058] [main/INFO] [com.teampotato.redirector.Redirector/]: Redirecting com/simibubi/create/content/logistics/filter/ItemAttribute$StandardTraits
[19Oct2025 17:23:41.071] [Forge Version Check/INFO] [net.minecraftforge.fml.VersionChecker/]: [mr_dungeons_andtaverns] Found status: OUTDATED Current: 3.0.3.f Target: 3.0.3.f+mod
[19Oct2025 17:23:41.072] [Forge Version Check/INFO] [net.minecraftforge.fml.VersionChecker/]: [atlaslib] Starting version check at https://raw.githubusercontent.com/SmileycorpMC/Atlas-Lib/1.20/update.json
[19Oct2025 17:23:41.083] [Forge Version Check/INFO] [net.minecraftforge.fml.VersionChecker/]: [atlaslib] Found status: UP_TO_DATE Current: 1.1.12 Target: null
[19Oct2025 17:23:41.084] [Forge Version Check/INFO] [net.minecraftforge.fml.VersionChecker/]: [majruszlibrary] Starting version check at https://raw.githubusercontent.com/Majrusz/MinecraftCommon/main/Library/update.json
[19Oct2025 17:23:41.089] [main/INFO] [Supplementaries/]: Finished mod setup in: [14, 2, 0, 1, 0, 0, 9, 6, 0] ms
[19Oct2025 17:23:41.096] [Forge Version Check/INFO] [net.minecraftforge.fml.VersionChecker/]: [majruszlibrary] Found status: AHEAD Current: 7.0.8 Target: null
[19Oct2025 17:23:41.096] [Forge Version Check/INFO] [net.minecraftforge.fml.VersionChecker/]: [attributefix] Starting version check at https://updates.blamejared.com/get?n=attributefix&gv=1.20.1
[19Oct2025 17:23:41.099] [main/INFO] [team.lodestar.lodestone.LodestoneLib/]: Registering world event types...
[19Oct2025 17:23:41.182] [modloading-worker-0/INFO] [xaero.minimap.XaeroMinimap/]: Loading Xaero's Minimap - Stage 1/2 (Server)
[19Oct2025 17:23:41.183] [modloading-worker-0/INFO] [xaero.map.server.WorldMapServer/]: Loading Xaero's World Map - Stage 1/2 (Server)
[19Oct2025 17:23:41.198] [Forge Version Check/INFO] [net.minecraftforge.fml.VersionChecker/]: [attributefix] Found status: BETA Current: 21.0.4 Target: 21.0.4
[19Oct2025 17:23:41.198] [Forge Version Check/INFO] [net.minecraftforge.fml.VersionChecker/]: [souls_like_bosses] Starting version check at https://api.modrinth.com/updates/n382wpVP/forge_updates.json
[19Oct2025 17:23:41.207] [main/INFO] [xaero.map.server.WorldMapServer/]: Loading Xaero's World Map - Stage 2/2 (Server)
[19Oct2025 17:23:41.208] [main/INFO] [xaero.minimap.XaeroMinimap/]: Loading Xaero's Minimap - Stage 2/2 (Server)
[19Oct2025 17:23:41.254] [Forge Version Check/INFO] [net.minecraftforge.fml.VersionChecker/]: [souls_like_bosses] Found status: OUTDATED Current: 1.0 Target: 1.1.0+mod
[19Oct2025 17:23:41.254] [Forge Version Check/INFO] [net.minecraftforge.fml.VersionChecker/]: [goblintraders] Starting version check at https://mrcrayfish.com/modupdatejson?id=goblintraders
[19Oct2025 17:23:41.388] [modloading-worker-0/INFO] [io.redspace.ironsspellbooks.IronsSpellbooks/]: Got IMC []
[19Oct2025 17:23:41.389] [modloading-worker-0/INFO] [com.teampotato.redirector.Redirector/]: Redirecting top/theillusivec4/curios/api/SlotTypePreset
[19Oct2025 17:23:41.439] [Forge Version Check/WARN] [net.minecraftforge.fml.VersionChecker/]: Failed to process update information
com.google.gson.JsonSyntaxException: java.lang.IllegalStateException: Expected BEGIN_OBJECT but was STRING at line 1 column 1 path $
	at com.google.gson.Gson.fromJson(Gson.java:1226) ~[gson-2.10.jar%2372!/:?]
	at com.google.gson.Gson.fromJson(Gson.java:1124) ~[gson-2.10.jar%2372!/:?]
	at com.google.gson.Gson.fromJson(Gson.java:1034) ~[gson-2.10.jar%2372!/:?]
	at com.google.gson.Gson.fromJson(Gson.java:969) ~[gson-2.10.jar%2372!/:?]
	at net.minecraftforge.fml.VersionChecker$1.process(VersionChecker.java:186) ~[fmlcore-1.20.1-47.4.10.jar%23540!/:?]
	at java.lang.Iterable.forEach(Iterable.java:75) ~[?:?]
	at net.minecraftforge.fml.VersionChecker$1.run(VersionChecker.java:117) ~[fmlcore-1.20.1-47.4.10.jar%23540!/:?]
Caused by: java.lang.IllegalStateException: Expected BEGIN_OBJECT but was STRING at line 1 column 1 path $
	at com.google.gson.stream.JsonReader.beginObject(JsonReader.java:393) ~[gson-2.10.jar%2372!/:?]
	at com.google.gson.internal.bind.MapTypeAdapterFactory$Adapter.read(MapTypeAdapterFactory.java:182) ~[gson-2.10.jar%2372!/:?]
	at com.google.gson.internal.bind.MapTypeAdapterFactory$Adapter.read(MapTypeAdapterFactory.java:144) ~[gson-2.10.jar%2372!/:?]
	at com.google.gson.Gson.fromJson(Gson.java:1214) ~[gson-2.10.jar%2372!/:?]
	... 6 more
[19Oct2025 17:23:41.440] [Forge Version Check/INFO] [net.minecraftforge.fml.VersionChecker/]: [mr_annihilation_recreated] Starting version check at https://api.modrinth.com/updates/ZMHa3gsI/forge_updates.json
[19Oct2025 17:23:41.489] [modloading-worker-0/INFO] [zeta-internal/]: Dispatching ForgeZLoadComplete (as ZLoadComplete) to 1 listener
[19Oct2025 17:23:41.492] [modloading-worker-0/INFO] [AttributeFix/]: Loaded values for 126 compatible attributes.
[19Oct2025 17:23:41.496] [modloading-worker-0/INFO] [quark-zeta/]: Dispatching ForgeZLoadComplete (as ZLoadComplete) to 6 listeners
[19Oct2025 17:23:41.497] [modloading-worker-0/INFO] [AttributeFix/]: Loaded 126 values from config.
[19Oct2025 17:23:41.511] [modloading-worker-0/INFO] [AttributeFix/]: Saving config file. 126 entries.
[19Oct2025 17:23:41.511] [modloading-worker-0/INFO] [AttributeFix/]: Applying changes for 126 attributes.
[19Oct2025 17:23:41.516] [Forge Version Check/INFO] [net.minecraftforge.fml.VersionChecker/]: [mr_annihilation_recreated] Found status: AHEAD Current: 1-r1.1.1_mc1.20.1 Target: null
[19Oct2025 17:23:41.516] [Forge Version Check/INFO] [net.minecraftforge.fml.VersionChecker/]: [crafttweaker] Starting version check at https://updates.blamejared.com/get?n=crafttweaker&gv=1.20.1
[19Oct2025 17:23:41.521] [modloading-worker-0/INFO] [com.teampotato.redirector.Redirector/]: Redirecting snownee/jade/api/config/IWailaConfig$DisplayMode
[19Oct2025 17:23:41.522] [modloading-worker-0/INFO] [com.teampotato.redirector.Redirector/]: Redirecting snownee/jade/api/config/IWailaConfig$TTSMode
[19Oct2025 17:23:41.523] [modloading-worker-0/INFO] [com.teampotato.redirector.Redirector/]: Redirecting snownee/jade/api/config/IWailaConfig$FluidMode
[19Oct2025 17:23:41.524] [modloading-worker-0/INFO] [com.teampotato.redirector.Redirector/]: Redirecting snownee/jade/api/config/IWailaConfig$BossBarOverlapMode
[19Oct2025 17:23:41.530] [modloading-worker-0/INFO] [com.teampotato.redirector.Redirector/]: Redirecting snownee/jade/api/config/IWailaConfig$IconMode
[19Oct2025 17:23:41.538] [modloading-worker-0/INFO] [Jade/]: Start loading plugin at dev.shadowsoffire.apotheosis.spawn.compat.SpawnerHwylaPlugin
[19Oct2025 17:23:41.546] [modloading-worker-0/INFO] [Jade/]: Start loading plugin at dev.shadowsoffire.apotheosis.ench.compat.EnchHwylaPlugin
[19Oct2025 17:23:41.547] [modloading-worker-0/INFO] [Jade/]: Start loading plugin at dev.shadowsoffire.apotheosis.adventure.compat.AdventureHwylaPlugin
[19Oct2025 17:23:41.548] [modloading-worker-0/INFO] [Jade/]: Start loading plugin at de.maxhenkel.gravestone.integration.waila.PluginGraveStone
[19Oct2025 17:23:41.549] [modloading-worker-0/INFO] [Jade/]: Start loading plugin at com.hollingsworth.arsnouveau.client.waila.WailaArsNouveauPlugin
[19Oct2025 17:23:41.550] [modloading-worker-0/INFO] [Jade/]: Start loading plugin at net.blay09.mods.waystones.compat.JadeIntegration
[19Oct2025 17:23:41.551] [modloading-worker-0/INFO] [Jade/]: Start loading plugin at snownee.jade.addon.vanilla.VanillaPlugin
[19Oct2025 17:23:41.553] [modloading-worker-0/INFO] [com.teampotato.redirector.Redirector/]: Redirecting snownee/jade/addon/vanilla/BrewingStandProvider
[19Oct2025 17:23:41.553] [modloading-worker-0/INFO] [com.teampotato.redirector.Redirector/]: Redirecting snownee/jade/addon/vanilla/BeehiveProvider
[19Oct2025 17:23:41.554] [modloading-worker-0/INFO] [com.teampotato.redirector.Redirector/]: Redirecting snownee/jade/addon/vanilla/CommandBlockProvider
[19Oct2025 17:23:41.555] [modloading-worker-0/INFO] [com.teampotato.redirector.Redirector/]: Redirecting snownee/jade/addon/vanilla/JukeboxProvider
[19Oct2025 17:23:41.556] [modloading-worker-0/INFO] [com.teampotato.redirector.Redirector/]: Redirecting snownee/jade/addon/vanilla/LecternProvider
[19Oct2025 17:23:41.557] [modloading-worker-0/INFO] [com.teampotato.redirector.Redirector/]: Redirecting snownee/jade/addon/vanilla/RedstoneProvider
[19Oct2025 17:23:41.558] [modloading-worker-0/INFO] [com.teampotato.redirector.Redirector/]: Redirecting snownee/jade/addon/vanilla/FurnaceProvider
[19Oct2025 17:23:41.559] [modloading-worker-0/INFO] [com.teampotato.redirector.Redirector/]: Redirecting snownee/jade/addon/vanilla/ChiseledBookshelfProvider
[19Oct2025 17:23:41.560] [modloading-worker-0/INFO] [com.teampotato.redirector.Redirector/]: Redirecting snownee/jade/addon/universal/ItemStorageProvider
[19Oct2025 17:23:41.562] [modloading-worker-0/INFO] [com.teampotato.redirector.Redirector/]: Redirecting snownee/jade/addon/vanilla/AnimalOwnerProvider
[19Oct2025 17:23:41.563] [modloading-worker-0/INFO] [com.teampotato.redirector.Redirector/]: Redirecting snownee/jade/addon/vanilla/StatusEffectsProvider
[19Oct2025 17:23:41.564] [modloading-worker-0/INFO] [com.teampotato.redirector.Redirector/]: Redirecting snownee/jade/addon/vanilla/MobGrowthProvider
[19Oct2025 17:23:41.565] [modloading-worker-0/INFO] [com.teampotato.redirector.Redirector/]: Redirecting snownee/jade/addon/vanilla/MobBreedingProvider
[19Oct2025 17:23:41.566] [modloading-worker-0/INFO] [com.teampotato.redirector.Redirector/]: Redirecting snownee/jade/addon/vanilla/ChickenEggProvider
[19Oct2025 17:23:41.566] [modloading-worker-0/INFO] [com.teampotato.redirector.Redirector/]: Redirecting snownee/jade/addon/vanilla/ZombieVillagerProvider
[19Oct2025 17:23:41.567] [modloading-worker-0/INFO] [com.teampotato.redirector.Redirector/]: Redirecting snownee/jade/addon/vanilla/CampfireProvider
[19Oct2025 17:23:41.567] [modloading-worker-0/INFO] [Jade/]: Start loading plugin at snownee.jade.addon.universal.UniversalPlugin
[19Oct2025 17:23:41.568] [modloading-worker-0/INFO] [com.teampotato.redirector.Redirector/]: Redirecting snownee/jade/addon/universal/EntityItemStorageProvider
[19Oct2025 17:23:41.569] [modloading-worker-0/INFO] [com.teampotato.redirector.Redirector/]: Redirecting snownee/jade/addon/universal/FluidStorageProvider
[19Oct2025 17:23:41.570] [modloading-worker-0/INFO] [com.teampotato.redirector.Redirector/]: Redirecting snownee/jade/addon/universal/EntityFluidStorageProvider
[19Oct2025 17:23:41.571] [modloading-worker-0/INFO] [com.teampotato.redirector.Redirector/]: Redirecting snownee/jade/addon/universal/EnergyStorageProvider
[19Oct2025 17:23:41.572] [modloading-worker-0/INFO] [com.teampotato.redirector.Redirector/]: Redirecting snownee/jade/addon/universal/EntityEnergyStorageProvider
[19Oct2025 17:23:41.573] [modloading-worker-0/INFO] [com.teampotato.redirector.Redirector/]: Redirecting snownee/jade/addon/universal/ProgressProvider
[19Oct2025 17:23:41.574] [modloading-worker-0/INFO] [com.teampotato.redirector.Redirector/]: Redirecting snownee/jade/addon/universal/EntityProgressProvider
[19Oct2025 17:23:41.574] [modloading-worker-0/INFO] [Jade/]: Start loading plugin at snownee.jade.addon.core.CorePlugin
[19Oct2025 17:23:41.575] [modloading-worker-0/INFO] [com.teampotato.redirector.Redirector/]: Redirecting snownee/jade/addon/core/RegistryNameProvider$Mode
[19Oct2025 17:23:41.575] [modloading-worker-0/INFO] [com.teampotato.redirector.Redirector/]: Redirecting snownee/jade/addon/core/ObjectNameProvider
[19Oct2025 17:23:41.576] [modloading-worker-0/INFO] [Jade/]: Start loading plugin at net.mehvahdjukaar.supplementaries.integration.JadeCompat
[19Oct2025 17:23:41.577] [modloading-worker-0/INFO] [Jade/]: Start loading plugin at com.jaquadro.minecraft.storagedrawers.integration.Waila
[19Oct2025 17:23:41.578] [modloading-worker-0/INFO] [Jade/]: Start loading plugin at net.brnbrd.delightful.compat.jade.DelightfulJadePlugin
[19Oct2025 17:23:41.616] [Forge Version Check/INFO] [net.minecraftforge.fml.VersionChecker/]: [crafttweaker] Found status: BETA_OUTDATED Current: 14.0.43 Target: 14.0.59
[19Oct2025 17:23:41.616] [Forge Version Check/INFO] [net.minecraftforge.fml.VersionChecker/]: [forge] Starting version check at https://files.minecraftforge.net/net/minecraftforge/forge/promotions_slim.json
[19Oct2025 17:23:41.694] [Forge Version Check/INFO] [net.minecraftforge.fml.VersionChecker/]: [forge] Found status: AHEAD Current: 47.4.10 Target: null
[19Oct2025 17:23:41.694] [Forge Version Check/INFO] [net.minecraftforge.fml.VersionChecker/]: [flywheel] Starting version check at https://api.modrinth.com/updates/flywheel/forge_updates.json
[19Oct2025 17:23:41.727] [Forge Version Check/INFO] [net.minecraftforge.fml.VersionChecker/]: [flywheel] Found status: BETA Current: 0.6.11-13 Target: null
[19Oct2025 17:23:41.727] [Forge Version Check/INFO] [net.minecraftforge.fml.VersionChecker/]: [gravestone] Starting version check at https://update.maxhenkel.de/forge/gravestone
[19Oct2025 17:23:41.845] [main/INFO] [com.teampotato.redirector.Redirector/]: Redirecting org/embeddedt/modernfix/util/BakeReason
[19Oct2025 17:23:42.220] [Forge Version Check/INFO] [net.minecraftforge.fml.VersionChecker/]: [gravestone] Found status: OUTDATED Current: 1.20.1-1.0.15 Target: 1.20.1-1.0.35
[19Oct2025 17:23:42.220] [Forge Version Check/INFO] [net.minecraftforge.fml.VersionChecker/]: [embeddium_extra] Starting version check at https://api.modrinth.com/updates/rubidium-extra/forge_updates.json
[19Oct2025 17:23:42.257] [Forge Version Check/INFO] [net.minecraftforge.fml.VersionChecker/]: [embeddium_extra] Found status: OUTDATED Current: 0.5.4.3+mc1.20.1-build.121 Target: 0.5.4.4+mc1.20.1-build.131
[19Oct2025 17:23:42.257] [Forge Version Check/INFO] [net.minecraftforge.fml.VersionChecker/]: [mr_rpg_origins] Starting version check at https://api.modrinth.com/updates/2x88uc2n/forge_updates.json
[19Oct2025 17:23:42.293] [Forge Version Check/INFO] [net.minecraftforge.fml.VersionChecker/]: [mr_rpg_origins] Found status: OUTDATED Current: 1.4.0 Target: 1.4.4
[19Oct2025 17:23:42.293] [Forge Version Check/INFO] [net.minecraftforge.fml.VersionChecker/]: [prism] Starting version check at https://mc-update-check.anthonyhilyard.com/638111
[19Oct2025 17:23:42.325] [main/INFO] [com.mojang.authlib.yggdrasil.YggdrasilAuthenticationService/]: Environment: authHost='https://authserver.mojang.com', accountsHost='https://api.mojang.com', sessionHost='https://sessionserver.mojang.com', servicesHost='https://api.minecraftservices.com', name='PROD'
[19Oct2025 17:23:42.338] [Forge Version Check/WARN] [net.minecraftforge.fml.VersionChecker/]: Failed to process update information
javax.net.ssl.SSLHandshakeException: PKIX path validation failed: java.security.cert.CertPathValidatorException: validity check failed
	at jdk.internal.net.http.HttpClientImpl.send(HttpClientImpl.java:579) ~[java.net.http:?]
	at jdk.internal.net.http.HttpClientFacade.send(HttpClientFacade.java:123) ~[java.net.http:?]
	at net.minecraftforge.fml.VersionChecker$1.openUrlString(VersionChecker.java:142) ~[fmlcore-1.20.1-47.4.10.jar%23540!/:?]
	at net.minecraftforge.fml.VersionChecker$1.process(VersionChecker.java:180) ~[fmlcore-1.20.1-47.4.10.jar%23540!/:?]
	at java.lang.Iterable.forEach(Iterable.java:75) ~[?:?]
	at net.minecraftforge.fml.VersionChecker$1.run(VersionChecker.java:117) ~[fmlcore-1.20.1-47.4.10.jar%23540!/:?]
Caused by: javax.net.ssl.SSLHandshakeException: PKIX path validation failed: java.security.cert.CertPathValidatorException: validity check failed
	at sun.security.ssl.Alert.createSSLException(Alert.java:131) ~[?:?]
	at sun.security.ssl.TransportContext.fatal(TransportContext.java:383) ~[?:?]
	at sun.security.ssl.TransportContext.fatal(TransportContext.java:326) ~[?:?]
	at sun.security.ssl.TransportContext.fatal(TransportContext.java:321) ~[?:?]
	at sun.security.ssl.CertificateMessage$T12CertificateConsumer.checkServerCerts(CertificateMessage.java:654) ~[?:?]
	at sun.security.ssl.CertificateMessage$T12CertificateConsumer.onCertificate(CertificateMessage.java:473) ~[?:?]
	at sun.security.ssl.CertificateMessage$T12CertificateConsumer.consume(CertificateMessage.java:369) ~[?:?]
	at sun.security.ssl.SSLHandshake.consume(SSLHandshake.java:396) ~[?:?]
	at sun.security.ssl.HandshakeContext.dispatch(HandshakeContext.java:480) ~[?:?]
	at sun.security.ssl.SSLEngineImpl$DelegatedTask$DelegatedAction.run(SSLEngineImpl.java:1277) ~[?:?]
	at sun.security.ssl.SSLEngineImpl$DelegatedTask$DelegatedAction.run(SSLEngineImpl.java:1264) ~[?:?]
	at java.security.AccessController.doPrivileged(AccessController.java:712) ~[?:?]
	at sun.security.ssl.SSLEngineImpl$DelegatedTask.run(SSLEngineImpl.java:1209) ~[?:?]
	at java.util.ArrayList.forEach(ArrayList.java:1511) ~[?:?]
	at jdk.internal.net.http.common.SSLFlowDelegate.lambda$executeTasks$3(SSLFlowDelegate.java:1132) ~[java.net.http:?]
	at jdk.internal.net.http.HttpClientImpl$DelegatingExecutor.execute(HttpClientImpl.java:158) ~[java.net.http:?]
	at jdk.internal.net.http.common.SSLFlowDelegate.executeTasks(SSLFlowDelegate.java:1127) ~[java.net.http:?]
	at jdk.internal.net.http.common.SSLFlowDelegate.doHandshake(SSLFlowDelegate.java:1093) ~[java.net.http:?]
	at jdk.internal.net.http.common.SSLFlowDelegate$Reader.processData(SSLFlowDelegate.java:498) ~[java.net.http:?]
	at jdk.internal.net.http.common.SSLFlowDelegate$Reader$ReaderDownstreamPusher.run(SSLFlowDelegate.java:282) ~[java.net.http:?]
	at jdk.internal.net.http.common.SequentialScheduler$LockingRestartableTask.run(SequentialScheduler.java:205) ~[java.net.http:?]
	at jdk.internal.net.http.common.SequentialScheduler$CompleteRestartableTask.run(SequentialScheduler.java:149) ~[java.net.http:?]
	at jdk.internal.net.http.common.SequentialScheduler$TryEndDeferredCompleter.complete(SequentialScheduler.java:347) ~[java.net.http:?]
	at jdk.internal.net.http.common.SequentialScheduler$CompleteRestartableTask.run(SequentialScheduler.java:151) ~[java.net.http:?]
	at jdk.internal.net.http.common.SequentialScheduler$SchedulableTask.run(SequentialScheduler.java:230) ~[java.net.http:?]
	at java.util.concurrent.ThreadPoolExecutor.runWorker(ThreadPoolExecutor.java:1136) ~[?:?]
	at java.util.concurrent.ThreadPoolExecutor$Worker.run(ThreadPoolExecutor.java:635) ~[?:?]
	at java.lang.Thread.run(Thread.java:840) ~[?:?]
Caused by: sun.security.validator.ValidatorException: PKIX path validation failed: java.security.cert.CertPathValidatorException: validity check failed
	at sun.security.validator.PKIXValidator.doValidate(PKIXValidator.java:369) ~[?:?]
	at sun.security.validator.PKIXValidator.engineValidate(PKIXValidator.java:275) ~[?:?]
	at sun.security.validator.Validator.validate(Validator.java:264) ~[?:?]
	at sun.security.ssl.X509TrustManagerImpl.checkTrusted(X509TrustManagerImpl.java:285) ~[?:?]
	at sun.security.ssl.X509TrustManagerImpl.checkServerTrusted(X509TrustManagerImpl.java:144) ~[?:?]
	at sun.security.ssl.CertificateMessage$T12CertificateConsumer.checkServerCerts(CertificateMessage.java:632) ~[?:?]
	at sun.security.ssl.CertificateMessage$T12CertificateConsumer.onCertificate(CertificateMessage.java:473) ~[?:?]
	at sun.security.ssl.CertificateMessage$T12CertificateConsumer.consume(CertificateMessage.java:369) ~[?:?]
	at sun.security.ssl.SSLHandshake.consume(SSLHandshake.java:396) ~[?:?]
	at sun.security.ssl.HandshakeContext.dispatch(HandshakeContext.java:480) ~[?:?]
	at sun.security.ssl.SSLEngineImpl$DelegatedTask$DelegatedAction.run(SSLEngineImpl.java:1277) ~[?:?]
	at sun.security.ssl.SSLEngineImpl$DelegatedTask$DelegatedAction.run(SSLEngineImpl.java:1264) ~[?:?]
	at java.security.AccessController.doPrivileged(AccessController.java:712) ~[?:?]
	at sun.security.ssl.SSLEngineImpl$DelegatedTask.run(SSLEngineImpl.java:1209) ~[?:?]
	at java.util.ArrayList.forEach(ArrayList.java:1511) ~[?:?]
	at jdk.internal.net.http.common.SSLFlowDelegate.lambda$executeTasks$3(SSLFlowDelegate.java:1132) ~[java.net.http:?]
	at jdk.internal.net.http.HttpClientImpl$DelegatingExecutor.execute(HttpClientImpl.java:158) ~[java.net.http:?]
	at jdk.internal.net.http.common.SSLFlowDelegate.executeTasks(SSLFlowDelegate.java:1127) ~[java.net.http:?]
	at jdk.internal.net.http.common.SSLFlowDelegate.doHandshake(SSLFlowDelegate.java:1093) ~[java.net.http:?]
	at jdk.internal.net.http.common.SSLFlowDelegate$Reader.processData(SSLFlowDelegate.java:498) ~[java.net.http:?]
	at jdk.internal.net.http.common.SSLFlowDelegate$Reader$ReaderDownstreamPusher.run(SSLFlowDelegate.java:282) ~[java.net.http:?]
	at jdk.internal.net.http.common.SequentialScheduler$LockingRestartableTask.run(SequentialScheduler.java:205) ~[java.net.http:?]
	at jdk.internal.net.http.common.SequentialScheduler$CompleteRestartableTask.run(SequentialScheduler.java:149) ~[java.net.http:?]
	at jdk.internal.net.http.common.SequentialScheduler$TryEndDeferredCompleter.complete(SequentialScheduler.java:347) ~[java.net.http:?]
	at jdk.internal.net.http.common.SequentialScheduler$CompleteRestartableTask.run(SequentialScheduler.java:151) ~[java.net.http:?]
	at jdk.internal.net.http.common.SequentialScheduler$SchedulableTask.run(SequentialScheduler.java:230) ~[java.net.http:?]
	at java.util.concurrent.ThreadPoolExecutor.runWorker(ThreadPoolExecutor.java:1136) ~[?:?]
	at java.util.concurrent.ThreadPoolExecutor$Worker.run(ThreadPoolExecutor.java:635) ~[?:?]
	at java.lang.Thread.run(Thread.java:840) ~[?:?]
Caused by: java.security.cert.CertPathValidatorException: validity check failed
	at sun.security.provider.certpath.PKIXMasterCertPathValidator.validate(PKIXMasterCertPathValidator.java:135) ~[?:?]
	at sun.security.provider.certpath.PKIXCertPathValidator.validate(PKIXCertPathValidator.java:224) ~[?:?]
	at sun.security.provider.certpath.PKIXCertPathValidator.validate(PKIXCertPathValidator.java:144) ~[?:?]
	at sun.security.provider.certpath.PKIXCertPathValidator.engineValidate(PKIXCertPathValidator.java:83) ~[?:?]
	at java.security.cert.CertPathValidator.validate(CertPathValidator.java:309) ~[?:?]
	at sun.security.validator.PKIXValidator.doValidate(PKIXValidator.java:364) ~[?:?]
	at sun.security.validator.PKIXValidator.engineValidate(PKIXValidator.java:275) ~[?:?]
	at sun.security.validator.Validator.validate(Validator.java:264) ~[?:?]
	at sun.security.ssl.X509TrustManagerImpl.checkTrusted(X509TrustManagerImpl.java:285) ~[?:?]
	at sun.security.ssl.X509TrustManagerImpl.checkServerTrusted(X509TrustManagerImpl.java:144) ~[?:?]
	at sun.security.ssl.CertificateMessage$T12CertificateConsumer.checkServerCerts(CertificateMessage.java:632) ~[?:?]
	at sun.security.ssl.CertificateMessage$T12CertificateConsumer.onCertificate(CertificateMessage.java:473) ~[?:?]
	at sun.security.ssl.CertificateMessage$T12CertificateConsumer.consume(CertificateMessage.java:369) ~[?:?]
	at sun.security.ssl.SSLHandshake.consume(SSLHandshake.java:396) ~[?:?]
	at sun.security.ssl.HandshakeContext.dispatch(HandshakeContext.java:480) ~[?:?]
	at sun.security.ssl.SSLEngineImpl$DelegatedTask$DelegatedAction.run(SSLEngineImpl.java:1277) ~[?:?]
	at sun.security.ssl.SSLEngineImpl$DelegatedTask$DelegatedAction.run(SSLEngineImpl.java:1264) ~[?:?]
	at java.security.AccessController.doPrivileged(AccessController.java:712) ~[?:?]
	at sun.security.ssl.SSLEngineImpl$DelegatedTask.run(SSLEngineImpl.java:1209) ~[?:?]
	at java.util.ArrayList.forEach(ArrayList.java:1511) ~[?:?]
	at jdk.internal.net.http.common.SSLFlowDelegate.lambda$executeTasks$3(SSLFlowDelegate.java:1132) ~[java.net.http:?]
	at jdk.internal.net.http.HttpClientImpl$DelegatingExecutor.execute(HttpClientImpl.java:158) ~[java.net.http:?]
	at jdk.internal.net.http.common.SSLFlowDelegate.executeTasks(SSLFlowDelegate.java:1127) ~[java.net.http:?]
	at jdk.internal.net.http.common.SSLFlowDelegate.doHandshake(SSLFlowDelegate.java:1093) ~[java.net.http:?]
	at jdk.internal.net.http.common.SSLFlowDelegate$Reader.processData(SSLFlowDelegate.java:498) ~[java.net.http:?]
	at jdk.internal.net.http.common.SSLFlowDelegate$Reader$ReaderDownstreamPusher.run(SSLFlowDelegate.java:282) ~[java.net.http:?]
	at jdk.internal.net.http.common.SequentialScheduler$LockingRestartableTask.run(SequentialScheduler.java:205) ~[java.net.http:?]
	at jdk.internal.net.http.common.SequentialScheduler$CompleteRestartableTask.run(SequentialScheduler.java:149) ~[java.net.http:?]
	at jdk.internal.net.http.common.SequentialScheduler$TryEndDeferredCompleter.complete(SequentialScheduler.java:347) ~[java.net.http:?]
	at jdk.internal.net.http.common.SequentialScheduler$CompleteRestartableTask.run(SequentialScheduler.java:151) ~[java.net.http:?]
	at jdk.internal.net.http.common.SequentialScheduler$SchedulableTask.run(SequentialScheduler.java:230) ~[java.net.http:?]
	at java.util.concurrent.ThreadPoolExecutor.runWorker(ThreadPoolExecutor.java:1136) ~[?:?]
	at java.util.concurrent.ThreadPoolExecutor$Worker.run(ThreadPoolExecutor.java:635) ~[?:?]
	at java.lang.Thread.run(Thread.java:840) ~[?:?]
Caused by: java.security.cert.CertificateExpiredException: NotAfter: Sat Sep 06 14:33:56 UTC 2025
	at sun.security.x509.CertificateValidity.valid(CertificateValidity.java:274) ~[?:?]
	at sun.security.x509.X509CertImpl.checkValidity(X509CertImpl.java:621) ~[?:?]
	at sun.security.provider.certpath.BasicChecker.verifyValidity(BasicChecker.java:190) ~[?:?]
	at sun.security.provider.certpath.BasicChecker.check(BasicChecker.java:144) ~[?:?]
	at sun.security.provider.certpath.PKIXMasterCertPathValidator.validate(PKIXMasterCertPathValidator.java:125) ~[?:?]
	at sun.security.provider.certpath.PKIXCertPathValidator.validate(PKIXCertPathValidator.java:224) ~[?:?]
	at sun.security.provider.certpath.PKIXCertPathValidator.validate(PKIXCertPathValidator.java:144) ~[?:?]
	at sun.security.provider.certpath.PKIXCertPathValidator.engineValidate(PKIXCertPathValidator.java:83) ~[?:?]
	at java.security.cert.CertPathValidator.validate(CertPathValidator.java:309) ~[?:?]
	at sun.security.validator.PKIXValidator.doValidate(PKIXValidator.java:364) ~[?:?]
	at sun.security.validator.PKIXValidator.engineValidate(PKIXValidator.java:275) ~[?:?]
	at sun.security.validator.Validator.validate(Validator.java:264) ~[?:?]
	at sun.security.ssl.X509TrustManagerImpl.checkTrusted(X509TrustManagerImpl.java:285) ~[?:?]
	at sun.security.ssl.X509TrustManagerImpl.checkServerTrusted(X509TrustManagerImpl.java:144) ~[?:?]
	at sun.security.ssl.CertificateMessage$T12CertificateConsumer.checkServerCerts(CertificateMessage.java:632) ~[?:?]
	at sun.security.ssl.CertificateMessage$T12CertificateConsumer.onCertificate(CertificateMessage.java:473) ~[?:?]
	at sun.security.ssl.CertificateMessage$T12CertificateConsumer.consume(CertificateMessage.java:369) ~[?:?]
	at sun.security.ssl.SSLHandshake.consume(SSLHandshake.java:396) ~[?:?]
	at sun.security.ssl.HandshakeContext.dispatch(HandshakeContext.java:480) ~[?:?]
	at sun.security.ssl.SSLEngineImpl$DelegatedTask$DelegatedAction.run(SSLEngineImpl.java:1277) ~[?:?]
	at sun.security.ssl.SSLEngineImpl$DelegatedTask$DelegatedAction.run(SSLEngineImpl.java:1264) ~[?:?]
	at java.security.AccessController.doPrivileged(AccessController.java:712) ~[?:?]
	at sun.security.ssl.SSLEngineImpl$DelegatedTask.run(SSLEngineImpl.java:1209) ~[?:?]
	at java.util.ArrayList.forEach(ArrayList.java:1511) ~[?:?]
	at jdk.internal.net.http.common.SSLFlowDelegate.lambda$executeTasks$3(SSLFlowDelegate.java:1132) ~[java.net.http:?]
	at jdk.internal.net.http.HttpClientImpl$DelegatingExecutor.execute(HttpClientImpl.java:158) ~[java.net.http:?]
	at jdk.internal.net.http.common.SSLFlowDelegate.executeTasks(SSLFlowDelegate.java:1127) ~[java.net.http:?]
	at jdk.internal.net.http.common.SSLFlowDelegate.doHandshake(SSLFlowDelegate.java:1093) ~[java.net.http:?]
	at jdk.internal.net.http.common.SSLFlowDelegate$Reader.processData(SSLFlowDelegate.java:498) ~[java.net.http:?]
	at jdk.internal.net.http.common.SSLFlowDelegate$Reader$ReaderDownstreamPusher.run(SSLFlowDelegate.java:282) ~[java.net.http:?]
	at jdk.internal.net.http.common.SequentialScheduler$LockingRestartableTask.run(SequentialScheduler.java:205) ~[java.net.http:?]
	at jdk.internal.net.http.common.SequentialScheduler$CompleteRestartableTask.run(SequentialScheduler.java:149) ~[java.net.http:?]
	at jdk.internal.net.http.common.SequentialScheduler$TryEndDeferredCompleter.complete(SequentialScheduler.java:347) ~[java.net.http:?]
	at jdk.internal.net.http.common.SequentialScheduler$CompleteRestartableTask.run(SequentialScheduler.java:151) ~[java.net.http:?]
	at jdk.internal.net.http.common.SequentialScheduler$SchedulableTask.run(SequentialScheduler.java:230) ~[java.net.http:?]
	at java.util.concurrent.ThreadPoolExecutor.runWorker(ThreadPoolExecutor.java:1136) ~[?:?]
	at java.util.concurrent.ThreadPoolExecutor$Worker.run(ThreadPoolExecutor.java:635) ~[?:?]
	at java.lang.Thread.run(Thread.java:840) ~[?:?]
[19Oct2025 17:23:42.341] [Forge Version Check/INFO] [net.minecraftforge.fml.VersionChecker/]: [bookshelf] Starting version check at https://updates.blamejared.com/get?n=bookshelf&gv=1.20.1
[19Oct2025 17:23:42.446] [Forge Version Check/INFO] [net.minecraftforge.fml.VersionChecker/]: [bookshelf] Found status: BETA Current: 20.2.13 Target: 20.2.13
[19Oct2025 17:23:42.446] [Forge Version Check/INFO] [net.minecraftforge.fml.VersionChecker/]: [witherstormmod] Starting version check at https://raw.githubusercontent.com/nonamecrackers2/cwsm-update-info/main/update_checker.json
[19Oct2025 17:23:42.456] [Forge Version Check/INFO] [net.minecraftforge.fml.VersionChecker/]: [witherstormmod] Found status: UP_TO_DATE Current: 4.2.1 Target: null
[19Oct2025 17:23:42.456] [Forge Version Check/INFO] [net.minecraftforge.fml.VersionChecker/]: [refurbished_furniture] Starting version check at https://mrcrayfish.com/api/mod_update/forge/refurbished_furniture
[19Oct2025 17:23:42.466] [main/INFO] [ModernFix/]: Bypassed Mojang DFU
[19Oct2025 17:23:42.480] [Forge Version Check/WARN] [net.minecraftforge.fml.VersionChecker/]: Failed to process update information
com.google.gson.JsonSyntaxException: java.lang.IllegalStateException: Expected BEGIN_OBJECT but was STRING at line 1 column 1 path $
	at com.google.gson.Gson.fromJson(Gson.java:1226) ~[gson-2.10.jar%2372!/:?]
	at com.google.gson.Gson.fromJson(Gson.java:1124) ~[gson-2.10.jar%2372!/:?]
	at com.google.gson.Gson.fromJson(Gson.java:1034) ~[gson-2.10.jar%2372!/:?]
	at com.google.gson.Gson.fromJson(Gson.java:969) ~[gson-2.10.jar%2372!/:?]
	at net.minecraftforge.fml.VersionChecker$1.process(VersionChecker.java:186) ~[fmlcore-1.20.1-47.4.10.jar%23540!/:?]
	at java.lang.Iterable.forEach(Iterable.java:75) ~[?:?]
	at net.minecraftforge.fml.VersionChecker$1.run(VersionChecker.java:117) ~[fmlcore-1.20.1-47.4.10.jar%23540!/:?]
Caused by: java.lang.IllegalStateException: Expected BEGIN_OBJECT but was STRING at line 1 column 1 path $
	at com.google.gson.stream.JsonReader.beginObject(JsonReader.java:393) ~[gson-2.10.jar%2372!/:?]
	at com.google.gson.internal.bind.MapTypeAdapterFactory$Adapter.read(MapTypeAdapterFactory.java:182) ~[gson-2.10.jar%2372!/:?]
	at com.google.gson.internal.bind.MapTypeAdapterFactory$Adapter.read(MapTypeAdapterFactory.java:144) ~[gson-2.10.jar%2372!/:?]
	at com.google.gson.Gson.fromJson(Gson.java:1214) ~[gson-2.10.jar%2372!/:?]
	... 6 more
[19Oct2025 17:23:42.481] [Forge Version Check/INFO] [net.minecraftforge.fml.VersionChecker/]: [framework] Starting version check at https://mrcrayfish.com/modupdatejson?id=framework
[19Oct2025 17:23:42.503] [Forge Version Check/WARN] [net.minecraftforge.fml.VersionChecker/]: Failed to process update information
com.google.gson.JsonSyntaxException: java.lang.IllegalStateException: Expected BEGIN_OBJECT but was STRING at line 1 column 1 path $
	at com.google.gson.Gson.fromJson(Gson.java:1226) ~[gson-2.10.jar%2372!/:?]
	at com.google.gson.Gson.fromJson(Gson.java:1124) ~[gson-2.10.jar%2372!/:?]
	at com.google.gson.Gson.fromJson(Gson.java:1034) ~[gson-2.10.jar%2372!/:?]
	at com.google.gson.Gson.fromJson(Gson.java:969) ~[gson-2.10.jar%2372!/:?]
	at net.minecraftforge.fml.VersionChecker$1.process(VersionChecker.java:186) ~[fmlcore-1.20.1-47.4.10.jar%23540!/:?]
	at java.lang.Iterable.forEach(Iterable.java:75) ~[?:?]
	at net.minecraftforge.fml.VersionChecker$1.run(VersionChecker.java:117) ~[fmlcore-1.20.1-47.4.10.jar%23540!/:?]
Caused by: java.lang.IllegalStateException: Expected BEGIN_OBJECT but was STRING at line 1 column 1 path $
	at com.google.gson.stream.JsonReader.beginObject(JsonReader.java:393) ~[gson-2.10.jar%2372!/:?]
	at com.google.gson.internal.bind.MapTypeAdapterFactory$Adapter.read(MapTypeAdapterFactory.java:182) ~[gson-2.10.jar%2372!/:?]
	at com.google.gson.internal.bind.MapTypeAdapterFactory$Adapter.read(MapTypeAdapterFactory.java:144) ~[gson-2.10.jar%2372!/:?]
	at com.google.gson.Gson.fromJson(Gson.java:1214) ~[gson-2.10.jar%2372!/:?]
	... 6 more
[19Oct2025 17:23:42.504] [Forge Version Check/INFO] [net.minecraftforge.fml.VersionChecker/]: [configured] Starting version check at https://mrcrayfish.com/modupdatejson?id=configured
[19Oct2025 17:23:42.527] [Forge Version Check/WARN] [net.minecraftforge.fml.VersionChecker/]: Failed to process update information
com.google.gson.JsonSyntaxException: java.lang.IllegalStateException: Expected BEGIN_OBJECT but was STRING at line 1 column 1 path $
	at com.google.gson.Gson.fromJson(Gson.java:1226) ~[gson-2.10.jar%2372!/:?]
	at com.google.gson.Gson.fromJson(Gson.java:1124) ~[gson-2.10.jar%2372!/:?]
	at com.google.gson.Gson.fromJson(Gson.java:1034) ~[gson-2.10.jar%2372!/:?]
	at com.google.gson.Gson.fromJson(Gson.java:969) ~[gson-2.10.jar%2372!/:?]
	at net.minecraftforge.fml.VersionChecker$1.process(VersionChecker.java:186) ~[fmlcore-1.20.1-47.4.10.jar%23540!/:?]
	at java.lang.Iterable.forEach(Iterable.java:75) ~[?:?]
	at net.minecraftforge.fml.VersionChecker$1.run(VersionChecker.java:117) ~[fmlcore-1.20.1-47.4.10.jar%23540!/:?]
Caused by: java.lang.IllegalStateException: Expected BEGIN_OBJECT but was STRING at line 1 column 1 path $
	at com.google.gson.stream.JsonReader.beginObject(JsonReader.java:393) ~[gson-2.10.jar%2372!/:?]
	at com.google.gson.internal.bind.MapTypeAdapterFactory$Adapter.read(MapTypeAdapterFactory.java:182) ~[gson-2.10.jar%2372!/:?]
	at com.google.gson.internal.bind.MapTypeAdapterFactory$Adapter.read(MapTypeAdapterFactory.java:144) ~[gson-2.10.jar%2372!/:?]
	at com.google.gson.Gson.fromJson(Gson.java:1214) ~[gson-2.10.jar%2372!/:?]
	... 6 more
[19Oct2025 17:23:42.527] [Forge Version Check/INFO] [net.minecraftforge.fml.VersionChecker/]: [itemborders] Starting version check at https://mc-update-check.anthonyhilyard.com/513769
[19Oct2025 17:23:42.573] [Forge Version Check/WARN] [net.minecraftforge.fml.VersionChecker/]: Failed to process update information
javax.net.ssl.SSLHandshakeException: PKIX path validation failed: java.security.cert.CertPathValidatorException: validity check failed
	at jdk.internal.net.http.HttpClientImpl.send(HttpClientImpl.java:579) ~[java.net.http:?]
	at jdk.internal.net.http.HttpClientFacade.send(HttpClientFacade.java:123) ~[java.net.http:?]
	at net.minecraftforge.fml.VersionChecker$1.openUrlString(VersionChecker.java:142) ~[fmlcore-1.20.1-47.4.10.jar%23540!/:?]
	at net.minecraftforge.fml.VersionChecker$1.process(VersionChecker.java:180) ~[fmlcore-1.20.1-47.4.10.jar%23540!/:?]
	at java.lang.Iterable.forEach(Iterable.java:75) ~[?:?]
	at net.minecraftforge.fml.VersionChecker$1.run(VersionChecker.java:117) ~[fmlcore-1.20.1-47.4.10.jar%23540!/:?]
Caused by: javax.net.ssl.SSLHandshakeException: PKIX path validation failed: java.security.cert.CertPathValidatorException: validity check failed
	at sun.security.ssl.Alert.createSSLException(Alert.java:131) ~[?:?]
	at sun.security.ssl.TransportContext.fatal(TransportContext.java:383) ~[?:?]
	at sun.security.ssl.TransportContext.fatal(TransportContext.java:326) ~[?:?]
	at sun.security.ssl.TransportContext.fatal(TransportContext.java:321) ~[?:?]
	at sun.security.ssl.CertificateMessage$T12CertificateConsumer.checkServerCerts(CertificateMessage.java:654) ~[?:?]
	at sun.security.ssl.CertificateMessage$T12CertificateConsumer.onCertificate(CertificateMessage.java:473) ~[?:?]
	at sun.security.ssl.CertificateMessage$T12CertificateConsumer.consume(CertificateMessage.java:369) ~[?:?]
	at sun.security.ssl.SSLHandshake.consume(SSLHandshake.java:396) ~[?:?]
	at sun.security.ssl.HandshakeContext.dispatch(HandshakeContext.java:480) ~[?:?]
	at sun.security.ssl.SSLEngineImpl$DelegatedTask$DelegatedAction.run(SSLEngineImpl.java:1277) ~[?:?]
	at sun.security.ssl.SSLEngineImpl$DelegatedTask$DelegatedAction.run(SSLEngineImpl.java:1264) ~[?:?]
	at java.security.AccessController.doPrivileged(AccessController.java:712) ~[?:?]
	at sun.security.ssl.SSLEngineImpl$DelegatedTask.run(SSLEngineImpl.java:1209) ~[?:?]
	at java.util.ArrayList.forEach(ArrayList.java:1511) ~[?:?]
	at jdk.internal.net.http.common.SSLFlowDelegate.lambda$executeTasks$3(SSLFlowDelegate.java:1132) ~[java.net.http:?]
	at jdk.internal.net.http.HttpClientImpl$DelegatingExecutor.execute(HttpClientImpl.java:158) ~[java.net.http:?]
	at jdk.internal.net.http.common.SSLFlowDelegate.executeTasks(SSLFlowDelegate.java:1127) ~[java.net.http:?]
	at jdk.internal.net.http.common.SSLFlowDelegate.doHandshake(SSLFlowDelegate.java:1093) ~[java.net.http:?]
	at jdk.internal.net.http.common.SSLFlowDelegate$Reader.processData(SSLFlowDelegate.java:498) ~[java.net.http:?]
	at jdk.internal.net.http.common.SSLFlowDelegate$Reader$ReaderDownstreamPusher.run(SSLFlowDelegate.java:282) ~[java.net.http:?]
	at jdk.internal.net.http.common.SequentialScheduler$LockingRestartableTask.run(SequentialScheduler.java:205) ~[java.net.http:?]
	at jdk.internal.net.http.common.SequentialScheduler$CompleteRestartableTask.run(SequentialScheduler.java:149) ~[java.net.http:?]
	at jdk.internal.net.http.common.SequentialScheduler$TryEndDeferredCompleter.complete(SequentialScheduler.java:347) ~[java.net.http:?]
	at jdk.internal.net.http.common.SequentialScheduler$CompleteRestartableTask.run(SequentialScheduler.java:151) ~[java.net.http:?]
	at jdk.internal.net.http.common.SequentialScheduler$SchedulableTask.run(SequentialScheduler.java:230) ~[java.net.http:?]
	at java.util.concurrent.ThreadPoolExecutor.runWorker(ThreadPoolExecutor.java:1136) ~[?:?]
	at java.util.concurrent.ThreadPoolExecutor$Worker.run(ThreadPoolExecutor.java:635) ~[?:?]
	at java.lang.Thread.run(Thread.java:840) ~[?:?]
Caused by: sun.security.validator.ValidatorException: PKIX path validation failed: java.security.cert.CertPathValidatorException: validity check failed
	at sun.security.validator.PKIXValidator.doValidate(PKIXValidator.java:369) ~[?:?]
	at sun.security.validator.PKIXValidator.engineValidate(PKIXValidator.java:275) ~[?:?]
	at sun.security.validator.Validator.validate(Validator.java:264) ~[?:?]
	at sun.security.ssl.X509TrustManagerImpl.checkTrusted(X509TrustManagerImpl.java:285) ~[?:?]
	at sun.security.ssl.X509TrustManagerImpl.checkServerTrusted(X509TrustManagerImpl.java:144) ~[?:?]
	at sun.security.ssl.CertificateMessage$T12CertificateConsumer.checkServerCerts(CertificateMessage.java:632) ~[?:?]
	at sun.security.ssl.CertificateMessage$T12CertificateConsumer.onCertificate(CertificateMessage.java:473) ~[?:?]
	at sun.security.ssl.CertificateMessage$T12CertificateConsumer.consume(CertificateMessage.java:369) ~[?:?]
	at sun.security.ssl.SSLHandshake.consume(SSLHandshake.java:396) ~[?:?]
	at sun.security.ssl.HandshakeContext.dispatch(HandshakeContext.java:480) ~[?:?]
	at sun.security.ssl.SSLEngineImpl$DelegatedTask$DelegatedAction.run(SSLEngineImpl.java:1277) ~[?:?]
	at sun.security.ssl.SSLEngineImpl$DelegatedTask$DelegatedAction.run(SSLEngineImpl.java:1264) ~[?:?]
	at java.security.AccessController.doPrivileged(AccessController.java:712) ~[?:?]
	at sun.security.ssl.SSLEngineImpl$DelegatedTask.run(SSLEngineImpl.java:1209) ~[?:?]
	at java.util.ArrayList.forEach(ArrayList.java:1511) ~[?:?]
	at jdk.internal.net.http.common.SSLFlowDelegate.lambda$executeTasks$3(SSLFlowDelegate.java:1132) ~[java.net.http:?]
	at jdk.internal.net.http.HttpClientImpl$DelegatingExecutor.execute(HttpClientImpl.java:158) ~[java.net.http:?]
	at jdk.internal.net.http.common.SSLFlowDelegate.executeTasks(SSLFlowDelegate.java:1127) ~[java.net.http:?]
	at jdk.internal.net.http.common.SSLFlowDelegate.doHandshake(SSLFlowDelegate.java:1093) ~[java.net.http:?]
	at jdk.internal.net.http.common.SSLFlowDelegate$Reader.processData(SSLFlowDelegate.java:498) ~[java.net.http:?]
	at jdk.internal.net.http.common.SSLFlowDelegate$Reader$ReaderDownstreamPusher.run(SSLFlowDelegate.java:282) ~[java.net.http:?]
	at jdk.internal.net.http.common.SequentialScheduler$LockingRestartableTask.run(SequentialScheduler.java:205) ~[java.net.http:?]
	at jdk.internal.net.http.common.SequentialScheduler$CompleteRestartableTask.run(SequentialScheduler.java:149) ~[java.net.http:?]
	at jdk.internal.net.http.common.SequentialScheduler$TryEndDeferredCompleter.complete(SequentialScheduler.java:347) ~[java.net.http:?]
	at jdk.internal.net.http.common.SequentialScheduler$CompleteRestartableTask.run(SequentialScheduler.java:151) ~[java.net.http:?]
	at jdk.internal.net.http.common.SequentialScheduler$SchedulableTask.run(SequentialScheduler.java:230) ~[java.net.http:?]
	at java.util.concurrent.ThreadPoolExecutor.runWorker(ThreadPoolExecutor.java:1136) ~[?:?]
	at java.util.concurrent.ThreadPoolExecutor$Worker.run(ThreadPoolExecutor.java:635) ~[?:?]
	at java.lang.Thread.run(Thread.java:840) ~[?:?]
Caused by: java.security.cert.CertPathValidatorException: validity check failed
	at sun.security.provider.certpath.PKIXMasterCertPathValidator.validate(PKIXMasterCertPathValidator.java:135) ~[?:?]
	at sun.security.provider.certpath.PKIXCertPathValidator.validate(PKIXCertPathValidator.java:224) ~[?:?]
	at sun.security.provider.certpath.PKIXCertPathValidator.validate(PKIXCertPathValidator.java:144) ~[?:?]
	at sun.security.provider.certpath.PKIXCertPathValidator.engineValidate(PKIXCertPathValidator.java:83) ~[?:?]
	at java.security.cert.CertPathValidator.validate(CertPathValidator.java:309) ~[?:?]
	at sun.security.validator.PKIXValidator.doValidate(PKIXValidator.java:364) ~[?:?]
	at sun.security.validator.PKIXValidator.engineValidate(PKIXValidator.java:275) ~[?:?]
	at sun.security.validator.Validator.validate(Validator.java:264) ~[?:?]
	at sun.security.ssl.X509TrustManagerImpl.checkTrusted(X509TrustManagerImpl.java:285) ~[?:?]
	at sun.security.ssl.X509TrustManagerImpl.checkServerTrusted(X509TrustManagerImpl.java:144) ~[?:?]
	at sun.security.ssl.CertificateMessage$T12CertificateConsumer.checkServerCerts(CertificateMessage.java:632) ~[?:?]
	at sun.security.ssl.CertificateMessage$T12CertificateConsumer.onCertificate(CertificateMessage.java:473) ~[?:?]
	at sun.security.ssl.CertificateMessage$T12CertificateConsumer.consume(CertificateMessage.java:369) ~[?:?]
	at sun.security.ssl.SSLHandshake.consume(SSLHandshake.java:396) ~[?:?]
	at sun.security.ssl.HandshakeContext.dispatch(HandshakeContext.java:480) ~[?:?]
	at sun.security.ssl.SSLEngineImpl$DelegatedTask$DelegatedAction.run(SSLEngineImpl.java:1277) ~[?:?]
	at sun.security.ssl.SSLEngineImpl$DelegatedTask$DelegatedAction.run(SSLEngineImpl.java:1264) ~[?:?]
	at java.security.AccessController.doPrivileged(AccessController.java:712) ~[?:?]
	at sun.security.ssl.SSLEngineImpl$DelegatedTask.run(SSLEngineImpl.java:1209) ~[?:?]
	at java.util.ArrayList.forEach(ArrayList.java:1511) ~[?:?]
	at jdk.internal.net.http.common.SSLFlowDelegate.lambda$executeTasks$3(SSLFlowDelegate.java:1132) ~[java.net.http:?]
	at jdk.internal.net.http.HttpClientImpl$DelegatingExecutor.execute(HttpClientImpl.java:158) ~[java.net.http:?]
	at jdk.internal.net.http.common.SSLFlowDelegate.executeTasks(SSLFlowDelegate.java:1127) ~[java.net.http:?]
	at jdk.internal.net.http.common.SSLFlowDelegate.doHandshake(SSLFlowDelegate.java:1093) ~[java.net.http:?]
	at jdk.internal.net.http.common.SSLFlowDelegate$Reader.processData(SSLFlowDelegate.java:498) ~[java.net.http:?]
	at jdk.internal.net.http.common.SSLFlowDelegate$Reader$ReaderDownstreamPusher.run(SSLFlowDelegate.java:282) ~[java.net.http:?]
	at jdk.internal.net.http.common.SequentialScheduler$LockingRestartableTask.run(SequentialScheduler.java:205) ~[java.net.http:?]
	at jdk.internal.net.http.common.SequentialScheduler$CompleteRestartableTask.run(SequentialScheduler.java:149) ~[java.net.http:?]
	at jdk.internal.net.http.common.SequentialScheduler$TryEndDeferredCompleter.complete(SequentialScheduler.java:347) ~[java.net.http:?]
	at jdk.internal.net.http.common.SequentialScheduler$CompleteRestartableTask.run(SequentialScheduler.java:151) ~[java.net.http:?]
	at jdk.internal.net.http.common.SequentialScheduler$SchedulableTask.run(SequentialScheduler.java:230) ~[java.net.http:?]
	at java.util.concurrent.ThreadPoolExecutor.runWorker(ThreadPoolExecutor.java:1136) ~[?:?]
	at java.util.concurrent.ThreadPoolExecutor$Worker.run(ThreadPoolExecutor.java:635) ~[?:?]
	at java.lang.Thread.run(Thread.java:840) ~[?:?]
Caused by: java.security.cert.CertificateExpiredException: NotAfter: Sat Sep 06 14:33:56 UTC 2025
	at sun.security.x509.CertificateValidity.valid(CertificateValidity.java:274) ~[?:?]
	at sun.security.x509.X509CertImpl.checkValidity(X509CertImpl.java:621) ~[?:?]
	at sun.security.provider.certpath.BasicChecker.verifyValidity(BasicChecker.java:190) ~[?:?]
	at sun.security.provider.certpath.BasicChecker.check(BasicChecker.java:144) ~[?:?]
	at sun.security.provider.certpath.PKIXMasterCertPathValidator.validate(PKIXMasterCertPathValidator.java:125) ~[?:?]
	at sun.security.provider.certpath.PKIXCertPathValidator.validate(PKIXCertPathValidator.java:224) ~[?:?]
	at sun.security.provider.certpath.PKIXCertPathValidator.validate(PKIXCertPathValidator.java:144) ~[?:?]
	at sun.security.provider.certpath.PKIXCertPathValidator.engineValidate(PKIXCertPathValidator.java:83) ~[?:?]
	at java.security.cert.CertPathValidator.validate(CertPathValidator.java:309) ~[?:?]
	at sun.security.validator.PKIXValidator.doValidate(PKIXValidator.java:364) ~[?:?]
	at sun.security.validator.PKIXValidator.engineValidate(PKIXValidator.java:275) ~[?:?]
	at sun.security.validator.Validator.validate(Validator.java:264) ~[?:?]
	at sun.security.ssl.X509TrustManagerImpl.checkTrusted(X509TrustManagerImpl.java:285) ~[?:?]
	at sun.security.ssl.X509TrustManagerImpl.checkServerTrusted(X509TrustManagerImpl.java:144) ~[?:?]
	at sun.security.ssl.CertificateMessage$T12CertificateConsumer.checkServerCerts(CertificateMessage.java:632) ~[?:?]
	at sun.security.ssl.CertificateMessage$T12CertificateConsumer.onCertificate(CertificateMessage.java:473) ~[?:?]
	at sun.security.ssl.CertificateMessage$T12CertificateConsumer.consume(CertificateMessage.java:369) ~[?:?]
	at sun.security.ssl.SSLHandshake.consume(SSLHandshake.java:396) ~[?:?]
	at sun.security.ssl.HandshakeContext.dispatch(HandshakeContext.java:480) ~[?:?]
	at sun.security.ssl.SSLEngineImpl$DelegatedTask$DelegatedAction.run(SSLEngineImpl.java:1277) ~[?:?]
	at sun.security.ssl.SSLEngineImpl$DelegatedTask$DelegatedAction.run(SSLEngineImpl.java:1264) ~[?:?]
	at java.security.AccessController.doPrivileged(AccessController.java:712) ~[?:?]
	at sun.security.ssl.SSLEngineImpl$DelegatedTask.run(SSLEngineImpl.java:1209) ~[?:?]
	at java.util.ArrayList.forEach(ArrayList.java:1511) ~[?:?]
	at jdk.internal.net.http.common.SSLFlowDelegate.lambda$executeTasks$3(SSLFlowDelegate.java:1132) ~[java.net.http:?]
	at jdk.internal.net.http.HttpClientImpl$DelegatingExecutor.execute(HttpClientImpl.java:158) ~[java.net.http:?]
	at jdk.internal.net.http.common.SSLFlowDelegate.executeTasks(SSLFlowDelegate.java:1127) ~[java.net.http:?]
	at jdk.internal.net.http.common.SSLFlowDelegate.doHandshake(SSLFlowDelegate.java:1093) ~[java.net.http:?]
	at jdk.internal.net.http.common.SSLFlowDelegate$Reader.processData(SSLFlowDelegate.java:498) ~[java.net.http:?]
	at jdk.internal.net.http.common.SSLFlowDelegate$Reader$ReaderDownstreamPusher.run(SSLFlowDelegate.java:282) ~[java.net.http:?]
	at jdk.internal.net.http.common.SequentialScheduler$LockingRestartableTask.run(SequentialScheduler.java:205) ~[java.net.http:?]
	at jdk.internal.net.http.common.SequentialScheduler$CompleteRestartableTask.run(SequentialScheduler.java:149) ~[java.net.http:?]
	at jdk.internal.net.http.common.SequentialScheduler$TryEndDeferredCompleter.complete(SequentialScheduler.java:347) ~[java.net.http:?]
	at jdk.internal.net.http.common.SequentialScheduler$CompleteRestartableTask.run(SequentialScheduler.java:151) ~[java.net.http:?]
	at jdk.internal.net.http.common.SequentialScheduler$SchedulableTask.run(SequentialScheduler.java:230) ~[java.net.http:?]
	at java.util.concurrent.ThreadPoolExecutor.runWorker(ThreadPoolExecutor.java:1136) ~[?:?]
	at java.util.concurrent.ThreadPoolExecutor$Worker.run(ThreadPoolExecutor.java:635) ~[?:?]
	at java.lang.Thread.run(Thread.java:840) ~[?:?]
[19Oct2025 17:23:42.577] [Forge Version Check/INFO] [net.minecraftforge.fml.VersionChecker/]: [enchdesc] Starting version check at https://updates.blamejared.com/get?n=enchdesc&gv=1.20.1
[19Oct2025 17:23:42.678] [Forge Version Check/INFO] [net.minecraftforge.fml.VersionChecker/]: [enchdesc] Found status: BETA_OUTDATED Current: 17.0.16 Target: 17.1.19
[19Oct2025 17:23:42.678] [Forge Version Check/INFO] [net.minecraftforge.fml.VersionChecker/]: [moonlight] Starting version check at https://raw.githubusercontent.com/MehVahdJukaar/Moonlight/multi-loader/forge/update.json
[19Oct2025 17:23:42.687] [Forge Version Check/INFO] [net.minecraftforge.fml.VersionChecker/]: [moonlight] Found status: BETA Current: 1.20-2.12.6 Target: null
[19Oct2025 17:23:42.688] [Forge Version Check/INFO] [net.minecraftforge.fml.VersionChecker/]: [mr_ram_origin] Starting version check at https://api.modrinth.com/updates/4JHS6yj0/forge_updates.json
[19Oct2025 17:23:42.720] [Forge Version Check/INFO] [net.minecraftforge.fml.VersionChecker/]: [mr_ram_origin] Found status: UP_TO_DATE Current: 2.0.1 Target: null
[19Oct2025 17:23:42.721] [Forge Version Check/INFO] [net.minecraftforge.fml.VersionChecker/]: [iceberg] Starting version check at https://mc-update-check.anthonyhilyard.com/520110
[19Oct2025 17:23:42.768] [Forge Version Check/WARN] [net.minecraftforge.fml.VersionChecker/]: Failed to process update information
javax.net.ssl.SSLHandshakeException: PKIX path validation failed: java.security.cert.CertPathValidatorException: validity check failed
	at jdk.internal.net.http.HttpClientImpl.send(HttpClientImpl.java:579) ~[java.net.http:?]
	at jdk.internal.net.http.HttpClientFacade.send(HttpClientFacade.java:123) ~[java.net.http:?]
	at net.minecraftforge.fml.VersionChecker$1.openUrlString(VersionChecker.java:142) ~[fmlcore-1.20.1-47.4.10.jar%23540!/:?]
	at net.minecraftforge.fml.VersionChecker$1.process(VersionChecker.java:180) ~[fmlcore-1.20.1-47.4.10.jar%23540!/:?]
	at java.lang.Iterable.forEach(Iterable.java:75) ~[?:?]
	at net.minecraftforge.fml.VersionChecker$1.run(VersionChecker.java:117) ~[fmlcore-1.20.1-47.4.10.jar%23540!/:?]
Caused by: javax.net.ssl.SSLHandshakeException: PKIX path validation failed: java.security.cert.CertPathValidatorException: validity check failed
	at sun.security.ssl.Alert.createSSLException(Alert.java:131) ~[?:?]
	at sun.security.ssl.TransportContext.fatal(TransportContext.java:383) ~[?:?]
	at sun.security.ssl.TransportContext.fatal(TransportContext.java:326) ~[?:?]
	at sun.security.ssl.TransportContext.fatal(TransportContext.java:321) ~[?:?]
	at sun.security.ssl.CertificateMessage$T12CertificateConsumer.checkServerCerts(CertificateMessage.java:654) ~[?:?]
	at sun.security.ssl.CertificateMessage$T12CertificateConsumer.onCertificate(CertificateMessage.java:473) ~[?:?]
	at sun.security.ssl.CertificateMessage$T12CertificateConsumer.consume(CertificateMessage.java:369) ~[?:?]
	at sun.security.ssl.SSLHandshake.consume(SSLHandshake.java:396) ~[?:?]
	at sun.security.ssl.HandshakeContext.dispatch(HandshakeContext.java:480) ~[?:?]
	at sun.security.ssl.SSLEngineImpl$DelegatedTask$DelegatedAction.run(SSLEngineImpl.java:1277) ~[?:?]
	at sun.security.ssl.SSLEngineImpl$DelegatedTask$DelegatedAction.run(SSLEngineImpl.java:1264) ~[?:?]
	at java.security.AccessController.doPrivileged(AccessController.java:712) ~[?:?]
	at sun.security.ssl.SSLEngineImpl$DelegatedTask.run(SSLEngineImpl.java:1209) ~[?:?]
	at java.util.ArrayList.forEach(ArrayList.java:1511) ~[?:?]
	at jdk.internal.net.http.common.SSLFlowDelegate.lambda$executeTasks$3(SSLFlowDelegate.java:1132) ~[java.net.http:?]
	at jdk.internal.net.http.HttpClientImpl$DelegatingExecutor.execute(HttpClientImpl.java:158) ~[java.net.http:?]
	at jdk.internal.net.http.common.SSLFlowDelegate.executeTasks(SSLFlowDelegate.java:1127) ~[java.net.http:?]
	at jdk.internal.net.http.common.SSLFlowDelegate.doHandshake(SSLFlowDelegate.java:1093) ~[java.net.http:?]
	at jdk.internal.net.http.common.SSLFlowDelegate$Reader.processData(SSLFlowDelegate.java:498) ~[java.net.http:?]
	at jdk.internal.net.http.common.SSLFlowDelegate$Reader$ReaderDownstreamPusher.run(SSLFlowDelegate.java:282) ~[java.net.http:?]
	at jdk.internal.net.http.common.SequentialScheduler$LockingRestartableTask.run(SequentialScheduler.java:205) ~[java.net.http:?]
	at jdk.internal.net.http.common.SequentialScheduler$CompleteRestartableTask.run(SequentialScheduler.java:149) ~[java.net.http:?]
	at jdk.internal.net.http.common.SequentialScheduler$TryEndDeferredCompleter.complete(SequentialScheduler.java:347) ~[java.net.http:?]
	at jdk.internal.net.http.common.SequentialScheduler$CompleteRestartableTask.run(SequentialScheduler.java:151) ~[java.net.http:?]
	at jdk.internal.net.http.common.SequentialScheduler$SchedulableTask.run(SequentialScheduler.java:230) ~[java.net.http:?]
	at java.util.concurrent.ThreadPoolExecutor.runWorker(ThreadPoolExecutor.java:1136) ~[?:?]
	at java.util.concurrent.ThreadPoolExecutor$Worker.run(ThreadPoolExecutor.java:635) ~[?:?]
	at java.lang.Thread.run(Thread.java:840) ~[?:?]
Caused by: sun.security.validator.ValidatorException: PKIX path validation failed: java.security.cert.CertPathValidatorException: validity check failed
	at sun.security.validator.PKIXValidator.doValidate(PKIXValidator.java:369) ~[?:?]
	at sun.security.validator.PKIXValidator.engineValidate(PKIXValidator.java:275) ~[?:?]
	at sun.security.validator.Validator.validate(Validator.java:264) ~[?:?]
	at sun.security.ssl.X509TrustManagerImpl.checkTrusted(X509TrustManagerImpl.java:285) ~[?:?]
	at sun.security.ssl.X509TrustManagerImpl.checkServerTrusted(X509TrustManagerImpl.java:144) ~[?:?]
	at sun.security.ssl.CertificateMessage$T12CertificateConsumer.checkServerCerts(CertificateMessage.java:632) ~[?:?]
	at sun.security.ssl.CertificateMessage$T12CertificateConsumer.onCertificate(CertificateMessage.java:473) ~[?:?]
	at sun.security.ssl.CertificateMessage$T12CertificateConsumer.consume(CertificateMessage.java:369) ~[?:?]
	at sun.security.ssl.SSLHandshake.consume(SSLHandshake.java:396) ~[?:?]
	at sun.security.ssl.HandshakeContext.dispatch(HandshakeContext.java:480) ~[?:?]
	at sun.security.ssl.SSLEngineImpl$DelegatedTask$DelegatedAction.run(SSLEngineImpl.java:1277) ~[?:?]
	at sun.security.ssl.SSLEngineImpl$DelegatedTask$DelegatedAction.run(SSLEngineImpl.java:1264) ~[?:?]
	at java.security.AccessController.doPrivileged(AccessController.java:712) ~[?:?]
	at sun.security.ssl.SSLEngineImpl$DelegatedTask.run(SSLEngineImpl.java:1209) ~[?:?]
	at java.util.ArrayList.forEach(ArrayList.java:1511) ~[?:?]
	at jdk.internal.net.http.common.SSLFlowDelegate.lambda$executeTasks$3(SSLFlowDelegate.java:1132) ~[java.net.http:?]
	at jdk.internal.net.http.HttpClientImpl$DelegatingExecutor.execute(HttpClientImpl.java:158) ~[java.net.http:?]
	at jdk.internal.net.http.common.SSLFlowDelegate.executeTasks(SSLFlowDelegate.java:1127) ~[java.net.http:?]
	at jdk.internal.net.http.common.SSLFlowDelegate.doHandshake(SSLFlowDelegate.java:1093) ~[java.net.http:?]
	at jdk.internal.net.http.common.SSLFlowDelegate$Reader.processData(SSLFlowDelegate.java:498) ~[java.net.http:?]
	at jdk.internal.net.http.common.SSLFlowDelegate$Reader$ReaderDownstreamPusher.run(SSLFlowDelegate.java:282) ~[java.net.http:?]
	at jdk.internal.net.http.common.SequentialScheduler$LockingRestartableTask.run(SequentialScheduler.java:205) ~[java.net.http:?]
	at jdk.internal.net.http.common.SequentialScheduler$CompleteRestartableTask.run(SequentialScheduler.java:149) ~[java.net.http:?]
	at jdk.internal.net.http.common.SequentialScheduler$TryEndDeferredCompleter.complete(SequentialScheduler.java:347) ~[java.net.http:?]
	at jdk.internal.net.http.common.SequentialScheduler$CompleteRestartableTask.run(SequentialScheduler.java:151) ~[java.net.http:?]
	at jdk.internal.net.http.common.SequentialScheduler$SchedulableTask.run(SequentialScheduler.java:230) ~[java.net.http:?]
	at java.util.concurrent.ThreadPoolExecutor.runWorker(ThreadPoolExecutor.java:1136) ~[?:?]
	at java.util.concurrent.ThreadPoolExecutor$Worker.run(ThreadPoolExecutor.java:635) ~[?:?]
	at java.lang.Thread.run(Thread.java:840) ~[?:?]
Caused by: java.security.cert.CertPathValidatorException: validity check failed
	at sun.security.provider.certpath.PKIXMasterCertPathValidator.validate(PKIXMasterCertPathValidator.java:135) ~[?:?]
	at sun.security.provider.certpath.PKIXCertPathValidator.validate(PKIXCertPathValidator.java:224) ~[?:?]
	at sun.security.provider.certpath.PKIXCertPathValidator.validate(PKIXCertPathValidator.java:144) ~[?:?]
	at sun.security.provider.certpath.PKIXCertPathValidator.engineValidate(PKIXCertPathValidator.java:83) ~[?:?]
	at java.security.cert.CertPathValidator.validate(CertPathValidator.java:309) ~[?:?]
	at sun.security.validator.PKIXValidator.doValidate(PKIXValidator.java:364) ~[?:?]
	at sun.security.validator.PKIXValidator.engineValidate(PKIXValidator.java:275) ~[?:?]
	at sun.security.validator.Validator.validate(Validator.java:264) ~[?:?]
	at sun.security.ssl.X509TrustManagerImpl.checkTrusted(X509TrustManagerImpl.java:285) ~[?:?]
	at sun.security.ssl.X509TrustManagerImpl.checkServerTrusted(X509TrustManagerImpl.java:144) ~[?:?]
	at sun.security.ssl.CertificateMessage$T12CertificateConsumer.checkServerCerts(CertificateMessage.java:632) ~[?:?]
	at sun.security.ssl.CertificateMessage$T12CertificateConsumer.onCertificate(CertificateMessage.java:473) ~[?:?]
	at sun.security.ssl.CertificateMessage$T12CertificateConsumer.consume(CertificateMessage.java:369) ~[?:?]
	at sun.security.ssl.SSLHandshake.consume(SSLHandshake.java:396) ~[?:?]
	at sun.security.ssl.HandshakeContext.dispatch(HandshakeContext.java:480) ~[?:?]
	at sun.security.ssl.SSLEngineImpl$DelegatedTask$DelegatedAction.run(SSLEngineImpl.java:1277) ~[?:?]
	at sun.security.ssl.SSLEngineImpl$DelegatedTask$DelegatedAction.run(SSLEngineImpl.java:1264) ~[?:?]
	at java.security.AccessController.doPrivileged(AccessController.java:712) ~[?:?]
	at sun.security.ssl.SSLEngineImpl$DelegatedTask.run(SSLEngineImpl.java:1209) ~[?:?]
	at java.util.ArrayList.forEach(ArrayList.java:1511) ~[?:?]
	at jdk.internal.net.http.common.SSLFlowDelegate.lambda$executeTasks$3(SSLFlowDelegate.java:1132) ~[java.net.http:?]
	at jdk.internal.net.http.HttpClientImpl$DelegatingExecutor.execute(HttpClientImpl.java:158) ~[java.net.http:?]
	at jdk.internal.net.http.common.SSLFlowDelegate.executeTasks(SSLFlowDelegate.java:1127) ~[java.net.http:?]
	at jdk.internal.net.http.common.SSLFlowDelegate.doHandshake(SSLFlowDelegate.java:1093) ~[java.net.http:?]
	at jdk.internal.net.http.common.SSLFlowDelegate$Reader.processData(SSLFlowDelegate.java:498) ~[java.net.http:?]
	at jdk.internal.net.http.common.SSLFlowDelegate$Reader$ReaderDownstreamPusher.run(SSLFlowDelegate.java:282) ~[java.net.http:?]
	at jdk.internal.net.http.common.SequentialScheduler$LockingRestartableTask.run(SequentialScheduler.java:205) ~[java.net.http:?]
	at jdk.internal.net.http.common.SequentialScheduler$CompleteRestartableTask.run(SequentialScheduler.java:149) ~[java.net.http:?]
	at jdk.internal.net.http.common.SequentialScheduler$TryEndDeferredCompleter.complete(SequentialScheduler.java:347) ~[java.net.http:?]
	at jdk.internal.net.http.common.SequentialScheduler$CompleteRestartableTask.run(SequentialScheduler.java:151) ~[java.net.http:?]
	at jdk.internal.net.http.common.SequentialScheduler$SchedulableTask.run(SequentialScheduler.java:230) ~[java.net.http:?]
	at java.util.concurrent.ThreadPoolExecutor.runWorker(ThreadPoolExecutor.java:1136) ~[?:?]
	at java.util.concurrent.ThreadPoolExecutor$Worker.run(ThreadPoolExecutor.java:635) ~[?:?]
	at java.lang.Thread.run(Thread.java:840) ~[?:?]
Caused by: java.security.cert.CertificateExpiredException: NotAfter: Sat Sep 06 14:33:56 UTC 2025
	at sun.security.x509.CertificateValidity.valid(CertificateValidity.java:274) ~[?:?]
	at sun.security.x509.X509CertImpl.checkValidity(X509CertImpl.java:621) ~[?:?]
	at sun.security.provider.certpath.BasicChecker.verifyValidity(BasicChecker.java:190) ~[?:?]
	at sun.security.provider.certpath.BasicChecker.check(BasicChecker.java:144) ~[?:?]
	at sun.security.provider.certpath.PKIXMasterCertPathValidator.validate(PKIXMasterCertPathValidator.java:125) ~[?:?]
	at sun.security.provider.certpath.PKIXCertPathValidator.validate(PKIXCertPathValidator.java:224) ~[?:?]
	at sun.security.provider.certpath.PKIXCertPathValidator.validate(PKIXCertPathValidator.java:144) ~[?:?]
	at sun.security.provider.certpath.PKIXCertPathValidator.engineValidate(PKIXCertPathValidator.java:83) ~[?:?]
	at java.security.cert.CertPathValidator.validate(CertPathValidator.java:309) ~[?:?]
	at sun.security.validator.PKIXValidator.doValidate(PKIXValidator.java:364) ~[?:?]
	at sun.security.validator.PKIXValidator.engineValidate(PKIXValidator.java:275) ~[?:?]
	at sun.security.validator.Validator.validate(Validator.java:264) ~[?:?]
	at sun.security.ssl.X509TrustManagerImpl.checkTrusted(X509TrustManagerImpl.java:285) ~[?:?]
	at sun.security.ssl.X509TrustManagerImpl.checkServerTrusted(X509TrustManagerImpl.java:144) ~[?:?]
	at sun.security.ssl.CertificateMessage$T12CertificateConsumer.checkServerCerts(CertificateMessage.java:632) ~[?:?]
	at sun.security.ssl.CertificateMessage$T12CertificateConsumer.onCertificate(CertificateMessage.java:473) ~[?:?]
	at sun.security.ssl.CertificateMessage$T12CertificateConsumer.consume(CertificateMessage.java:369) ~[?:?]
	at sun.security.ssl.SSLHandshake.consume(SSLHandshake.java:396) ~[?:?]
	at sun.security.ssl.HandshakeContext.dispatch(HandshakeContext.java:480) ~[?:?]
	at sun.security.ssl.SSLEngineImpl$DelegatedTask$DelegatedAction.run(SSLEngineImpl.java:1277) ~[?:?]
	at sun.security.ssl.SSLEngineImpl$DelegatedTask$DelegatedAction.run(SSLEngineImpl.java:1264) ~[?:?]
	at java.security.AccessController.doPrivileged(AccessController.java:712) ~[?:?]
	at sun.security.ssl.SSLEngineImpl$DelegatedTask.run(SSLEngineImpl.java:1209) ~[?:?]
	at java.util.ArrayList.forEach(ArrayList.java:1511) ~[?:?]
	at jdk.internal.net.http.common.SSLFlowDelegate.lambda$executeTasks$3(SSLFlowDelegate.java:1132) ~[java.net.http:?]
	at jdk.internal.net.http.HttpClientImpl$DelegatingExecutor.execute(HttpClientImpl.java:158) ~[java.net.http:?]
	at jdk.internal.net.http.common.SSLFlowDelegate.executeTasks(SSLFlowDelegate.java:1127) ~[java.net.http:?]
	at jdk.internal.net.http.common.SSLFlowDelegate.doHandshake(SSLFlowDelegate.java:1093) ~[java.net.http:?]
	at jdk.internal.net.http.common.SSLFlowDelegate$Reader.processData(SSLFlowDelegate.java:498) ~[java.net.http:?]
	at jdk.internal.net.http.common.SSLFlowDelegate$Reader$ReaderDownstreamPusher.run(SSLFlowDelegate.java:282) ~[java.net.http:?]
	at jdk.internal.net.http.common.SequentialScheduler$LockingRestartableTask.run(SequentialScheduler.java:205) ~[java.net.http:?]
	at jdk.internal.net.http.common.SequentialScheduler$CompleteRestartableTask.run(SequentialScheduler.java:149) ~[java.net.http:?]
	at jdk.internal.net.http.common.SequentialScheduler$TryEndDeferredCompleter.complete(SequentialScheduler.java:347) ~[java.net.http:?]
	at jdk.internal.net.http.common.SequentialScheduler$CompleteRestartableTask.run(SequentialScheduler.java:151) ~[java.net.http:?]
	at jdk.internal.net.http.common.SequentialScheduler$SchedulableTask.run(SequentialScheduler.java:230) ~[java.net.http:?]
	at java.util.concurrent.ThreadPoolExecutor.runWorker(ThreadPoolExecutor.java:1136) ~[?:?]
	at java.util.concurrent.ThreadPoolExecutor$Worker.run(ThreadPoolExecutor.java:635) ~[?:?]
	at java.lang.Thread.run(Thread.java:840) ~[?:?]
[19Oct2025 17:23:42.770] [Forge Version Check/INFO] [net.minecraftforge.fml.VersionChecker/]: [supplementaries] Starting version check at https://raw.githubusercontent.com/MehVahdJukaar/Supplementaries/1.20/forge/update.json
[19Oct2025 17:23:42.779] [Forge Version Check/INFO] [net.minecraftforge.fml.VersionChecker/]: [supplementaries] Found status: BETA Current: 1.20-2.8.17 Target: null
[19Oct2025 17:23:42.779] [Forge Version Check/INFO] [net.minecraftforge.fml.VersionChecker/]: [delightful] Starting version check at https://raw.githubusercontent.com/brnbrd/Delightful/1.20.1/update/update.json
[19Oct2025 17:23:42.788] [Forge Version Check/INFO] [net.minecraftforge.fml.VersionChecker/]: [delightful] Found status: OUTDATED Current: 3.5.6 Target: 3.7.6
[19Oct2025 17:23:42.789] [Forge Version Check/INFO] [net.minecraftforge.fml.VersionChecker/]: [inventoryhud] Starting version check at https://raw.githubusercontent.com/DmitryLovin/pluginUpdate/master/invupdate.json
[19Oct2025 17:23:42.798] [Forge Version Check/INFO] [net.minecraftforge.fml.VersionChecker/]: [inventoryhud] Found status: UP_TO_DATE Current: 3.4.26 Target: null
[19Oct2025 17:23:43.169] [main/INFO] [com.teampotato.redirector.Redirector/]: Redirecting net/minecraft/nbt/StreamTagVisitor$ValueResult
[19Oct2025 17:23:43.170] [main/INFO] [com.teampotato.redirector.Redirector/]: Redirecting net/minecraft/nbt/StreamTagVisitor$EntryResult
[19Oct2025 17:23:43.217] [main/INFO] [com.teampotato.redirector.Redirector/]: Redirecting net/minecraft/util/datafix/DataFixTypes
[19Oct2025 17:23:43.239] [main/WARN] [net.minecraft.server.packs.VanillaPackResourcesBuilder/]: Assets URL 'union:/workspaces/Pruebas/servidor_minecraft/libraries/net/minecraft/server/1.20.1-20230612.114412/server-1.20.1-20230612.114412-srg.jar%23539!/assets/.mcassetsroot' uses unexpected schema
[19Oct2025 17:23:43.239] [main/WARN] [net.minecraft.server.packs.VanillaPackResourcesBuilder/]: Assets URL 'union:/workspaces/Pruebas/servidor_minecraft/libraries/net/minecraft/server/1.20.1-20230612.114412/server-1.20.1-20230612.114412-srg.jar%23539!/data/.mcassetsroot' uses unexpected schema
[19Oct2025 17:23:43.244] [main/INFO] [com.teampotato.redirector.Redirector/]: Redirecting net/minecraft/server/packs/repository/PackCompatibility
[19Oct2025 17:23:43.514] [main/INFO] [com.teampotato.redirector.Redirector/]: Redirecting net/mehvahdjukaar/moonlight/api/resources/ResType
[19Oct2025 17:23:43.584] [main/INFO] [com.teampotato.redirector.Redirector/]: Redirecting net/minecraft/data/recipes/RecipeCategory
[19Oct2025 17:23:43.601] [main/INFO] [Supplementaries/]: Generated runtime SERVER_DATA for pack Supplementaries Generated Pack (supplementaries) in: 91 ms
[19Oct2025 17:23:43.601] [main/INFO] [com.teampotato.redirector.Redirector/]: Redirecting net/minecraft/server/RegistryLayer
[19Oct2025 17:23:45.375] [main/INFO] [com.teampotato.redirector.Redirector/]: Redirecting com/craisinlord/integrated_api/world/structures/JigsawStructure$BURYING_TYPE
[19Oct2025 17:23:45.394] [main/INFO] [com.teampotato.redirector.Redirector/]: Redirecting com/craisinlord/integrated_api/world/structures/NetherJigsawStructure$LAND_SEARCH_DIRECTION
[19Oct2025 17:23:45.406] [main/INFO] [com.teampotato.redirector.Redirector/]: Redirecting com/finndog/mes/world/structures/GenericJigsawStructure$BURYING_TYPE
[19Oct2025 17:23:45.418] [main/INFO] [com.teampotato.redirector.Redirector/]: Redirecting com/finndog/mvs/world/structures/GenericJigsawStructure$BURYING_TYPE
[19Oct2025 17:23:45.461] [main/INFO] [com.teampotato.redirector.Redirector/]: Redirecting com/finndog/mss/world/structures/GenericJigsawStructure$BURYING_TYPE
[19Oct2025 17:23:45.478] [main/INFO] [com.teampotato.redirector.Redirector/]: Redirecting com/finndog/mns/world/structures/GenericJigsawStructure$BURYING_TYPE
[19Oct2025 17:23:45.482] [main/INFO] [com.teampotato.redirector.Redirector/]: Redirecting com/finndog/mns/world/structures/GenericNetherJigsawStructure$LAND_SEARCH_DIRECTION
[19Oct2025 17:23:45.658] [main/INFO] [com.teampotato.redirector.Redirector/]: Redirecting com/yungnickyoung/minecraft/bettermineshafts/world/config/BetterMineshaftConfiguration$LegVariant
[19Oct2025 17:23:45.702] [main/INFO] [com.teampotato.redirector.Redirector/]: Redirecting com/finndog/mvs/world/structures/GenericNetherJigsawStructure$LAND_SEARCH_DIRECTION
[19Oct2025 17:23:45.803] [main/INFO] [com.jtorleonstudios.libraryferret.LibraryFerret/]: Structure placement for `awesomedungeonend:aws_all_end_structures/start_pool`: { spacing: 20, separation: 15, salt: 49082056, useValueFromConfiguration: true}
[19Oct2025 17:23:45.844] [main/INFO] [com.jtorleonstudios.libraryferret.LibraryFerret/]: Structure placement for `awesomedungeonnether:nth_absi_palace/start_pool`: { spacing: 50, separation: 25, salt: 19482856, useValueFromConfiguration: true}
[19Oct2025 17:23:45.844] [main/INFO] [com.jtorleonstudios.libraryferret.LibraryFerret/]: Structure placement for `awesomedungeonnether:nth_accum_quad/start_pool`: { spacing: 50, separation: 25, salt: 28482856, useValueFromConfiguration: true}
[19Oct2025 17:23:45.844] [main/INFO] [com.jtorleonstudios.libraryferret.LibraryFerret/]: Structure placement for `awesomedungeonnether:nth_blaze_tower/start_pool`: { spacing: 50, separation: 25, salt: 37482856, useValueFromConfiguration: true}
[19Oct2025 17:23:45.844] [main/INFO] [com.jtorleonstudios.libraryferret.LibraryFerret/]: Structure placement for `awesomedungeonnether:nth_center_square/start_pool`: { spacing: 50, separation: 25, salt: 46482856, useValueFromConfiguration: true}
[19Oct2025 17:23:45.844] [main/INFO] [com.jtorleonstudios.libraryferret.LibraryFerret/]: Structure placement for `awesomedungeonnether:nth_giant_crimson_tree/start_pool`: { spacing: 50, separation: 25, salt: 55482856, useValueFromConfiguration: true}
[19Oct2025 17:23:45.845] [main/INFO] [com.jtorleonstudios.libraryferret.LibraryFerret/]: Structure placement for `awesomedungeonnether:nth_obsi_house/start_pool`: { spacing: 50, separation: 25, salt: 64482856, useValueFromConfiguration: true}
[19Oct2025 17:23:45.967] [main/INFO] [com.teampotato.redirector.Redirector/]: Redirecting com/yungnickyoung/minecraft/betterdungeons/world/DungeonType
[19Oct2025 17:23:46.044] [main/INFO] [com.teampotato.redirector.Redirector/]: Redirecting net/minecraft/world/level/block/entity/JigsawBlockEntity$JointType
[19Oct2025 17:23:46.426] [main/INFO] [com.teampotato.redirector.Redirector/]: Redirecting net/minecraft/world/level/levelgen/DensityFunctions$MulOrAdd$Type
[19Oct2025 17:23:47.821] [main/INFO] [com.teampotato.redirector.Redirector/]: Redirecting net/minecraft/world/level/storage/PrimaryLevelData$SpecialWorldProperty
[19Oct2025 17:23:47.886] [main/INFO] [com.teampotato.redirector.Redirector/]: Redirecting net/minecraft/commands/CommandBuildContext$MissingTagAccessPolicy
[19Oct2025 17:23:48.047] [main/INFO] [net.minecraftforge.coremod.CoreMod.apotheosis/COREMODLOG]: Replaced 2 calls to Enchantment#getMaxLevel() in net/minecraft/server/commands/EnchantCommand
[19Oct2025 17:23:48.094] [main/WARN] [mixin/]: @ModifyConstant conflict. Skipping integrated_api-common.mixins.json:command.PlaceCommandUnlimit->@ModifyConstant::changeJigsawDepth(I)I with priority 999, already redirected by hugestructureblocks.mixins.json:structure.PlaceCommandUnlimit->@ModifyConstant::changeJigsawDepth(I)I with priority 999
[19Oct2025 17:23:48.284] [main/INFO] [com.teampotato.redirector.Redirector/]: Redirecting tictim/paraglider/command/ParagliderCommands$ResourceType
[19Oct2025 17:23:48.286] [main/INFO] [com.teampotato.redirector.Redirector/]: Redirecting tictim/paraglider/command/ParagliderCommands$SetType
[19Oct2025 17:23:48.500] [main/INFO] [com.teampotato.redirector.Redirector/]: Redirecting io/github/edwinmindcraft/apoli/common/data/PowerLoader
[19Oct2025 17:23:48.505] [main/INFO] [com.teampotato.redirector.Redirector/]: Redirecting io/github/edwinmindcraft/apoli/common/data/GlobalPowerSetLoader
[19Oct2025 17:23:48.506] [main/INFO] [com.teampotato.redirector.Redirector/]: Redirecting io/github/edwinmindcraft/origins/common/data/OriginLoader
[19Oct2025 17:23:48.508] [main/INFO] [com.teampotato.redirector.Redirector/]: Redirecting io/github/edwinmindcraft/origins/api/data/PartialOrigin$Serializer
[19Oct2025 17:23:48.510] [main/INFO] [com.teampotato.redirector.Redirector/]: Redirecting io/github/edwinmindcraft/origins/common/data/LayerLoader
[19Oct2025 17:23:48.511] [main/INFO] [com.teampotato.redirector.Redirector/]: Redirecting io/github/edwinmindcraft/origins/api/data/PartialLayer$Serializer
[19Oct2025 17:23:48.513] [main/INFO] [com.teampotato.redirector.Redirector/]: Redirecting io/github/edwinmindcraft/origins/api/data/PartialGuiTitle$Serializer
[19Oct2025 17:23:48.514] [main/INFO] [com.teampotato.redirector.Redirector/]: Redirecting io/github/edwinmindcraft/origins/api/origin/ConditionedOrigin$Serializer
[19Oct2025 17:23:48.515] [main/INFO] [Calio/]: CDRM Initialized with 16 registries
[19Oct2025 17:23:48.520] [main/INFO] [zeta-internal/]: Dispatching ForgeZAddReloadListener (as ZAddReloadListener) to 2 listeners
[19Oct2025 17:23:48.524] [main/INFO] [com.github.alexthe666.alexsmobs.AlexsMobs/]: Adding datapack listener capsid_recipes
[19Oct2025 17:23:48.534] [main/INFO] [quark-zeta/]: Dispatching ForgeZAddReloadListener (as ZAddReloadListener) to 2 listeners
[19Oct2025 17:23:48.534] [main/INFO] [quark-zeta/]: Dispatching AdvancementModifierRegistry$1 (as ZGatherAdvancementModifiers) to 1 listener
[19Oct2025 17:23:49.258] [Worker-Main-3/ERROR] [net.minecraft.tags.TagLoader/]: Couldn't load tag my_tags:phase as it is missing following references: minecraft:glass_panel (from Gods-and-Heroes-1.6.2.jar)
[19Oct2025 17:23:49.371] [Worker-Main-3/ERROR] [net.minecraft.tags.TagLoader/]: Couldn't load tag minecraft:village as it is missing following references: #integrated_villages:collections/villages (from integrated_villages-1.0.1+1.20.1-forge.jar)
[19Oct2025 17:23:49.373] [Worker-Main-3/ERROR] [net.minecraft.tags.TagLoader/]: Couldn't load tag witherstormmod:wither_storm_distractable as it is missing following references: #minecraft:village (from witherstormmod-1.20.1-4.2.1-all.jar)
[19Oct2025 17:23:49.374] [Worker-Main-3/ERROR] [net.minecraft.tags.TagLoader/]: Couldn't load tag supplementaries:adventure_map_destinations as it is missing following references: #minecraft:village (from supplementaries-1.20-2.8.17.jar)
[19Oct2025 17:23:49.375] [Worker-Main-3/ERROR] [net.minecraft.tags.TagLoader/]: Couldn't load tag supplementaries:way_sign_destinations as it is missing following references: #minecraft:village (from supplementaries-1.20-2.8.17.jar)
[19Oct2025 17:23:49.591] [Worker-Main-1/ERROR] [net.minecraft.tags.TagLoader/]: Couldn't load tag mekanism:dirty_dusts/platinum as it is missing following references: alltheores:dirty_platinum_dust (from alltheores-1.20.1-47.1.3-2.2.4.jar)
[19Oct2025 17:23:49.593] [Worker-Main-1/ERROR] [net.minecraft.tags.TagLoader/]: Couldn't load tag mekanism:clumps/iridium as it is missing following references: alltheores:iridium_clump (from alltheores-1.20.1-47.1.3-2.2.4.jar)
[19Oct2025 17:23:49.594] [Worker-Main-1/ERROR] [net.minecraft.tags.TagLoader/]: Couldn't load tag mekanism:clumps/zinc as it is missing following references: alltheores:zinc_clump (from alltheores-1.20.1-47.1.3-2.2.4.jar)
[19Oct2025 17:23:49.595] [Worker-Main-1/ERROR] [net.minecraft.tags.TagLoader/]: Couldn't load tag mekanism:shards/zinc as it is missing following references: alltheores:zinc_shard (from alltheores-1.20.1-47.1.3-2.2.4.jar)
[19Oct2025 17:23:49.596] [Worker-Main-1/ERROR] [net.minecraft.tags.TagLoader/]: Couldn't load tag mekanism:shards/nickel as it is missing following references: alltheores:nickel_shard (from alltheores-1.20.1-47.1.3-2.2.4.jar)
[19Oct2025 17:23:49.597] [Worker-Main-1/ERROR] [net.minecraft.tags.TagLoader/]: Couldn't load tag mekanism:crystals/platinum as it is missing following references: alltheores:platinum_crystal (from alltheores-1.20.1-47.1.3-2.2.4.jar)
[19Oct2025 17:23:49.597] [Worker-Main-1/ERROR] [net.minecraft.tags.TagLoader/]: Couldn't load tag mekanism:crystals as it is missing following references: alltheores:aluminum_crystal (from alltheores-1.20.1-47.1.3-2.2.4.jar), 
	alltheores:nickel_crystal (from alltheores-1.20.1-47.1.3-2.2.4.jar), 
	alltheores:platinum_crystal (from alltheores-1.20.1-47.1.3-2.2.4.jar), 
	alltheores:silver_crystal (from alltheores-1.20.1-47.1.3-2.2.4.jar), 
	alltheores:zinc_crystal (from alltheores-1.20.1-47.1.3-2.2.4.jar), 
	alltheores:iridium_crystal (from alltheores-1.20.1-47.1.3-2.2.4.jar)
[19Oct2025 17:23:49.599] [Worker-Main-1/ERROR] [net.minecraft.tags.TagLoader/]: Couldn't load tag mekanism:clumps/platinum as it is missing following references: alltheores:platinum_clump (from alltheores-1.20.1-47.1.3-2.2.4.jar)
[19Oct2025 17:23:49.600] [Worker-Main-1/ERROR] [net.minecraft.tags.TagLoader/]: Couldn't load tag mekanism:shards as it is missing following references: alltheores:aluminum_shard (from alltheores-1.20.1-47.1.3-2.2.4.jar), 
	alltheores:nickel_shard (from alltheores-1.20.1-47.1.3-2.2.4.jar), 
	alltheores:platinum_shard (from alltheores-1.20.1-47.1.3-2.2.4.jar), 
	alltheores:silver_shard (from alltheores-1.20.1-47.1.3-2.2.4.jar), 
	alltheores:zinc_shard (from alltheores-1.20.1-47.1.3-2.2.4.jar), 
	alltheores:iridium_shard (from alltheores-1.20.1-47.1.3-2.2.4.jar)
[19Oct2025 17:23:49.601] [Worker-Main-1/ERROR] [net.minecraft.tags.TagLoader/]: Couldn't load tag mekanism:clumps/aluminum as it is missing following references: alltheores:aluminum_clump (from alltheores-1.20.1-47.1.3-2.2.4.jar)
[19Oct2025 17:23:49.602] [Worker-Main-1/ERROR] [net.minecraft.tags.TagLoader/]: Couldn't load tag mekanism:clumps/silver as it is missing following references: alltheores:silver_clump (from alltheores-1.20.1-47.1.3-2.2.4.jar)
[19Oct2025 17:23:49.603] [Worker-Main-1/ERROR] [net.minecraft.tags.TagLoader/]: Couldn't load tag mekanism:crystals/silver as it is missing following references: alltheores:silver_crystal (from alltheores-1.20.1-47.1.3-2.2.4.jar)
[19Oct2025 17:23:49.605] [Worker-Main-1/ERROR] [net.minecraft.tags.TagLoader/]: Couldn't load tag mekanism:crystals/iridium as it is missing following references: alltheores:iridium_crystal (from alltheores-1.20.1-47.1.3-2.2.4.jar)
[19Oct2025 17:23:49.606] [Worker-Main-1/ERROR] [net.minecraft.tags.TagLoader/]: Couldn't load tag mekanism:clumps as it is missing following references: alltheores:aluminum_clump (from alltheores-1.20.1-47.1.3-2.2.4.jar), 
	alltheores:nickel_clump (from alltheores-1.20.1-47.1.3-2.2.4.jar), 
	alltheores:platinum_clump (from alltheores-1.20.1-47.1.3-2.2.4.jar), 
	alltheores:silver_clump (from alltheores-1.20.1-47.1.3-2.2.4.jar), 
	alltheores:zinc_clump (from alltheores-1.20.1-47.1.3-2.2.4.jar), 
	alltheores:iridium_clump (from alltheores-1.20.1-47.1.3-2.2.4.jar)
[19Oct2025 17:23:49.608] [Worker-Main-1/ERROR] [net.minecraft.tags.TagLoader/]: Couldn't load tag mekanism:dirty_dusts/nickel as it is missing following references: alltheores:dirty_nickel_dust (from alltheores-1.20.1-47.1.3-2.2.4.jar)
[19Oct2025 17:23:49.609] [Worker-Main-1/ERROR] [net.minecraft.tags.TagLoader/]: Couldn't load tag mekanism:crystals/aluminum as it is missing following references: alltheores:aluminum_crystal (from alltheores-1.20.1-47.1.3-2.2.4.jar)
[19Oct2025 17:23:49.610] [Worker-Main-1/ERROR] [net.minecraft.tags.TagLoader/]: Couldn't load tag mekanism:dirty_dusts/zinc as it is missing following references: alltheores:dirty_zinc_dust (from alltheores-1.20.1-47.1.3-2.2.4.jar)
[19Oct2025 17:23:49.612] [Worker-Main-1/ERROR] [net.minecraft.tags.TagLoader/]: Couldn't load tag mekanism:shards/aluminum as it is missing following references: alltheores:aluminum_shard (from alltheores-1.20.1-47.1.3-2.2.4.jar)
[19Oct2025 17:23:49.614] [Worker-Main-1/ERROR] [net.minecraft.tags.TagLoader/]: Couldn't load tag mekanism:dirty_dusts/aluminum as it is missing following references: alltheores:dirty_aluminum_dust (from alltheores-1.20.1-47.1.3-2.2.4.jar)
[19Oct2025 17:23:49.615] [Worker-Main-1/ERROR] [net.minecraft.tags.TagLoader/]: Couldn't load tag mekanism:shards/silver as it is missing following references: alltheores:silver_shard (from alltheores-1.20.1-47.1.3-2.2.4.jar)
[19Oct2025 17:23:49.616] [Worker-Main-1/ERROR] [net.minecraft.tags.TagLoader/]: Couldn't load tag mekanism:crystals/nickel as it is missing following references: alltheores:nickel_crystal (from alltheores-1.20.1-47.1.3-2.2.4.jar)
[19Oct2025 17:23:49.616] [Worker-Main-1/ERROR] [net.minecraft.tags.TagLoader/]: Couldn't load tag mekanism:shards/iridium as it is missing following references: alltheores:iridium_shard (from alltheores-1.20.1-47.1.3-2.2.4.jar)
[19Oct2025 17:23:49.617] [Worker-Main-1/ERROR] [net.minecraft.tags.TagLoader/]: Couldn't load tag mekanism:clumps/nickel as it is missing following references: alltheores:nickel_clump (from alltheores-1.20.1-47.1.3-2.2.4.jar)
[19Oct2025 17:23:49.617] [Worker-Main-1/ERROR] [net.minecraft.tags.TagLoader/]: Couldn't load tag mekanism:dirty_dusts/silver as it is missing following references: alltheores:dirty_silver_dust (from alltheores-1.20.1-47.1.3-2.2.4.jar)
[19Oct2025 17:23:49.617] [Worker-Main-1/ERROR] [net.minecraft.tags.TagLoader/]: Couldn't load tag mekanism:crystals/zinc as it is missing following references: alltheores:zinc_crystal (from alltheores-1.20.1-47.1.3-2.2.4.jar)
[19Oct2025 17:23:49.619] [Worker-Main-1/ERROR] [net.minecraft.tags.TagLoader/]: Couldn't load tag mekanism:dirty_dusts/iridium as it is missing following references: alltheores:dirty_iridium_dust (from alltheores-1.20.1-47.1.3-2.2.4.jar)
[19Oct2025 17:23:49.620] [Worker-Main-1/ERROR] [net.minecraft.tags.TagLoader/]: Couldn't load tag mekanism:shards/platinum as it is missing following references: alltheores:platinum_shard (from alltheores-1.20.1-47.1.3-2.2.4.jar)
[19Oct2025 17:23:49.621] [Worker-Main-1/ERROR] [net.minecraft.tags.TagLoader/]: Couldn't load tag mekanism:dirty_dusts as it is missing following references: alltheores:dirty_aluminum_dust (from alltheores-1.20.1-47.1.3-2.2.4.jar), 
	alltheores:dirty_nickel_dust (from alltheores-1.20.1-47.1.3-2.2.4.jar), 
	alltheores:dirty_platinum_dust (from alltheores-1.20.1-47.1.3-2.2.4.jar), 
	alltheores:dirty_silver_dust (from alltheores-1.20.1-47.1.3-2.2.4.jar), 
	alltheores:dirty_zinc_dust (from alltheores-1.20.1-47.1.3-2.2.4.jar), 
	alltheores:dirty_iridium_dust (from alltheores-1.20.1-47.1.3-2.2.4.jar)
[19Oct2025 17:23:49.892] [Worker-Main-3/ERROR] [net.minecraft.tags.TagLoader/]: Couldn't load tag integrated_api:collections/any_taiga as it is missing following references: #repurposed_structures:collections/taigas (from integrated_api-1.5.1+1.20.1-forge.jar)
[19Oct2025 17:23:49.893] [Worker-Main-3/ERROR] [net.minecraft.tags.TagLoader/]: Couldn't load tag integrated_villages:collections/any_taiga as it is missing following references: #repurposed_structures:collections/taigas (from integrated_villages-1.0.1+1.20.1-forge.jar)
[19Oct2025 17:23:49.896] [Worker-Main-3/ERROR] [net.minecraft.tags.TagLoader/]: Couldn't load tag idas:collections/idasany_taiga as it is missing following references: #repurposed_structures:collections/taigas (from idas_forge-1.10.1+1.20.1.jar)
[19Oct2025 17:23:49.898] [Worker-Main-3/ERROR] [net.minecraft.tags.TagLoader/]: Couldn't load tag idas:has_structure/byg_redwood_biomes as it is missing following references: byg:redwood_thicket (from idas_forge-1.10.1+1.20.1.jar)
[19Oct2025 17:23:49.899] [Worker-Main-3/ERROR] [net.minecraft.tags.TagLoader/]: Couldn't load tag idas:has_structure/bygmohogany_biomes as it is missing following references: byg:tropical_rainforest (from idas_forge-1.10.1+1.20.1.jar)
[19Oct2025 17:23:49.899] [Worker-Main-3/ERROR] [net.minecraft.tags.TagLoader/]: Couldn't load tag legendary_monsters:ancient_stronghold_biomes as it is missing following references: minecraft:spruce_forest (from legendarymonsters-1.6.2 MC 1.20.1.jar)
[19Oct2025 17:23:50.050] [Worker-Main-2/INFO] [com.teampotato.redirector.Redirector/]: Redirecting net/minecraft/world/item/ItemStack$TooltipPart
[19Oct2025 17:23:50.066] [Worker-Main-2/INFO] [com.teampotato.redirector.Redirector/]: Redirecting net/minecraft/world/entity/animal/Fox$Type
[19Oct2025 17:23:50.068] [Worker-Main-2/INFO] [com.teampotato.redirector.Redirector/]: Redirecting net/minecraft/world/entity/animal/MushroomCow$MushroomType
[19Oct2025 17:23:50.073] [Worker-Main-2/INFO] [com.teampotato.redirector.Redirector/]: Redirecting net/minecraft/world/entity/animal/Rabbit$Variant
[19Oct2025 17:23:50.074] [Worker-Main-2/INFO] [com.teampotato.redirector.Redirector/]: Redirecting net/minecraft/world/entity/animal/horse/Variant
[19Oct2025 17:23:50.076] [Worker-Main-2/INFO] [com.teampotato.redirector.Redirector/]: Redirecting net/minecraft/world/entity/animal/horse/Llama$Variant
[19Oct2025 17:23:50.079] [Worker-Main-2/INFO] [com.teampotato.redirector.Redirector/]: Redirecting net/minecraft/world/entity/animal/Parrot$Variant
[19Oct2025 17:23:50.081] [Worker-Main-2/INFO] [com.teampotato.redirector.Redirector/]: Redirecting net/minecraft/world/entity/animal/TropicalFish$Pattern
[19Oct2025 17:23:50.082] [Worker-Main-2/INFO] [com.teampotato.redirector.Redirector/]: Redirecting net/minecraft/world/entity/animal/TropicalFish$Base
[19Oct2025 17:23:50.790] [Worker-Main-3/INFO] [com.teampotato.redirector.Redirector/]: Redirecting net/minecraft/world/level/storage/loot/functions/CopyNameFunction$NameSource
[19Oct2025 17:23:50.793] [Worker-Main-3/INFO] [com.teampotato.redirector.Redirector/]: Redirecting net/minecraft/world/level/storage/loot/functions/CopyNbtFunction$MergeStrategy
[19Oct2025 17:23:51.438] [Worker-Main-3/ERROR] [net.minecraftforge.common.ForgeHooks/]: Couldn't parse element loot_tables:idas:chests/dread_citadel/dread_citadel
com.google.gson.JsonSyntaxException: Expected name to be an item, was unknown string 'iceandfire:dread_shard'
	at net.minecraft.util.GsonHelper.m_13866_(GsonHelper.java:145) ~[server-1.20.1-20230612.114412-srg.jar%23539!/:?]
	at java.util.Optional.orElseThrow(Optional.java:403) ~[?:?]
	at net.minecraft.util.GsonHelper.m_13874_(GsonHelper.java:145) ~[server-1.20.1-20230612.114412-srg.jar%23539!/:?]
	at net.minecraft.util.GsonHelper.m_13909_(GsonHelper.java:153) ~[server-1.20.1-20230612.114412-srg.jar%23539!/:?]
	at net.minecraft.world.level.storage.loot.entries.LootItem$Serializer.m_7267_(LootItem.java:55) ~[server-1.20.1-20230612.114412-srg.jar%23539!/:?]
	at net.minecraft.world.level.storage.loot.entries.LootItem$Serializer.m_7267_(LootItem.java:40) ~[server-1.20.1-20230612.114412-srg.jar%23539!/:?]
	at net.minecraft.world.level.storage.loot.entries.LootPoolSingletonContainer$Serializer.m_5921_(LootPoolSingletonContainer.java:151) ~[server-1.20.1-20230612.114412-srg.jar%23539!/:?]
	at net.minecraft.world.level.storage.loot.entries.LootPoolSingletonContainer$Serializer.m_5921_(LootPoolSingletonContainer.java:129) ~[server-1.20.1-20230612.114412-srg.jar%23539!/:?]
	at net.minecraft.world.level.storage.loot.entries.LootPoolEntryContainer$Serializer.m_7561_(LootPoolEntryContainer.java:86) ~[server-1.20.1-20230612.114412-srg.jar%23539!/:?]
	at net.minecraft.world.level.storage.loot.entries.LootPoolEntryContainer$Serializer.m_7561_(LootPoolEntryContainer.java:74) ~[server-1.20.1-20230612.114412-srg.jar%23539!/:?]
	at net.minecraft.world.level.storage.loot.GsonAdapterFactory$JsonAdapter.deserialize(GsonAdapterFactory.java:102) ~[server-1.20.1-20230612.114412-srg.jar%23539!/:?]
	at com.google.gson.internal.bind.TreeTypeAdapter.read(TreeTypeAdapter.java:76) ~[gson-2.10.jar%2372!/:?]
	at com.google.gson.internal.bind.TypeAdapterRuntimeTypeWrapper.read(TypeAdapterRuntimeTypeWrapper.java:40) ~[gson-2.10.jar%2372!/:?]
	at com.google.gson.internal.bind.ArrayTypeAdapter.read(ArrayTypeAdapter.java:72) ~[gson-2.10.jar%2372!/:?]
	at com.google.gson.Gson.fromJson(Gson.java:1214) ~[gson-2.10.jar%2372!/:?]
	at com.google.gson.Gson.fromJson(Gson.java:1319) ~[gson-2.10.jar%2372!/:?]
	at com.google.gson.Gson.fromJson(Gson.java:1290) ~[gson-2.10.jar%2372!/:?]
	at com.google.gson.internal.bind.TreeTypeAdapter$GsonContextImpl.deserialize(TreeTypeAdapter.java:179) ~[gson-2.10.jar%2372!/:?]
	at net.minecraft.util.GsonHelper.m_13808_(GsonHelper.java:463) ~[server-1.20.1-20230612.114412-srg.jar%23539!/:?]
	at net.minecraft.util.GsonHelper.m_13836_(GsonHelper.java:471) ~[server-1.20.1-20230612.114412-srg.jar%23539!/:?]
	at net.minecraft.world.level.storage.loot.LootPool$Serializer.deserialize(LootPool.java:192) ~[server-1.20.1-20230612.114412-srg.jar%23539!/:?]
	at net.minecraft.world.level.storage.loot.LootPool$Serializer.deserialize(LootPool.java:189) ~[server-1.20.1-20230612.114412-srg.jar%23539!/:?]
	at com.google.gson.internal.bind.TreeTypeAdapter.read(TreeTypeAdapter.java:76) ~[gson-2.10.jar%2372!/:?]
	at com.google.gson.internal.bind.TypeAdapterRuntimeTypeWrapper.read(TypeAdapterRuntimeTypeWrapper.java:40) ~[gson-2.10.jar%2372!/:?]
	at com.google.gson.internal.bind.ArrayTypeAdapter.read(ArrayTypeAdapter.java:72) ~[gson-2.10.jar%2372!/:?]
	at com.google.gson.Gson.fromJson(Gson.java:1214) ~[gson-2.10.jar%2372!/:?]
	at com.google.gson.Gson.fromJson(Gson.java:1319) ~[gson-2.10.jar%2372!/:?]
	at com.google.gson.Gson.fromJson(Gson.java:1290) ~[gson-2.10.jar%2372!/:?]
	at com.google.gson.internal.bind.TreeTypeAdapter$GsonContextImpl.deserialize(TreeTypeAdapter.java:179) ~[gson-2.10.jar%2372!/:?]
	at net.minecraft.util.GsonHelper.m_13808_(GsonHelper.java:463) ~[server-1.20.1-20230612.114412-srg.jar%23539!/:?]
	at net.minecraft.util.GsonHelper.m_13845_(GsonHelper.java:481) ~[server-1.20.1-20230612.114412-srg.jar%23539!/:?]
	at net.minecraft.world.level.storage.loot.LootTable$Serializer.deserialize(LootTable.java:294) ~[server-1.20.1-20230612.114412-srg.jar%23539!/:?]
	at net.minecraft.world.level.storage.loot.LootTable$Serializer.deserialize(LootTable.java:291) ~[server-1.20.1-20230612.114412-srg.jar%23539!/:?]
	at com.google.gson.internal.bind.TreeTypeAdapter.read(TreeTypeAdapter.java:76) ~[gson-2.10.jar%2372!/:?]
	at com.google.gson.Gson.fromJson(Gson.java:1214) ~[gson-2.10.jar%2372!/:?]
	at com.google.gson.Gson.fromJson(Gson.java:1319) ~[gson-2.10.jar%2372!/:?]
	at com.google.gson.Gson.fromJson(Gson.java:1261) ~[gson-2.10.jar%2372!/:?]
	at net.minecraftforge.common.ForgeHooks.loadLootTable(ForgeHooks.java:872) ~[forge-1.20.1-47.4.10-universal.jar%23544!/:?]
	at net.minecraftforge.common.ForgeHooks.lambda$getLootTableDeserializer$3(ForgeHooks.java:849) ~[forge-1.20.1-47.4.10-universal.jar%23544!/:?]
	at net.minecraft.world.level.storage.loot.LootDataType.deserialize(LootDataType.java:45) ~[server-1.20.1-20230612.114412-srg.jar%23539!/:?]
	at net.minecraft.world.level.storage.loot.LootDataManager.lambda$scheduleElementParse$4(LootDataManager.java:56) ~[server-1.20.1-20230612.114412-srg.jar%23539!/:?]
	at java.util.HashMap.forEach(HashMap.java:1421) ~[?:?]
	at net.minecraft.world.level.storage.loot.LootDataManager.m_278660_(LootDataManager.java:55) ~[server-1.20.1-20230612.114412-srg.jar%23539!/:?]
	at java.util.concurrent.CompletableFuture$AsyncRun.run(CompletableFuture.java:1804) ~[?:?]
	at java.util.concurrent.CompletableFuture$AsyncRun.exec(CompletableFuture.java:1796) ~[?:?]
	at java.util.concurrent.ForkJoinTask.doExec(ForkJoinTask.java:373) ~[?:?]
	at java.util.concurrent.ForkJoinPool$WorkQueue.topLevelExec(ForkJoinPool.java:1182) ~[?:?]
	at java.util.concurrent.ForkJoinPool.scan(ForkJoinPool.java:1655) ~[?:?]
	at java.util.concurrent.ForkJoinPool.runWorker(ForkJoinPool.java:1622) ~[?:?]
	at java.util.concurrent.ForkJoinWorkerThread.run(ForkJoinWorkerThread.java:165) ~[?:?]
[19Oct2025 17:23:51.700] [Worker-Main-1/INFO] [com.teampotato.redirector.Redirector/]: Redirecting com/mrcrayfish/goblintraders/trades/TradeRarity
[19Oct2025 17:23:52.902] [Worker-Main-3/ERROR] [net.minecraftforge.common.ForgeHooks/]: Couldn't parse element loot_tables:idas:chests/haunted_manor/if_haunted_manor
com.google.gson.JsonSyntaxException: Expected name to be an item, was unknown string 'iceandfire:silver_nugget'
	at net.minecraft.util.GsonHelper.m_13866_(GsonHelper.java:145) ~[server-1.20.1-20230612.114412-srg.jar%23539!/:?]
	at java.util.Optional.orElseThrow(Optional.java:403) ~[?:?]
	at net.minecraft.util.GsonHelper.m_13874_(GsonHelper.java:145) ~[server-1.20.1-20230612.114412-srg.jar%23539!/:?]
	at net.minecraft.util.GsonHelper.m_13909_(GsonHelper.java:153) ~[server-1.20.1-20230612.114412-srg.jar%23539!/:?]
	at net.minecraft.world.level.storage.loot.entries.LootItem$Serializer.m_7267_(LootItem.java:55) ~[server-1.20.1-20230612.114412-srg.jar%23539!/:?]
	at net.minecraft.world.level.storage.loot.entries.LootItem$Serializer.m_7267_(LootItem.java:40) ~[server-1.20.1-20230612.114412-srg.jar%23539!/:?]
	at net.minecraft.world.level.storage.loot.entries.LootPoolSingletonContainer$Serializer.m_5921_(LootPoolSingletonContainer.java:151) ~[server-1.20.1-20230612.114412-srg.jar%23539!/:?]
	at net.minecraft.world.level.storage.loot.entries.LootPoolSingletonContainer$Serializer.m_5921_(LootPoolSingletonContainer.java:129) ~[server-1.20.1-20230612.114412-srg.jar%23539!/:?]
	at net.minecraft.world.level.storage.loot.entries.LootPoolEntryContainer$Serializer.m_7561_(LootPoolEntryContainer.java:86) ~[server-1.20.1-20230612.114412-srg.jar%23539!/:?]
	at net.minecraft.world.level.storage.loot.entries.LootPoolEntryContainer$Serializer.m_7561_(LootPoolEntryContainer.java:74) ~[server-1.20.1-20230612.114412-srg.jar%23539!/:?]
	at net.minecraft.world.level.storage.loot.GsonAdapterFactory$JsonAdapter.deserialize(GsonAdapterFactory.java:102) ~[server-1.20.1-20230612.114412-srg.jar%23539!/:?]
	at com.google.gson.internal.bind.TreeTypeAdapter.read(TreeTypeAdapter.java:76) ~[gson-2.10.jar%2372!/:?]
	at com.google.gson.internal.bind.TypeAdapterRuntimeTypeWrapper.read(TypeAdapterRuntimeTypeWrapper.java:40) ~[gson-2.10.jar%2372!/:?]
	at com.google.gson.internal.bind.ArrayTypeAdapter.read(ArrayTypeAdapter.java:72) ~[gson-2.10.jar%2372!/:?]
	at com.google.gson.Gson.fromJson(Gson.java:1214) ~[gson-2.10.jar%2372!/:?]
	at com.google.gson.Gson.fromJson(Gson.java:1319) ~[gson-2.10.jar%2372!/:?]
	at com.google.gson.Gson.fromJson(Gson.java:1290) ~[gson-2.10.jar%2372!/:?]
	at com.google.gson.internal.bind.TreeTypeAdapter$GsonContextImpl.deserialize(TreeTypeAdapter.java:179) ~[gson-2.10.jar%2372!/:?]
	at net.minecraft.util.GsonHelper.m_13808_(GsonHelper.java:463) ~[server-1.20.1-20230612.114412-srg.jar%23539!/:?]
	at net.minecraft.util.GsonHelper.m_13836_(GsonHelper.java:471) ~[server-1.20.1-20230612.114412-srg.jar%23539!/:?]
	at net.minecraft.world.level.storage.loot.LootPool$Serializer.deserialize(LootPool.java:192) ~[server-1.20.1-20230612.114412-srg.jar%23539!/:?]
	at net.minecraft.world.level.storage.loot.LootPool$Serializer.deserialize(LootPool.java:189) ~[server-1.20.1-20230612.114412-srg.jar%23539!/:?]
	at com.google.gson.internal.bind.TreeTypeAdapter.read(TreeTypeAdapter.java:76) ~[gson-2.10.jar%2372!/:?]
	at com.google.gson.internal.bind.TypeAdapterRuntimeTypeWrapper.read(TypeAdapterRuntimeTypeWrapper.java:40) ~[gson-2.10.jar%2372!/:?]
	at com.google.gson.internal.bind.ArrayTypeAdapter.read(ArrayTypeAdapter.java:72) ~[gson-2.10.jar%2372!/:?]
	at com.google.gson.Gson.fromJson(Gson.java:1214) ~[gson-2.10.jar%2372!/:?]
	at com.google.gson.Gson.fromJson(Gson.java:1319) ~[gson-2.10.jar%2372!/:?]
	at com.google.gson.Gson.fromJson(Gson.java:1290) ~[gson-2.10.jar%2372!/:?]
	at com.google.gson.internal.bind.TreeTypeAdapter$GsonContextImpl.deserialize(TreeTypeAdapter.java:179) ~[gson-2.10.jar%2372!/:?]
	at net.minecraft.util.GsonHelper.m_13808_(GsonHelper.java:463) ~[server-1.20.1-20230612.114412-srg.jar%23539!/:?]
	at net.minecraft.util.GsonHelper.m_13845_(GsonHelper.java:481) ~[server-1.20.1-20230612.114412-srg.jar%23539!/:?]
	at net.minecraft.world.level.storage.loot.LootTable$Serializer.deserialize(LootTable.java:294) ~[server-1.20.1-20230612.114412-srg.jar%23539!/:?]
	at net.minecraft.world.level.storage.loot.LootTable$Serializer.deserialize(LootTable.java:291) ~[server-1.20.1-20230612.114412-srg.jar%23539!/:?]
	at com.google.gson.internal.bind.TreeTypeAdapter.read(TreeTypeAdapter.java:76) ~[gson-2.10.jar%2372!/:?]
	at com.google.gson.Gson.fromJson(Gson.java:1214) ~[gson-2.10.jar%2372!/:?]
	at com.google.gson.Gson.fromJson(Gson.java:1319) ~[gson-2.10.jar%2372!/:?]
	at com.google.gson.Gson.fromJson(Gson.java:1261) ~[gson-2.10.jar%2372!/:?]
	at net.minecraftforge.common.ForgeHooks.loadLootTable(ForgeHooks.java:872) ~[forge-1.20.1-47.4.10-universal.jar%23544!/:?]
	at net.minecraftforge.common.ForgeHooks.lambda$getLootTableDeserializer$3(ForgeHooks.java:849) ~[forge-1.20.1-47.4.10-universal.jar%23544!/:?]
	at net.minecraft.world.level.storage.loot.LootDataType.deserialize(LootDataType.java:45) ~[server-1.20.1-20230612.114412-srg.jar%23539!/:?]
	at net.minecraft.world.level.storage.loot.LootDataManager.lambda$scheduleElementParse$4(LootDataManager.java:56) ~[server-1.20.1-20230612.114412-srg.jar%23539!/:?]
	at java.util.HashMap.forEach(HashMap.java:1421) ~[?:?]
	at net.minecraft.world.level.storage.loot.LootDataManager.m_278660_(LootDataManager.java:55) ~[server-1.20.1-20230612.114412-srg.jar%23539!/:?]
	at java.util.concurrent.CompletableFuture$AsyncRun.run(CompletableFuture.java:1804) ~[?:?]
	at java.util.concurrent.CompletableFuture$AsyncRun.exec(CompletableFuture.java:1796) ~[?:?]
	at java.util.concurrent.ForkJoinTask.doExec(ForkJoinTask.java:373) ~[?:?]
	at java.util.concurrent.ForkJoinPool$WorkQueue.topLevelExec(ForkJoinPool.java:1182) ~[?:?]
	at java.util.concurrent.ForkJoinPool.scan(ForkJoinPool.java:1655) ~[?:?]
	at java.util.concurrent.ForkJoinPool.runWorker(ForkJoinPool.java:1622) ~[?:?]
	at java.util.concurrent.ForkJoinWorkerThread.run(ForkJoinWorkerThread.java:165) ~[?:?]
[19Oct2025 17:23:53.002] [Worker-Main-3/ERROR] [net.minecraftforge.common.ForgeHooks/]: Couldn't parse element loot_tables:idas:chests/labyrinth/if_labyrinth_tomb
com.google.gson.JsonSyntaxException: Expected name to be an item, was unknown string 'iceandfire:sapphire_gem'
	at net.minecraft.util.GsonHelper.m_13866_(GsonHelper.java:145) ~[server-1.20.1-20230612.114412-srg.jar%23539!/:?]
	at java.util.Optional.orElseThrow(Optional.java:403) ~[?:?]
	at net.minecraft.util.GsonHelper.m_13874_(GsonHelper.java:145) ~[server-1.20.1-20230612.114412-srg.jar%23539!/:?]
	at net.minecraft.util.GsonHelper.m_13909_(GsonHelper.java:153) ~[server-1.20.1-20230612.114412-srg.jar%23539!/:?]
	at net.minecraft.world.level.storage.loot.entries.LootItem$Serializer.m_7267_(LootItem.java:55) ~[server-1.20.1-20230612.114412-srg.jar%23539!/:?]
	at net.minecraft.world.level.storage.loot.entries.LootItem$Serializer.m_7267_(LootItem.java:40) ~[server-1.20.1-20230612.114412-srg.jar%23539!/:?]
	at net.minecraft.world.level.storage.loot.entries.LootPoolSingletonContainer$Serializer.m_5921_(LootPoolSingletonContainer.java:151) ~[server-1.20.1-20230612.114412-srg.jar%23539!/:?]
	at net.minecraft.world.level.storage.loot.entries.LootPoolSingletonContainer$Serializer.m_5921_(LootPoolSingletonContainer.java:129) ~[server-1.20.1-20230612.114412-srg.jar%23539!/:?]
	at net.minecraft.world.level.storage.loot.entries.LootPoolEntryContainer$Serializer.m_7561_(LootPoolEntryContainer.java:86) ~[server-1.20.1-20230612.114412-srg.jar%23539!/:?]
	at net.minecraft.world.level.storage.loot.entries.LootPoolEntryContainer$Serializer.m_7561_(LootPoolEntryContainer.java:74) ~[server-1.20.1-20230612.114412-srg.jar%23539!/:?]
	at net.minecraft.world.level.storage.loot.GsonAdapterFactory$JsonAdapter.deserialize(GsonAdapterFactory.java:102) ~[server-1.20.1-20230612.114412-srg.jar%23539!/:?]
	at com.google.gson.internal.bind.TreeTypeAdapter.read(TreeTypeAdapter.java:76) ~[gson-2.10.jar%2372!/:?]
	at com.google.gson.internal.bind.TypeAdapterRuntimeTypeWrapper.read(TypeAdapterRuntimeTypeWrapper.java:40) ~[gson-2.10.jar%2372!/:?]
	at com.google.gson.internal.bind.ArrayTypeAdapter.read(ArrayTypeAdapter.java:72) ~[gson-2.10.jar%2372!/:?]
	at com.google.gson.Gson.fromJson(Gson.java:1214) ~[gson-2.10.jar%2372!/:?]
	at com.google.gson.Gson.fromJson(Gson.java:1319) ~[gson-2.10.jar%2372!/:?]
	at com.google.gson.Gson.fromJson(Gson.java:1290) ~[gson-2.10.jar%2372!/:?]
	at com.google.gson.internal.bind.TreeTypeAdapter$GsonContextImpl.deserialize(TreeTypeAdapter.java:179) ~[gson-2.10.jar%2372!/:?]
	at net.minecraft.util.GsonHelper.m_13808_(GsonHelper.java:463) ~[server-1.20.1-20230612.114412-srg.jar%23539!/:?]
	at net.minecraft.util.GsonHelper.m_13836_(GsonHelper.java:471) ~[server-1.20.1-20230612.114412-srg.jar%23539!/:?]
	at net.minecraft.world.level.storage.loot.LootPool$Serializer.deserialize(LootPool.java:192) ~[server-1.20.1-20230612.114412-srg.jar%23539!/:?]
	at net.minecraft.world.level.storage.loot.LootPool$Serializer.deserialize(LootPool.java:189) ~[server-1.20.1-20230612.114412-srg.jar%23539!/:?]
	at com.google.gson.internal.bind.TreeTypeAdapter.read(TreeTypeAdapter.java:76) ~[gson-2.10.jar%2372!/:?]
	at com.google.gson.internal.bind.TypeAdapterRuntimeTypeWrapper.read(TypeAdapterRuntimeTypeWrapper.java:40) ~[gson-2.10.jar%2372!/:?]
	at com.google.gson.internal.bind.ArrayTypeAdapter.read(ArrayTypeAdapter.java:72) ~[gson-2.10.jar%2372!/:?]
	at com.google.gson.Gson.fromJson(Gson.java:1214) ~[gson-2.10.jar%2372!/:?]
	at com.google.gson.Gson.fromJson(Gson.java:1319) ~[gson-2.10.jar%2372!/:?]
	at com.google.gson.Gson.fromJson(Gson.java:1290) ~[gson-2.10.jar%2372!/:?]
	at com.google.gson.internal.bind.TreeTypeAdapter$GsonContextImpl.deserialize(TreeTypeAdapter.java:179) ~[gson-2.10.jar%2372!/:?]
	at net.minecraft.util.GsonHelper.m_13808_(GsonHelper.java:463) ~[server-1.20.1-20230612.114412-srg.jar%23539!/:?]
	at net.minecraft.util.GsonHelper.m_13845_(GsonHelper.java:481) ~[server-1.20.1-20230612.114412-srg.jar%23539!/:?]
	at net.minecraft.world.level.storage.loot.LootTable$Serializer.deserialize(LootTable.java:294) ~[server-1.20.1-20230612.114412-srg.jar%23539!/:?]
	at net.minecraft.world.level.storage.loot.LootTable$Serializer.deserialize(LootTable.java:291) ~[server-1.20.1-20230612.114412-srg.jar%23539!/:?]
	at com.google.gson.internal.bind.TreeTypeAdapter.read(TreeTypeAdapter.java:76) ~[gson-2.10.jar%2372!/:?]
	at com.google.gson.Gson.fromJson(Gson.java:1214) ~[gson-2.10.jar%2372!/:?]
	at com.google.gson.Gson.fromJson(Gson.java:1319) ~[gson-2.10.jar%2372!/:?]
	at com.google.gson.Gson.fromJson(Gson.java:1261) ~[gson-2.10.jar%2372!/:?]
	at net.minecraftforge.common.ForgeHooks.loadLootTable(ForgeHooks.java:872) ~[forge-1.20.1-47.4.10-universal.jar%23544!/:?]
	at net.minecraftforge.common.ForgeHooks.lambda$getLootTableDeserializer$3(ForgeHooks.java:849) ~[forge-1.20.1-47.4.10-universal.jar%23544!/:?]
	at net.minecraft.world.level.storage.loot.LootDataType.deserialize(LootDataType.java:45) ~[server-1.20.1-20230612.114412-srg.jar%23539!/:?]
	at net.minecraft.world.level.storage.loot.LootDataManager.lambda$scheduleElementParse$4(LootDataManager.java:56) ~[server-1.20.1-20230612.114412-srg.jar%23539!/:?]
	at java.util.HashMap.forEach(HashMap.java:1421) ~[?:?]
	at net.minecraft.world.level.storage.loot.LootDataManager.m_278660_(LootDataManager.java:55) ~[server-1.20.1-20230612.114412-srg.jar%23539!/:?]
	at java.util.concurrent.CompletableFuture$AsyncRun.run(CompletableFuture.java:1804) ~[?:?]
	at java.util.concurrent.CompletableFuture$AsyncRun.exec(CompletableFuture.java:1796) ~[?:?]
	at java.util.concurrent.ForkJoinTask.doExec(ForkJoinTask.java:373) ~[?:?]
	at java.util.concurrent.ForkJoinPool$WorkQueue.topLevelExec(ForkJoinPool.java:1182) ~[?:?]
	at java.util.concurrent.ForkJoinPool.scan(ForkJoinPool.java:1655) ~[?:?]
	at java.util.concurrent.ForkJoinPool.runWorker(ForkJoinPool.java:1622) ~[?:?]
	at java.util.concurrent.ForkJoinWorkerThread.run(ForkJoinWorkerThread.java:165) ~[?:?]
[19Oct2025 17:23:57.310] [Worker-Main-3/ERROR] [net.minecraftforge.common.ForgeHooks/]: Couldn't parse element loot_tables:idas:chests/dread_citadel/dread_citadel_throne
com.google.gson.JsonSyntaxException: Expected name to be an item, was unknown string 'iceandfire:dread_shard'
	at net.minecraft.util.GsonHelper.m_13866_(GsonHelper.java:145) ~[server-1.20.1-20230612.114412-srg.jar%23539!/:?]
	at java.util.Optional.orElseThrow(Optional.java:403) ~[?:?]
	at net.minecraft.util.GsonHelper.m_13874_(GsonHelper.java:145) ~[server-1.20.1-20230612.114412-srg.jar%23539!/:?]
	at net.minecraft.util.GsonHelper.m_13909_(GsonHelper.java:153) ~[server-1.20.1-20230612.114412-srg.jar%23539!/:?]
	at net.minecraft.world.level.storage.loot.entries.LootItem$Serializer.m_7267_(LootItem.java:55) ~[server-1.20.1-20230612.114412-srg.jar%23539!/:?]
	at net.minecraft.world.level.storage.loot.entries.LootItem$Serializer.m_7267_(LootItem.java:40) ~[server-1.20.1-20230612.114412-srg.jar%23539!/:?]
	at net.minecraft.world.level.storage.loot.entries.LootPoolSingletonContainer$Serializer.m_5921_(LootPoolSingletonContainer.java:151) ~[server-1.20.1-20230612.114412-srg.jar%23539!/:?]
	at net.minecraft.world.level.storage.loot.entries.LootPoolSingletonContainer$Serializer.m_5921_(LootPoolSingletonContainer.java:129) ~[server-1.20.1-20230612.114412-srg.jar%23539!/:?]
	at net.minecraft.world.level.storage.loot.entries.LootPoolEntryContainer$Serializer.m_7561_(LootPoolEntryContainer.java:86) ~[server-1.20.1-20230612.114412-srg.jar%23539!/:?]
	at net.minecraft.world.level.storage.loot.entries.LootPoolEntryContainer$Serializer.m_7561_(LootPoolEntryContainer.java:74) ~[server-1.20.1-20230612.114412-srg.jar%23539!/:?]
	at net.minecraft.world.level.storage.loot.GsonAdapterFactory$JsonAdapter.deserialize(GsonAdapterFactory.java:102) ~[server-1.20.1-20230612.114412-srg.jar%23539!/:?]
	at com.google.gson.internal.bind.TreeTypeAdapter.read(TreeTypeAdapter.java:76) ~[gson-2.10.jar%2372!/:?]
	at com.google.gson.internal.bind.TypeAdapterRuntimeTypeWrapper.read(TypeAdapterRuntimeTypeWrapper.java:40) ~[gson-2.10.jar%2372!/:?]
	at com.google.gson.internal.bind.ArrayTypeAdapter.read(ArrayTypeAdapter.java:72) ~[gson-2.10.jar%2372!/:?]
	at com.google.gson.Gson.fromJson(Gson.java:1214) ~[gson-2.10.jar%2372!/:?]
	at com.google.gson.Gson.fromJson(Gson.java:1319) ~[gson-2.10.jar%2372!/:?]
	at com.google.gson.Gson.fromJson(Gson.java:1290) ~[gson-2.10.jar%2372!/:?]
	at com.google.gson.internal.bind.TreeTypeAdapter$GsonContextImpl.deserialize(TreeTypeAdapter.java:179) ~[gson-2.10.jar%2372!/:?]
	at net.minecraft.util.GsonHelper.m_13808_(GsonHelper.java:463) ~[server-1.20.1-20230612.114412-srg.jar%23539!/:?]
	at net.minecraft.util.GsonHelper.m_13836_(GsonHelper.java:471) ~[server-1.20.1-20230612.114412-srg.jar%23539!/:?]
	at net.minecraft.world.level.storage.loot.LootPool$Serializer.deserialize(LootPool.java:192) ~[server-1.20.1-20230612.114412-srg.jar%23539!/:?]
	at net.minecraft.world.level.storage.loot.LootPool$Serializer.deserialize(LootPool.java:189) ~[server-1.20.1-20230612.114412-srg.jar%23539!/:?]
	at com.google.gson.internal.bind.TreeTypeAdapter.read(TreeTypeAdapter.java:76) ~[gson-2.10.jar%2372!/:?]
	at com.google.gson.internal.bind.TypeAdapterRuntimeTypeWrapper.read(TypeAdapterRuntimeTypeWrapper.java:40) ~[gson-2.10.jar%2372!/:?]
	at com.google.gson.internal.bind.ArrayTypeAdapter.read(ArrayTypeAdapter.java:72) ~[gson-2.10.jar%2372!/:?]
	at com.google.gson.Gson.fromJson(Gson.java:1214) ~[gson-2.10.jar%2372!/:?]
	at com.google.gson.Gson.fromJson(Gson.java:1319) ~[gson-2.10.jar%2372!/:?]
	at com.google.gson.Gson.fromJson(Gson.java:1290) ~[gson-2.10.jar%2372!/:?]
	at com.google.gson.internal.bind.TreeTypeAdapter$GsonContextImpl.deserialize(TreeTypeAdapter.java:179) ~[gson-2.10.jar%2372!/:?]
	at net.minecraft.util.GsonHelper.m_13808_(GsonHelper.java:463) ~[server-1.20.1-20230612.114412-srg.jar%23539!/:?]
	at net.minecraft.util.GsonHelper.m_13845_(GsonHelper.java:481) ~[server-1.20.1-20230612.114412-srg.jar%23539!/:?]
	at net.minecraft.world.level.storage.loot.LootTable$Serializer.deserialize(LootTable.java:294) ~[server-1.20.1-20230612.114412-srg.jar%23539!/:?]
	at net.minecraft.world.level.storage.loot.LootTable$Serializer.deserialize(LootTable.java:291) ~[server-1.20.1-20230612.114412-srg.jar%23539!/:?]
	at com.google.gson.internal.bind.TreeTypeAdapter.read(TreeTypeAdapter.java:76) ~[gson-2.10.jar%2372!/:?]
	at com.google.gson.Gson.fromJson(Gson.java:1214) ~[gson-2.10.jar%2372!/:?]
	at com.google.gson.Gson.fromJson(Gson.java:1319) ~[gson-2.10.jar%2372!/:?]
	at com.google.gson.Gson.fromJson(Gson.java:1261) ~[gson-2.10.jar%2372!/:?]
	at net.minecraftforge.common.ForgeHooks.loadLootTable(ForgeHooks.java:872) ~[forge-1.20.1-47.4.10-universal.jar%23544!/:?]
	at net.minecraftforge.common.ForgeHooks.lambda$getLootTableDeserializer$3(ForgeHooks.java:849) ~[forge-1.20.1-47.4.10-universal.jar%23544!/:?]
	at net.minecraft.world.level.storage.loot.LootDataType.deserialize(LootDataType.java:45) ~[server-1.20.1-20230612.114412-srg.jar%23539!/:?]
	at net.minecraft.world.level.storage.loot.LootDataManager.lambda$scheduleElementParse$4(LootDataManager.java:56) ~[server-1.20.1-20230612.114412-srg.jar%23539!/:?]
	at java.util.HashMap.forEach(HashMap.java:1421) ~[?:?]
	at net.minecraft.world.level.storage.loot.LootDataManager.m_278660_(LootDataManager.java:55) ~[server-1.20.1-20230612.114412-srg.jar%23539!/:?]
	at java.util.concurrent.CompletableFuture$AsyncRun.run(CompletableFuture.java:1804) ~[?:?]
	at java.util.concurrent.CompletableFuture$AsyncRun.exec(CompletableFuture.java:1796) ~[?:?]
	at java.util.concurrent.ForkJoinTask.doExec(ForkJoinTask.java:373) ~[?:?]
	at java.util.concurrent.ForkJoinPool$WorkQueue.topLevelExec(ForkJoinPool.java:1182) ~[?:?]
	at java.util.concurrent.ForkJoinPool.scan(ForkJoinPool.java:1655) ~[?:?]
	at java.util.concurrent.ForkJoinPool.runWorker(ForkJoinPool.java:1622) ~[?:?]
	at java.util.concurrent.ForkJoinWorkerThread.run(ForkJoinWorkerThread.java:165) ~[?:?]
[19Oct2025 17:23:57.407] [Worker-Main-3/ERROR] [net.minecraftforge.common.ForgeHooks/]: Couldn't parse element loot_tables:revampedpiles:blocks/retired_adventurer_portrait
com.google.gson.JsonSyntaxException: Expected name to be an item, was unknown string 'revampedpiles:retirer_adventurer_portrait'
	at net.minecraft.util.GsonHelper.m_13866_(GsonHelper.java:145) ~[server-1.20.1-20230612.114412-srg.jar%23539!/:?]
	at java.util.Optional.orElseThrow(Optional.java:403) ~[?:?]
	at net.minecraft.util.GsonHelper.m_13874_(GsonHelper.java:145) ~[server-1.20.1-20230612.114412-srg.jar%23539!/:?]
	at net.minecraft.util.GsonHelper.m_13909_(GsonHelper.java:153) ~[server-1.20.1-20230612.114412-srg.jar%23539!/:?]
	at net.minecraft.world.level.storage.loot.entries.LootItem$Serializer.m_7267_(LootItem.java:55) ~[server-1.20.1-20230612.114412-srg.jar%23539!/:?]
	at net.minecraft.world.level.storage.loot.entries.LootItem$Serializer.m_7267_(LootItem.java:40) ~[server-1.20.1-20230612.114412-srg.jar%23539!/:?]
	at net.minecraft.world.level.storage.loot.entries.LootPoolSingletonContainer$Serializer.m_5921_(LootPoolSingletonContainer.java:151) ~[server-1.20.1-20230612.114412-srg.jar%23539!/:?]
	at net.minecraft.world.level.storage.loot.entries.LootPoolSingletonContainer$Serializer.m_5921_(LootPoolSingletonContainer.java:129) ~[server-1.20.1-20230612.114412-srg.jar%23539!/:?]
	at net.minecraft.world.level.storage.loot.entries.LootPoolEntryContainer$Serializer.m_7561_(LootPoolEntryContainer.java:86) ~[server-1.20.1-20230612.114412-srg.jar%23539!/:?]
	at net.minecraft.world.level.storage.loot.entries.LootPoolEntryContainer$Serializer.m_7561_(LootPoolEntryContainer.java:74) ~[server-1.20.1-20230612.114412-srg.jar%23539!/:?]
	at net.minecraft.world.level.storage.loot.GsonAdapterFactory$JsonAdapter.deserialize(GsonAdapterFactory.java:102) ~[server-1.20.1-20230612.114412-srg.jar%23539!/:?]
	at com.google.gson.internal.bind.TreeTypeAdapter.read(TreeTypeAdapter.java:76) ~[gson-2.10.jar%2372!/:?]
	at com.google.gson.internal.bind.TypeAdapterRuntimeTypeWrapper.read(TypeAdapterRuntimeTypeWrapper.java:40) ~[gson-2.10.jar%2372!/:?]
	at com.google.gson.internal.bind.ArrayTypeAdapter.read(ArrayTypeAdapter.java:72) ~[gson-2.10.jar%2372!/:?]
	at com.google.gson.Gson.fromJson(Gson.java:1214) ~[gson-2.10.jar%2372!/:?]
	at com.google.gson.Gson.fromJson(Gson.java:1319) ~[gson-2.10.jar%2372!/:?]
	at com.google.gson.Gson.fromJson(Gson.java:1290) ~[gson-2.10.jar%2372!/:?]
	at com.google.gson.internal.bind.TreeTypeAdapter$GsonContextImpl.deserialize(TreeTypeAdapter.java:179) ~[gson-2.10.jar%2372!/:?]
	at net.minecraft.util.GsonHelper.m_13808_(GsonHelper.java:463) ~[server-1.20.1-20230612.114412-srg.jar%23539!/:?]
	at net.minecraft.util.GsonHelper.m_13836_(GsonHelper.java:471) ~[server-1.20.1-20230612.114412-srg.jar%23539!/:?]
	at net.minecraft.world.level.storage.loot.LootPool$Serializer.deserialize(LootPool.java:192) ~[server-1.20.1-20230612.114412-srg.jar%23539!/:?]
	at net.minecraft.world.level.storage.loot.LootPool$Serializer.deserialize(LootPool.java:189) ~[server-1.20.1-20230612.114412-srg.jar%23539!/:?]
	at com.google.gson.internal.bind.TreeTypeAdapter.read(TreeTypeAdapter.java:76) ~[gson-2.10.jar%2372!/:?]
	at com.google.gson.internal.bind.TypeAdapterRuntimeTypeWrapper.read(TypeAdapterRuntimeTypeWrapper.java:40) ~[gson-2.10.jar%2372!/:?]
	at com.google.gson.internal.bind.ArrayTypeAdapter.read(ArrayTypeAdapter.java:72) ~[gson-2.10.jar%2372!/:?]
	at com.google.gson.Gson.fromJson(Gson.java:1214) ~[gson-2.10.jar%2372!/:?]
	at com.google.gson.Gson.fromJson(Gson.java:1319) ~[gson-2.10.jar%2372!/:?]
	at com.google.gson.Gson.fromJson(Gson.java:1290) ~[gson-2.10.jar%2372!/:?]
	at com.google.gson.internal.bind.TreeTypeAdapter$GsonContextImpl.deserialize(TreeTypeAdapter.java:179) ~[gson-2.10.jar%2372!/:?]
	at net.minecraft.util.GsonHelper.m_13808_(GsonHelper.java:463) ~[server-1.20.1-20230612.114412-srg.jar%23539!/:?]
	at net.minecraft.util.GsonHelper.m_13845_(GsonHelper.java:481) ~[server-1.20.1-20230612.114412-srg.jar%23539!/:?]
	at net.minecraft.world.level.storage.loot.LootTable$Serializer.deserialize(LootTable.java:294) ~[server-1.20.1-20230612.114412-srg.jar%23539!/:?]
	at net.minecraft.world.level.storage.loot.LootTable$Serializer.deserialize(LootTable.java:291) ~[server-1.20.1-20230612.114412-srg.jar%23539!/:?]
	at com.google.gson.internal.bind.TreeTypeAdapter.read(TreeTypeAdapter.java:76) ~[gson-2.10.jar%2372!/:?]
	at com.google.gson.Gson.fromJson(Gson.java:1214) ~[gson-2.10.jar%2372!/:?]
	at com.google.gson.Gson.fromJson(Gson.java:1319) ~[gson-2.10.jar%2372!/:?]
	at com.google.gson.Gson.fromJson(Gson.java:1261) ~[gson-2.10.jar%2372!/:?]
	at net.minecraftforge.common.ForgeHooks.loadLootTable(ForgeHooks.java:872) ~[forge-1.20.1-47.4.10-universal.jar%23544!/:?]
	at net.minecraftforge.common.ForgeHooks.lambda$getLootTableDeserializer$3(ForgeHooks.java:849) ~[forge-1.20.1-47.4.10-universal.jar%23544!/:?]
	at net.minecraft.world.level.storage.loot.LootDataType.deserialize(LootDataType.java:45) ~[server-1.20.1-20230612.114412-srg.jar%23539!/:?]
	at net.minecraft.world.level.storage.loot.LootDataManager.lambda$scheduleElementParse$4(LootDataManager.java:56) ~[server-1.20.1-20230612.114412-srg.jar%23539!/:?]
	at java.util.HashMap.forEach(HashMap.java:1421) ~[?:?]
	at net.minecraft.world.level.storage.loot.LootDataManager.m_278660_(LootDataManager.java:55) ~[server-1.20.1-20230612.114412-srg.jar%23539!/:?]
	at java.util.concurrent.CompletableFuture$AsyncRun.run(CompletableFuture.java:1804) ~[?:?]
	at java.util.concurrent.CompletableFuture$AsyncRun.exec(CompletableFuture.java:1796) ~[?:?]
	at java.util.concurrent.ForkJoinTask.doExec(ForkJoinTask.java:373) ~[?:?]
	at java.util.concurrent.ForkJoinPool$WorkQueue.topLevelExec(ForkJoinPool.java:1182) ~[?:?]
	at java.util.concurrent.ForkJoinPool.scan(ForkJoinPool.java:1655) ~[?:?]
	at java.util.concurrent.ForkJoinPool.runWorker(ForkJoinPool.java:1622) ~[?:?]
	at java.util.concurrent.ForkJoinWorkerThread.run(ForkJoinWorkerThread.java:165) ~[?:?]
[19Oct2025 17:23:57.571] [Worker-Main-3/ERROR] [net.minecraftforge.common.ForgeHooks/]: Couldn't parse element loot_tables:idas:chests/dread_citadel/dread_citadel_library
com.google.gson.JsonSyntaxException: Expected name to be an item, was unknown string 'iceandfire:dread_shard'
	at net.minecraft.util.GsonHelper.m_13866_(GsonHelper.java:145) ~[server-1.20.1-20230612.114412-srg.jar%23539!/:?]
	at java.util.Optional.orElseThrow(Optional.java:403) ~[?:?]
	at net.minecraft.util.GsonHelper.m_13874_(GsonHelper.java:145) ~[server-1.20.1-20230612.114412-srg.jar%23539!/:?]
	at net.minecraft.util.GsonHelper.m_13909_(GsonHelper.java:153) ~[server-1.20.1-20230612.114412-srg.jar%23539!/:?]
	at net.minecraft.world.level.storage.loot.entries.LootItem$Serializer.m_7267_(LootItem.java:55) ~[server-1.20.1-20230612.114412-srg.jar%23539!/:?]
	at net.minecraft.world.level.storage.loot.entries.LootItem$Serializer.m_7267_(LootItem.java:40) ~[server-1.20.1-20230612.114412-srg.jar%23539!/:?]
	at net.minecraft.world.level.storage.loot.entries.LootPoolSingletonContainer$Serializer.m_5921_(LootPoolSingletonContainer.java:151) ~[server-1.20.1-20230612.114412-srg.jar%23539!/:?]
	at net.minecraft.world.level.storage.loot.entries.LootPoolSingletonContainer$Serializer.m_5921_(LootPoolSingletonContainer.java:129) ~[server-1.20.1-20230612.114412-srg.jar%23539!/:?]
	at net.minecraft.world.level.storage.loot.entries.LootPoolEntryContainer$Serializer.m_7561_(LootPoolEntryContainer.java:86) ~[server-1.20.1-20230612.114412-srg.jar%23539!/:?]
	at net.minecraft.world.level.storage.loot.entries.LootPoolEntryContainer$Serializer.m_7561_(LootPoolEntryContainer.java:74) ~[server-1.20.1-20230612.114412-srg.jar%23539!/:?]
	at net.minecraft.world.level.storage.loot.GsonAdapterFactory$JsonAdapter.deserialize(GsonAdapterFactory.java:102) ~[server-1.20.1-20230612.114412-srg.jar%23539!/:?]
	at com.google.gson.internal.bind.TreeTypeAdapter.read(TreeTypeAdapter.java:76) ~[gson-2.10.jar%2372!/:?]
	at com.google.gson.internal.bind.TypeAdapterRuntimeTypeWrapper.read(TypeAdapterRuntimeTypeWrapper.java:40) ~[gson-2.10.jar%2372!/:?]
	at com.google.gson.internal.bind.ArrayTypeAdapter.read(ArrayTypeAdapter.java:72) ~[gson-2.10.jar%2372!/:?]
	at com.google.gson.Gson.fromJson(Gson.java:1214) ~[gson-2.10.jar%2372!/:?]
	at com.google.gson.Gson.fromJson(Gson.java:1319) ~[gson-2.10.jar%2372!/:?]
	at com.google.gson.Gson.fromJson(Gson.java:1290) ~[gson-2.10.jar%2372!/:?]
	at com.google.gson.internal.bind.TreeTypeAdapter$GsonContextImpl.deserialize(TreeTypeAdapter.java:179) ~[gson-2.10.jar%2372!/:?]
	at net.minecraft.util.GsonHelper.m_13808_(GsonHelper.java:463) ~[server-1.20.1-20230612.114412-srg.jar%23539!/:?]
	at net.minecraft.util.GsonHelper.m_13836_(GsonHelper.java:471) ~[server-1.20.1-20230612.114412-srg.jar%23539!/:?]
	at net.minecraft.world.level.storage.loot.LootPool$Serializer.deserialize(LootPool.java:192) ~[server-1.20.1-20230612.114412-srg.jar%23539!/:?]
	at net.minecraft.world.level.storage.loot.LootPool$Serializer.deserialize(LootPool.java:189) ~[server-1.20.1-20230612.114412-srg.jar%23539!/:?]
	at com.google.gson.internal.bind.TreeTypeAdapter.read(TreeTypeAdapter.java:76) ~[gson-2.10.jar%2372!/:?]
	at com.google.gson.internal.bind.TypeAdapterRuntimeTypeWrapper.read(TypeAdapterRuntimeTypeWrapper.java:40) ~[gson-2.10.jar%2372!/:?]
	at com.google.gson.internal.bind.ArrayTypeAdapter.read(ArrayTypeAdapter.java:72) ~[gson-2.10.jar%2372!/:?]
	at com.google.gson.Gson.fromJson(Gson.java:1214) ~[gson-2.10.jar%2372!/:?]
	at com.google.gson.Gson.fromJson(Gson.java:1319) ~[gson-2.10.jar%2372!/:?]
	at com.google.gson.Gson.fromJson(Gson.java:1290) ~[gson-2.10.jar%2372!/:?]
	at com.google.gson.internal.bind.TreeTypeAdapter$GsonContextImpl.deserialize(TreeTypeAdapter.java:179) ~[gson-2.10.jar%2372!/:?]
	at net.minecraft.util.GsonHelper.m_13808_(GsonHelper.java:463) ~[server-1.20.1-20230612.114412-srg.jar%23539!/:?]
	at net.minecraft.util.GsonHelper.m_13845_(GsonHelper.java:481) ~[server-1.20.1-20230612.114412-srg.jar%23539!/:?]
	at net.minecraft.world.level.storage.loot.LootTable$Serializer.deserialize(LootTable.java:294) ~[server-1.20.1-20230612.114412-srg.jar%23539!/:?]
	at net.minecraft.world.level.storage.loot.LootTable$Serializer.deserialize(LootTable.java:291) ~[server-1.20.1-20230612.114412-srg.jar%23539!/:?]
	at com.google.gson.internal.bind.TreeTypeAdapter.read(TreeTypeAdapter.java:76) ~[gson-2.10.jar%2372!/:?]
	at com.google.gson.Gson.fromJson(Gson.java:1214) ~[gson-2.10.jar%2372!/:?]
	at com.google.gson.Gson.fromJson(Gson.java:1319) ~[gson-2.10.jar%2372!/:?]
	at com.google.gson.Gson.fromJson(Gson.java:1261) ~[gson-2.10.jar%2372!/:?]
	at net.minecraftforge.common.ForgeHooks.loadLootTable(ForgeHooks.java:872) ~[forge-1.20.1-47.4.10-universal.jar%23544!/:?]
	at net.minecraftforge.common.ForgeHooks.lambda$getLootTableDeserializer$3(ForgeHooks.java:849) ~[forge-1.20.1-47.4.10-universal.jar%23544!/:?]
	at net.minecraft.world.level.storage.loot.LootDataType.deserialize(LootDataType.java:45) ~[server-1.20.1-20230612.114412-srg.jar%23539!/:?]
	at net.minecraft.world.level.storage.loot.LootDataManager.lambda$scheduleElementParse$4(LootDataManager.java:56) ~[server-1.20.1-20230612.114412-srg.jar%23539!/:?]
	at java.util.HashMap.forEach(HashMap.java:1421) ~[?:?]
	at net.minecraft.world.level.storage.loot.LootDataManager.m_278660_(LootDataManager.java:55) ~[server-1.20.1-20230612.114412-srg.jar%23539!/:?]
	at java.util.concurrent.CompletableFuture$AsyncRun.run(CompletableFuture.java:1804) ~[?:?]
	at java.util.concurrent.CompletableFuture$AsyncRun.exec(CompletableFuture.java:1796) ~[?:?]
	at java.util.concurrent.ForkJoinTask.doExec(ForkJoinTask.java:373) ~[?:?]
	at java.util.concurrent.ForkJoinPool$WorkQueue.topLevelExec(ForkJoinPool.java:1182) ~[?:?]
	at java.util.concurrent.ForkJoinPool.scan(ForkJoinPool.java:1655) ~[?:?]
	at java.util.concurrent.ForkJoinPool.runWorker(ForkJoinPool.java:1622) ~[?:?]
	at java.util.concurrent.ForkJoinWorkerThread.run(ForkJoinWorkerThread.java:165) ~[?:?]
[19Oct2025 17:23:57.705] [Worker-Main-3/ERROR] [net.minecraftforge.common.ForgeHooks/]: Couldn't parse element loot_tables:revampedpiles:blocks/hanging_mutton
com.google.gson.JsonSyntaxException: Expected name to be an item, was unknown string 'revampedpiles:mutton'
	at net.minecraft.util.GsonHelper.m_13866_(GsonHelper.java:145) ~[server-1.20.1-20230612.114412-srg.jar%23539!/:?]
	at java.util.Optional.orElseThrow(Optional.java:403) ~[?:?]
	at net.minecraft.util.GsonHelper.m_13874_(GsonHelper.java:145) ~[server-1.20.1-20230612.114412-srg.jar%23539!/:?]
	at net.minecraft.util.GsonHelper.m_13909_(GsonHelper.java:153) ~[server-1.20.1-20230612.114412-srg.jar%23539!/:?]
	at net.minecraft.world.level.storage.loot.entries.LootItem$Serializer.m_7267_(LootItem.java:55) ~[server-1.20.1-20230612.114412-srg.jar%23539!/:?]
	at net.minecraft.world.level.storage.loot.entries.LootItem$Serializer.m_7267_(LootItem.java:40) ~[server-1.20.1-20230612.114412-srg.jar%23539!/:?]
	at net.minecraft.world.level.storage.loot.entries.LootPoolSingletonContainer$Serializer.m_5921_(LootPoolSingletonContainer.java:151) ~[server-1.20.1-20230612.114412-srg.jar%23539!/:?]
	at net.minecraft.world.level.storage.loot.entries.LootPoolSingletonContainer$Serializer.m_5921_(LootPoolSingletonContainer.java:129) ~[server-1.20.1-20230612.114412-srg.jar%23539!/:?]
	at net.minecraft.world.level.storage.loot.entries.LootPoolEntryContainer$Serializer.m_7561_(LootPoolEntryContainer.java:86) ~[server-1.20.1-20230612.114412-srg.jar%23539!/:?]
	at net.minecraft.world.level.storage.loot.entries.LootPoolEntryContainer$Serializer.m_7561_(LootPoolEntryContainer.java:74) ~[server-1.20.1-20230612.114412-srg.jar%23539!/:?]
	at net.minecraft.world.level.storage.loot.GsonAdapterFactory$JsonAdapter.deserialize(GsonAdapterFactory.java:102) ~[server-1.20.1-20230612.114412-srg.jar%23539!/:?]
	at com.google.gson.internal.bind.TreeTypeAdapter.read(TreeTypeAdapter.java:76) ~[gson-2.10.jar%2372!/:?]
	at com.google.gson.internal.bind.TypeAdapterRuntimeTypeWrapper.read(TypeAdapterRuntimeTypeWrapper.java:40) ~[gson-2.10.jar%2372!/:?]
	at com.google.gson.internal.bind.ArrayTypeAdapter.read(ArrayTypeAdapter.java:72) ~[gson-2.10.jar%2372!/:?]
	at com.google.gson.Gson.fromJson(Gson.java:1214) ~[gson-2.10.jar%2372!/:?]
	at com.google.gson.Gson.fromJson(Gson.java:1319) ~[gson-2.10.jar%2372!/:?]
	at com.google.gson.Gson.fromJson(Gson.java:1290) ~[gson-2.10.jar%2372!/:?]
	at com.google.gson.internal.bind.TreeTypeAdapter$GsonContextImpl.deserialize(TreeTypeAdapter.java:179) ~[gson-2.10.jar%2372!/:?]
	at net.minecraft.util.GsonHelper.m_13808_(GsonHelper.java:463) ~[server-1.20.1-20230612.114412-srg.jar%23539!/:?]
	at net.minecraft.util.GsonHelper.m_13836_(GsonHelper.java:471) ~[server-1.20.1-20230612.114412-srg.jar%23539!/:?]
	at net.minecraft.world.level.storage.loot.LootPool$Serializer.deserialize(LootPool.java:192) ~[server-1.20.1-20230612.114412-srg.jar%23539!/:?]
	at net.minecraft.world.level.storage.loot.LootPool$Serializer.deserialize(LootPool.java:189) ~[server-1.20.1-20230612.114412-srg.jar%23539!/:?]
	at com.google.gson.internal.bind.TreeTypeAdapter.read(TreeTypeAdapter.java:76) ~[gson-2.10.jar%2372!/:?]
	at com.google.gson.internal.bind.TypeAdapterRuntimeTypeWrapper.read(TypeAdapterRuntimeTypeWrapper.java:40) ~[gson-2.10.jar%2372!/:?]
	at com.google.gson.internal.bind.ArrayTypeAdapter.read(ArrayTypeAdapter.java:72) ~[gson-2.10.jar%2372!/:?]
	at com.google.gson.Gson.fromJson(Gson.java:1214) ~[gson-2.10.jar%2372!/:?]
	at com.google.gson.Gson.fromJson(Gson.java:1319) ~[gson-2.10.jar%2372!/:?]
	at com.google.gson.Gson.fromJson(Gson.java:1290) ~[gson-2.10.jar%2372!/:?]
	at com.google.gson.internal.bind.TreeTypeAdapter$GsonContextImpl.deserialize(TreeTypeAdapter.java:179) ~[gson-2.10.jar%2372!/:?]
	at net.minecraft.util.GsonHelper.m_13808_(GsonHelper.java:463) ~[server-1.20.1-20230612.114412-srg.jar%23539!/:?]
	at net.minecraft.util.GsonHelper.m_13845_(GsonHelper.java:481) ~[server-1.20.1-20230612.114412-srg.jar%23539!/:?]
	at net.minecraft.world.level.storage.loot.LootTable$Serializer.deserialize(LootTable.java:294) ~[server-1.20.1-20230612.114412-srg.jar%23539!/:?]
	at net.minecraft.world.level.storage.loot.LootTable$Serializer.deserialize(LootTable.java:291) ~[server-1.20.1-20230612.114412-srg.jar%23539!/:?]
	at com.google.gson.internal.bind.TreeTypeAdapter.read(TreeTypeAdapter.java:76) ~[gson-2.10.jar%2372!/:?]
	at com.google.gson.Gson.fromJson(Gson.java:1214) ~[gson-2.10.jar%2372!/:?]
	at com.google.gson.Gson.fromJson(Gson.java:1319) ~[gson-2.10.jar%2372!/:?]
	at com.google.gson.Gson.fromJson(Gson.java:1261) ~[gson-2.10.jar%2372!/:?]
	at net.minecraftforge.common.ForgeHooks.loadLootTable(ForgeHooks.java:872) ~[forge-1.20.1-47.4.10-universal.jar%23544!/:?]
	at net.minecraftforge.common.ForgeHooks.lambda$getLootTableDeserializer$3(ForgeHooks.java:849) ~[forge-1.20.1-47.4.10-universal.jar%23544!/:?]
	at net.minecraft.world.level.storage.loot.LootDataType.deserialize(LootDataType.java:45) ~[server-1.20.1-20230612.114412-srg.jar%23539!/:?]
	at net.minecraft.world.level.storage.loot.LootDataManager.lambda$scheduleElementParse$4(LootDataManager.java:56) ~[server-1.20.1-20230612.114412-srg.jar%23539!/:?]
	at java.util.HashMap.forEach(HashMap.java:1421) ~[?:?]
	at net.minecraft.world.level.storage.loot.LootDataManager.m_278660_(LootDataManager.java:55) ~[server-1.20.1-20230612.114412-srg.jar%23539!/:?]
	at java.util.concurrent.CompletableFuture$AsyncRun.run(CompletableFuture.java:1804) ~[?:?]
	at java.util.concurrent.CompletableFuture$AsyncRun.exec(CompletableFuture.java:1796) ~[?:?]
	at java.util.concurrent.ForkJoinTask.doExec(ForkJoinTask.java:373) ~[?:?]
	at java.util.concurrent.ForkJoinPool$WorkQueue.topLevelExec(ForkJoinPool.java:1182) ~[?:?]
	at java.util.concurrent.ForkJoinPool.scan(ForkJoinPool.java:1655) ~[?:?]
	at java.util.concurrent.ForkJoinPool.runWorker(ForkJoinPool.java:1622) ~[?:?]
	at java.util.concurrent.ForkJoinWorkerThread.run(ForkJoinWorkerThread.java:165) ~[?:?]
[19Oct2025 17:23:58.426] [Worker-Main-3/ERROR] [net.minecraftforge.common.ForgeHooks/]: Couldn't parse element loot_tables:revampedpiles:blocks/village_dirtpath_path
com.google.gson.JsonSyntaxException: Expected name to be an item, was unknown string 'revampedpiles:village_dirtpath_path'
	at net.minecraft.util.GsonHelper.m_13866_(GsonHelper.java:145) ~[server-1.20.1-20230612.114412-srg.jar%23539!/:?]
	at java.util.Optional.orElseThrow(Optional.java:403) ~[?:?]
	at net.minecraft.util.GsonHelper.m_13874_(GsonHelper.java:145) ~[server-1.20.1-20230612.114412-srg.jar%23539!/:?]
	at net.minecraft.util.GsonHelper.m_13909_(GsonHelper.java:153) ~[server-1.20.1-20230612.114412-srg.jar%23539!/:?]
	at net.minecraft.world.level.storage.loot.entries.LootItem$Serializer.m_7267_(LootItem.java:55) ~[server-1.20.1-20230612.114412-srg.jar%23539!/:?]
	at net.minecraft.world.level.storage.loot.entries.LootItem$Serializer.m_7267_(LootItem.java:40) ~[server-1.20.1-20230612.114412-srg.jar%23539!/:?]
	at net.minecraft.world.level.storage.loot.entries.LootPoolSingletonContainer$Serializer.m_5921_(LootPoolSingletonContainer.java:151) ~[server-1.20.1-20230612.114412-srg.jar%23539!/:?]
	at net.minecraft.world.level.storage.loot.entries.LootPoolSingletonContainer$Serializer.m_5921_(LootPoolSingletonContainer.java:129) ~[server-1.20.1-20230612.114412-srg.jar%23539!/:?]
	at net.minecraft.world.level.storage.loot.entries.LootPoolEntryContainer$Serializer.m_7561_(LootPoolEntryContainer.java:86) ~[server-1.20.1-20230612.114412-srg.jar%23539!/:?]
	at net.minecraft.world.level.storage.loot.entries.LootPoolEntryContainer$Serializer.m_7561_(LootPoolEntryContainer.java:74) ~[server-1.20.1-20230612.114412-srg.jar%23539!/:?]
	at net.minecraft.world.level.storage.loot.GsonAdapterFactory$JsonAdapter.deserialize(GsonAdapterFactory.java:102) ~[server-1.20.1-20230612.114412-srg.jar%23539!/:?]
	at com.google.gson.internal.bind.TreeTypeAdapter.read(TreeTypeAdapter.java:76) ~[gson-2.10.jar%2372!/:?]
	at com.google.gson.internal.bind.TypeAdapterRuntimeTypeWrapper.read(TypeAdapterRuntimeTypeWrapper.java:40) ~[gson-2.10.jar%2372!/:?]
	at com.google.gson.internal.bind.ArrayTypeAdapter.read(ArrayTypeAdapter.java:72) ~[gson-2.10.jar%2372!/:?]
	at com.google.gson.Gson.fromJson(Gson.java:1214) ~[gson-2.10.jar%2372!/:?]
	at com.google.gson.Gson.fromJson(Gson.java:1319) ~[gson-2.10.jar%2372!/:?]
	at com.google.gson.Gson.fromJson(Gson.java:1290) ~[gson-2.10.jar%2372!/:?]
	at com.google.gson.internal.bind.TreeTypeAdapter$GsonContextImpl.deserialize(TreeTypeAdapter.java:179) ~[gson-2.10.jar%2372!/:?]
	at net.minecraft.util.GsonHelper.m_13808_(GsonHelper.java:463) ~[server-1.20.1-20230612.114412-srg.jar%23539!/:?]
	at net.minecraft.util.GsonHelper.m_13836_(GsonHelper.java:471) ~[server-1.20.1-20230612.114412-srg.jar%23539!/:?]
	at net.minecraft.world.level.storage.loot.LootPool$Serializer.deserialize(LootPool.java:192) ~[server-1.20.1-20230612.114412-srg.jar%23539!/:?]
	at net.minecraft.world.level.storage.loot.LootPool$Serializer.deserialize(LootPool.java:189) ~[server-1.20.1-20230612.114412-srg.jar%23539!/:?]
	at com.google.gson.internal.bind.TreeTypeAdapter.read(TreeTypeAdapter.java:76) ~[gson-2.10.jar%2372!/:?]
	at com.google.gson.internal.bind.TypeAdapterRuntimeTypeWrapper.read(TypeAdapterRuntimeTypeWrapper.java:40) ~[gson-2.10.jar%2372!/:?]
	at com.google.gson.internal.bind.ArrayTypeAdapter.read(ArrayTypeAdapter.java:72) ~[gson-2.10.jar%2372!/:?]
	at com.google.gson.Gson.fromJson(Gson.java:1214) ~[gson-2.10.jar%2372!/:?]
	at com.google.gson.Gson.fromJson(Gson.java:1319) ~[gson-2.10.jar%2372!/:?]
	at com.google.gson.Gson.fromJson(Gson.java:1290) ~[gson-2.10.jar%2372!/:?]
	at com.google.gson.internal.bind.TreeTypeAdapter$GsonContextImpl.deserialize(TreeTypeAdapter.java:179) ~[gson-2.10.jar%2372!/:?]
	at net.minecraft.util.GsonHelper.m_13808_(GsonHelper.java:463) ~[server-1.20.1-20230612.114412-srg.jar%23539!/:?]
	at net.minecraft.util.GsonHelper.m_13845_(GsonHelper.java:481) ~[server-1.20.1-20230612.114412-srg.jar%23539!/:?]
	at net.minecraft.world.level.storage.loot.LootTable$Serializer.deserialize(LootTable.java:294) ~[server-1.20.1-20230612.114412-srg.jar%23539!/:?]
	at net.minecraft.world.level.storage.loot.LootTable$Serializer.deserialize(LootTable.java:291) ~[server-1.20.1-20230612.114412-srg.jar%23539!/:?]
	at com.google.gson.internal.bind.TreeTypeAdapter.read(TreeTypeAdapter.java:76) ~[gson-2.10.jar%2372!/:?]
	at com.google.gson.Gson.fromJson(Gson.java:1214) ~[gson-2.10.jar%2372!/:?]
	at com.google.gson.Gson.fromJson(Gson.java:1319) ~[gson-2.10.jar%2372!/:?]
	at com.google.gson.Gson.fromJson(Gson.java:1261) ~[gson-2.10.jar%2372!/:?]
	at net.minecraftforge.common.ForgeHooks.loadLootTable(ForgeHooks.java:872) ~[forge-1.20.1-47.4.10-universal.jar%23544!/:?]
	at net.minecraftforge.common.ForgeHooks.lambda$getLootTableDeserializer$3(ForgeHooks.java:849) ~[forge-1.20.1-47.4.10-universal.jar%23544!/:?]
	at net.minecraft.world.level.storage.loot.LootDataType.deserialize(LootDataType.java:45) ~[server-1.20.1-20230612.114412-srg.jar%23539!/:?]
	at net.minecraft.world.level.storage.loot.LootDataManager.lambda$scheduleElementParse$4(LootDataManager.java:56) ~[server-1.20.1-20230612.114412-srg.jar%23539!/:?]
	at java.util.HashMap.forEach(HashMap.java:1421) ~[?:?]
	at net.minecraft.world.level.storage.loot.LootDataManager.m_278660_(LootDataManager.java:55) ~[server-1.20.1-20230612.114412-srg.jar%23539!/:?]
	at java.util.concurrent.CompletableFuture$AsyncRun.run(CompletableFuture.java:1804) ~[?:?]
	at java.util.concurrent.CompletableFuture$AsyncRun.exec(CompletableFuture.java:1796) ~[?:?]
	at java.util.concurrent.ForkJoinTask.doExec(ForkJoinTask.java:373) ~[?:?]
	at java.util.concurrent.ForkJoinPool$WorkQueue.topLevelExec(ForkJoinPool.java:1182) ~[?:?]
	at java.util.concurrent.ForkJoinPool.scan(ForkJoinPool.java:1655) ~[?:?]
	at java.util.concurrent.ForkJoinPool.runWorker(ForkJoinPool.java:1622) ~[?:?]
	at java.util.concurrent.ForkJoinWorkerThread.run(ForkJoinWorkerThread.java:165) ~[?:?]
[19Oct2025 17:23:58.901] [main/WARN] [net.minecraft.world.level.storage.loot.LootDataManager/]: Found loot table element validation problem in {loot_tables:iter_rpg:entities/revenant}.pools[0].entries[0].functions[1]: Parameters [<parameter minecraft:tool>] are not provided in this context
[19Oct2025 17:23:58.901] [main/WARN] [net.minecraft.world.level.storage.loot.LootDataManager/]: Found loot table element validation problem in {loot_tables:iter_rpg:entities/fiend}.pools[0].entries[0].functions[1]: Parameters [<parameter minecraft:tool>] are not provided in this context
[19Oct2025 17:23:58.901] [main/WARN] [net.minecraft.world.level.storage.loot.LootDataManager/]: Found loot table element validation problem in {loot_tables:iter_rpg:entities/griever}.pools[1].entries[0].functions[1]: Parameters [<parameter minecraft:tool>] are not provided in this context
[19Oct2025 17:23:58.901] [main/WARN] [net.minecraft.world.level.storage.loot.LootDataManager/]: Found loot table element validation problem in {loot_tables:iter_rpg:entities/revenant}.pools[1].entries[0].functions[1]: Parameters [<parameter minecraft:tool>] are not provided in this context
[19Oct2025 17:23:58.901] [main/WARN] [net.minecraft.world.level.storage.loot.LootDataManager/]: Found loot table element validation problem in {loot_tables:iter_rpg:entities/griever}.pools[0].entries[0].functions[1]: Parameters [<parameter minecraft:tool>] are not provided in this context
[19Oct2025 17:23:58.901] [main/WARN] [net.minecraft.world.level.storage.loot.LootDataManager/]: Found loot table element validation problem in {loot_tables:iter_rpg:entities/chaos_apparition}.pools[0].entries[0].functions[1]: Parameters [<parameter minecraft:tool>] are not provided in this context
[19Oct2025 17:23:58.901] [main/WARN] [net.minecraft.world.level.storage.loot.LootDataManager/]: Found loot table element validation problem in {loot_tables:iter_rpg:entities/griever}.pools[0].entries[1].functions[1]: Parameters [<parameter minecraft:tool>] are not provided in this context
[19Oct2025 17:23:58.902] [main/WARN] [net.minecraft.world.level.storage.loot.LootDataManager/]: Found loot table element validation problem in {loot_tables:iter_rpg:entities/sorrowsealed}.pools[1].entries[0].functions[1]: Parameters [<parameter minecraft:tool>] are not provided in this context
[19Oct2025 17:23:58.902] [main/WARN] [net.minecraft.world.level.storage.loot.LootDataManager/]: Found loot table element validation problem in {loot_tables:iter_rpg:entities/earth_elemental}.pools[1].entries[0].functions[1]: Parameters [<parameter minecraft:tool>] are not provided in this context
[19Oct2025 17:23:58.902] [main/WARN] [net.minecraft.world.level.storage.loot.LootDataManager/]: Found loot table element validation problem in {loot_tables:iter_rpg:entities/void_elemental}.pools[0].entries[0].functions[1]: Parameters [<parameter minecraft:tool>] are not provided in this context
[19Oct2025 17:23:58.902] [main/WARN] [net.minecraft.world.level.storage.loot.LootDataManager/]: Found loot table element validation problem in {loot_tables:iter_rpg:entities/mournstone}.pools[1].entries[0].functions[1]: Parameters [<parameter minecraft:tool>] are not provided in this context
[19Oct2025 17:23:58.902] [main/WARN] [net.minecraft.world.level.storage.loot.LootDataManager/]: Found loot table element validation problem in {loot_tables:iter_rpg:entities/mournstone}.pools[0].entries[0].functions[1]: Parameters [<parameter minecraft:tool>] are not provided in this context
[19Oct2025 17:23:58.902] [main/WARN] [net.minecraft.world.level.storage.loot.LootDataManager/]: Found loot table element validation problem in {loot_tables:iter_rpg:entities/carcass}.pools[0].entries[0].functions[1]: Parameters [<parameter minecraft:tool>] are not provided in this context
[19Oct2025 17:23:58.902] [main/WARN] [net.minecraft.world.level.storage.loot.LootDataManager/]: Found loot table element validation problem in {loot_tables:iter_rpg:entities/sorrowsealed}.pools[0].entries[0].functions[1]: Parameters [<parameter minecraft:tool>] are not provided in this context
[19Oct2025 17:23:58.902] [main/WARN] [net.minecraft.world.level.storage.loot.LootDataManager/]: Found loot table element validation problem in {loot_tables:iter_rpg:entities/mournstone}.pools[1].entries[1].functions[1]: Parameters [<parameter minecraft:tool>] are not provided in this context
[19Oct2025 17:23:58.902] [main/WARN] [net.minecraft.world.level.storage.loot.LootDataManager/]: Found loot table element validation problem in {loot_tables:iter_rpg:entities/fire_elemental}.pools[1].entries[0].functions[1]: Parameters [<parameter minecraft:tool>] are not provided in this context
[19Oct2025 17:23:58.902] [main/WARN] [net.minecraft.world.level.storage.loot.LootDataManager/]: Found loot table element validation problem in {loot_tables:iter_rpg:entities/water_elemental}.pools[1].entries[0].functions[1]: Parameters [<parameter minecraft:tool>] are not provided in this context
[19Oct2025 17:23:58.902] [main/WARN] [net.minecraft.world.level.storage.loot.LootDataManager/]: Found loot table element validation problem in {loot_tables:iter_rpg:entities/weeper}.pools[0].entries[0].functions[1]: Parameters [<parameter minecraft:tool>] are not provided in this context
[19Oct2025 17:23:58.902] [main/WARN] [net.minecraft.world.level.storage.loot.LootDataManager/]: Found loot table element validation problem in {loot_tables:iter_rpg:entities/carcass}.pools[1].entries[0].functions[1]: Parameters [<parameter minecraft:tool>] are not provided in this context
[19Oct2025 17:23:58.902] [main/WARN] [net.minecraft.world.level.storage.loot.LootDataManager/]: Found loot table element validation problem in {loot_tables:iter_rpg:entities/weeper}.pools[1].entries[1].functions[1]: Parameters [<parameter minecraft:tool>] are not provided in this context
[19Oct2025 17:23:58.902] [main/WARN] [net.minecraft.world.level.storage.loot.LootDataManager/]: Found loot table element validation problem in {loot_tables:iter_rpg:entities/giant_spider}.pools[0].entries[1].functions[1]: Parameters [<parameter minecraft:tool>] are not provided in this context
[19Oct2025 17:23:58.902] [main/WARN] [net.minecraft.world.level.storage.loot.LootDataManager/]: Found loot table element validation problem in {loot_tables:iter_rpg:entities/giant_spider}.pools[0].entries[2].functions[1]: Parameters [<parameter minecraft:tool>] are not provided in this context
[19Oct2025 17:23:58.902] [main/WARN] [net.minecraft.world.level.storage.loot.LootDataManager/]: Found loot table element validation problem in {loot_tables:iter_rpg:entities/weeper}.pools[1].entries[0].functions[1]: Parameters [<parameter minecraft:tool>] are not provided in this context
[19Oct2025 17:23:58.902] [main/WARN] [net.minecraft.world.level.storage.loot.LootDataManager/]: Found loot table element validation problem in {loot_tables:iter_rpg:entities/griever}.pools[1].entries[1].functions[1]: Parameters [<parameter minecraft:tool>] are not provided in this context
[19Oct2025 17:23:58.907] [main/INFO] [placebo/]: Registered 34 additional loot tables.
[19Oct2025 17:23:58.922] [main/INFO] [net.minecraft.world.item.crafting.RecipeManager/]: Skipping loading recipe deep_aether:pumpkin_pie as it's serializer returned null
[19Oct2025 17:23:58.946] [main/INFO] [com.teampotato.redirector.Redirector/]: Redirecting dev/shadowsoffire/apotheosis/ench/table/ApothEnchantmentMenu$Arcana
[19Oct2025 17:23:58.961] [main/INFO] [net.minecraft.world.item.crafting.RecipeManager/]: Skipping loading recipe undergarden:gloomgourd_pie as it's serializer returned null
[19Oct2025 17:23:58.986] [main/INFO] [net.minecraft.world.item.crafting.RecipeManager/]: Skipping loading recipe aether:skyroot_milk_bucket_cake as it's serializer returned null
[19Oct2025 17:23:58.993] [main/ERROR] [net.minecraft.world.item.crafting.RecipeManager/]: Parsing error loading recipe alltheores:mek_processing/silver/clump/from_raw_block: com.google.gson.JsonSyntaxException: Invalid or unsupported recipe type 'mekanism:purifying'
[19Oct2025 17:23:58.997] [main/INFO] [net.minecraft.world.item.crafting.RecipeManager/]: Skipping loading recipe delightful:knives/blasting/copper_thermal as it's serializer returned null
[19Oct2025 17:23:58.999] [main/INFO] [com.teampotato.redirector.Redirector/]: Redirecting dev/xkmc/cuisinedelight/content/logic/FoodType
[19Oct2025 17:23:59.002] [main/INFO] [net.minecraft.world.item.crafting.RecipeManager/]: Skipping loading recipe delightful:knives/ritual/living_knife as it's serializer returned null
[19Oct2025 17:23:59.002] [main/ERROR] [net.minecraft.world.item.crafting.RecipeManager/]: Parsing error loading recipe iter_rpg:packed_snow_bricks_cut_wall: com.google.gson.JsonSyntaxException: Unknown item 'iter_rpg:deleted_mod_element'
[19Oct2025 17:23:59.006] [main/INFO] [net.minecraft.world.item.crafting.RecipeManager/]: Skipping loading recipe aether:cutting/skyroot_wood as it's serializer returned null
[19Oct2025 17:23:59.006] [main/INFO] [net.minecraft.world.item.crafting.RecipeManager/]: Skipping loading recipe delightful:knives/repairing/skyroot_knife as it's serializer returned null
[19Oct2025 17:23:59.009] [main/ERROR] [net.minecraft.world.item.crafting.RecipeManager/]: Parsing error loading recipe alltheores:mek_processing/platinum/dust/from_raw_ore: com.google.gson.JsonSyntaxException: Invalid or unsupported recipe type 'mekanism:enriching'
[19Oct2025 17:23:59.013] [main/INFO] [net.minecraft.world.item.crafting.RecipeManager/]: Skipping loading recipe delightful:knives/mechanical_crafting/gilded_quartz_knife as it's serializer returned null
[19Oct2025 17:23:59.013] [main/INFO] [net.minecraft.world.item.crafting.RecipeManager/]: Skipping loading recipe byg:green_apple_pie_from_slices as it's serializer returned null
[19Oct2025 17:23:59.021] [main/ERROR] [net.minecraft.world.item.crafting.RecipeManager/]: Parsing error loading recipe alltheores:mek_processing/aluminum/clump/from_raw_ore: com.google.gson.JsonSyntaxException: Invalid or unsupported recipe type 'mekanism:purifying'
[19Oct2025 17:23:59.021] [main/INFO] [net.minecraft.world.item.crafting.RecipeManager/]: Skipping loading recipe delightful:knives/osmium_knife as it's serializer returned null
[19Oct2025 17:23:59.022] [main/ERROR] [net.minecraft.world.item.crafting.RecipeManager/]: Parsing error loading recipe revampedpiles:snow_bricks: com.google.gson.JsonSyntaxException: Pattern references symbol 'x' but it's not defined in the key
[19Oct2025 17:23:59.022] [main/INFO] [net.minecraft.world.item.crafting.RecipeManager/]: Skipping loading recipe naturalist:cooked_egg as it's serializer returned null
[19Oct2025 17:23:59.026] [main/INFO] [net.minecraft.world.item.crafting.RecipeManager/]: Skipping loading recipe delightful:knives/smelting/bone/bone_meal_from_smelting_axe as it's serializer returned null
[19Oct2025 17:23:59.029] [main/INFO] [net.minecraft.world.item.crafting.RecipeManager/]: Skipping loading recipe aether_redux:cutting/fieldsprout_log as it's serializer returned null
[19Oct2025 17:23:59.030] [main/INFO] [net.minecraft.world.item.crafting.RecipeManager/]: Skipping loading recipe aether:moa_egg_pumpkin_pie as it's serializer returned null
[19Oct2025 17:23:59.046] [main/INFO] [net.minecraft.world.item.crafting.RecipeManager/]: Skipping loading recipe delightful:cutting/nightshade_berry_pie as it's serializer returned null
[19Oct2025 17:23:59.046] [main/INFO] [net.minecraft.world.item.crafting.RecipeManager/]: Skipping loading recipe twilightdelight:hydra_burger as it's serializer returned null
[19Oct2025 17:23:59.047] [main/INFO] [net.minecraft.world.item.crafting.RecipeManager/]: Skipping loading recipe delightful:food/kettle/azalea_tea as it's serializer returned null
[19Oct2025 17:23:59.048] [main/ERROR] [net.minecraft.world.item.crafting.RecipeManager/]: Parsing error loading recipe alltheores:mek_processing/aluminum/ore/nether_from_raw: com.google.gson.JsonSyntaxException: Invalid or unsupported recipe type 'mekanism:combining'
[19Oct2025 17:23:59.048] [main/INFO] [net.minecraft.world.item.crafting.RecipeManager/]: Skipping loading recipe undergardendelight:frosteel_knife as it's serializer returned null
[19Oct2025 17:23:59.050] [main/INFO] [net.minecraft.world.item.crafting.RecipeManager/]: Skipping loading recipe supplementaries:inspirations/blackboard_clear as it's serializer returned null
[19Oct2025 17:23:59.052] [main/INFO] [net.minecraft.world.item.crafting.RecipeManager/]: Skipping loading recipe delightful:integration/windswept/goat_shanks_windswept as it's serializer returned null
[19Oct2025 17:23:59.060] [main/INFO] [net.minecraft.world.item.crafting.RecipeManager/]: Skipping loading recipe wildberries:cutting/blueberry_pie as it's serializer returned null
[19Oct2025 17:23:59.062] [main/INFO] [net.minecraft.world.item.crafting.RecipeManager/]: Skipping loading recipe delightful:cutting/gloomgourd_pie as it's serializer returned null
[19Oct2025 17:23:59.063] [main/INFO] [net.minecraft.world.item.crafting.RecipeManager/]: Skipping loading recipe delightful:knives/blasting/bone/bone_meal_from_blasting_axe as it's serializer returned null
[19Oct2025 17:23:59.070] [main/ERROR] [net.minecraft.world.item.crafting.RecipeManager/]: Parsing error loading recipe alltheores:mek_processing/silver/slurry/from_raw_ore: com.google.gson.JsonSyntaxException: Invalid or unsupported recipe type 'mekanism:dissolution'
[19Oct2025 17:23:59.071] [main/INFO] [net.minecraft.world.item.crafting.RecipeManager/]: Skipping loading recipe delightful:integration/byg/unpack_green_apple_crate as it's serializer returned null
[19Oct2025 17:23:59.072] [main/INFO] [net.minecraft.world.item.crafting.RecipeManager/]: Skipping loading recipe delightful:knives/blasting/invar_thermal as it's serializer returned null
[19Oct2025 17:23:59.072] [main/INFO] [net.minecraft.world.item.crafting.RecipeManager/]: Skipping loading recipe some_assembly_required:crafting_shapeless/burger_bun as it's serializer returned null
[19Oct2025 17:23:59.072] [main/INFO] [net.minecraft.world.item.crafting.RecipeManager/]: Skipping loading recipe delightful:knives/smelting/lead_thermal as it's serializer returned null
[19Oct2025 17:23:59.073] [main/ERROR] [net.minecraft.world.item.crafting.RecipeManager/]: Parsing error loading recipe alltheores:mek_processing/iridium/ore/from_raw: com.google.gson.JsonSyntaxException: Invalid or unsupported recipe type 'mekanism:combining'
[19Oct2025 17:23:59.081] [main/INFO] [net.minecraft.world.item.crafting.RecipeManager/]: Skipping loading recipe cratedelight:minecraft/crafting/sugar_bag as it's serializer returned null
[19Oct2025 17:23:59.081] [main/INFO] [net.minecraft.world.item.crafting.RecipeManager/]: Skipping loading recipe delightful:knives/smelting/lead_immersiveengineering as it's serializer returned null
[19Oct2025 17:23:59.082] [main/ERROR] [net.minecraft.world.item.crafting.RecipeManager/]: Parsing error loading recipe iter_rpg:smooth_ice_bricks_cut_wall: com.google.gson.JsonSyntaxException: Unknown item 'iter_rpg:deleted_mod_element'
[19Oct2025 17:23:59.082] [main/INFO] [net.minecraft.world.item.crafting.RecipeManager/]: Skipping loading recipe delightful:integration/biomemakeover/cactus_flesh_from_barrel_cactus_flowered as it's serializer returned null
[19Oct2025 17:23:59.088] [main/INFO] [net.minecraft.world.item.crafting.RecipeManager/]: Skipping loading recipe spawn:tuna_sandwich as it's serializer returned null
[19Oct2025 17:23:59.089] [main/INFO] [net.minecraft.world.item.crafting.RecipeManager/]: Skipping loading recipe spawn:cutting/rotten_log as it's serializer returned null
[19Oct2025 17:23:59.103] [main/INFO] [net.minecraft.world.item.crafting.RecipeManager/]: Skipping loading recipe byg:nightshade_berry_pie_from_slices as it's serializer returned null
[19Oct2025 17:23:59.105] [main/INFO] [net.minecraft.world.item.crafting.RecipeManager/]: Skipping loading recipe delightful:knives/valkyrum_knife as it's serializer returned null
[19Oct2025 17:23:59.106] [main/INFO] [net.minecraft.world.item.crafting.RecipeManager/]: Skipping loading recipe aether:cutting/skyroot_log as it's serializer returned null
[19Oct2025 17:23:59.124] [main/INFO] [net.minecraft.world.item.crafting.RecipeManager/]: Skipping loading recipe delightful:knives/smelting/bone/bone_meal_from_smelting_chestplate as it's serializer returned null
[19Oct2025 17:23:59.124] [main/INFO] [net.minecraft.world.item.crafting.RecipeManager/]: Skipping loading recipe delightful:knives/blasting/tin_thermal as it's serializer returned null
[19Oct2025 17:23:59.124] [main/INFO] [net.minecraft.world.item.crafting.RecipeManager/]: Skipping loading recipe vintagedelight:pb_j as it's serializer returned null
[19Oct2025 17:23:59.125] [main/INFO] [net.minecraft.world.item.crafting.RecipeManager/]: Skipping loading recipe delightful:integration/byg/unpack_crimson_berry_sack as it's serializer returned null
[19Oct2025 17:23:59.148] [main/ERROR] [net.minecraft.world.item.crafting.RecipeManager/]: Parsing error loading recipe alltheores:mek_processing/aluminum/slurry/dirty/from_raw_block: com.google.gson.JsonSyntaxException: Invalid or unsupported recipe type 'mekanism:dissolution'
[19Oct2025 17:23:59.157] [main/INFO] [net.minecraft.world.item.crafting.RecipeManager/]: Skipping loading recipe delightful:knives/smelting/nickel_thermal as it's serializer returned null
[19Oct2025 17:23:59.157] [main/ERROR] [net.minecraft.world.item.crafting.RecipeManager/]: Parsing error loading recipe alltheores:mek_processing/silver/shard/from_raw_block: com.google.gson.JsonSyntaxException: Invalid or unsupported recipe type 'mekanism:injecting'
[19Oct2025 17:23:59.157] [main/INFO] [net.minecraft.world.item.crafting.RecipeManager/]: Skipping loading recipe delightful:knives/draco_arcanus_knife as it's serializer returned null
[19Oct2025 17:23:59.158] [main/INFO] [net.minecraft.world.item.crafting.RecipeManager/]: Skipping loading recipe vintagedelight:stuffed_burrito as it's serializer returned null
[19Oct2025 17:23:59.158] [main/INFO] [net.minecraft.world.item.crafting.RecipeManager/]: Skipping loading recipe sprout:water_sausage as it's serializer returned null
[19Oct2025 17:23:59.160] [main/INFO] [net.minecraft.world.item.crafting.RecipeManager/]: Skipping loading recipe delightful:knives/onyx_knife as it's serializer returned null
[19Oct2025 17:23:59.160] [main/INFO] [net.minecraft.world.item.crafting.RecipeManager/]: Skipping loading recipe ecologics:cutting/azalea_log as it's serializer returned null
[19Oct2025 17:23:59.161] [main/INFO] [net.minecraft.world.item.crafting.RecipeManager/]: Skipping loading recipe delightful:integration/biomemakeover/cactus_flesh_from_saguaro_cactus as it's serializer returned null
[19Oct2025 17:23:59.161] [main/ERROR] [net.minecraft.world.item.crafting.RecipeManager/]: Parsing error loading recipe alltheores:mek_processing/zinc/slurry/dirty/from_raw_block: com.google.gson.JsonSyntaxException: Invalid or unsupported recipe type 'mekanism:dissolution'
[19Oct2025 17:23:59.162] [main/ERROR] [net.minecraft.world.item.crafting.RecipeManager/]: Parsing error loading recipe alltheores:mek_processing/silver/shard/from_raw_ore: com.google.gson.JsonSyntaxException: Invalid or unsupported recipe type 'mekanism:injecting'
[19Oct2025 17:23:59.164] [main/INFO] [net.minecraft.world.item.crafting.RecipeManager/]: Skipping loading recipe delightful:knives/smithing/warden_knife as it's serializer returned null
[19Oct2025 17:23:59.164] [main/INFO] [net.minecraft.world.item.crafting.RecipeManager/]: Skipping loading recipe additionaladditions:fried_egg_from_smoking as it's serializer returned null
[19Oct2025 17:23:59.170] [main/INFO] [net.minecraft.world.item.crafting.RecipeManager/]: Skipping loading recipe delightful:knives/lapis_lazuli_knife as it's serializer returned null
[19Oct2025 17:23:59.176] [main/INFO] [net.minecraft.world.item.crafting.RecipeManager/]: Skipping loading recipe frozenup:truffle_cake_from_chocolate as it's serializer returned null
[19Oct2025 17:23:59.177] [main/INFO] [net.minecraft.world.item.crafting.RecipeManager/]: Skipping loading recipe delightful:knives/smelting/bronze_thermal as it's serializer returned null
[19Oct2025 17:23:59.177] [main/ERROR] [net.minecraft.world.item.crafting.RecipeManager/]: Parsing error loading recipe alltheores:mek_processing/aluminum/clump/from_raw_block: com.google.gson.JsonSyntaxException: Invalid or unsupported recipe type 'mekanism:purifying'
[19Oct2025 17:23:59.184] [main/INFO] [net.minecraft.world.item.crafting.RecipeManager/]: Skipping loading recipe wildberries:cutting/sweet_berry_pie as it's serializer returned null
[19Oct2025 17:23:59.184] [main/INFO] [net.minecraft.world.item.crafting.RecipeManager/]: Skipping loading recipe delightful:knives/blasting/tin_mekanism as it's serializer returned null
[19Oct2025 17:23:59.185] [main/INFO] [net.minecraft.world.item.crafting.RecipeManager/]: Skipping loading recipe delightful:knives/blasting/diamond_diamond_nuggets as it's serializer returned null
[19Oct2025 17:23:59.185] [main/INFO] [net.minecraft.world.item.crafting.RecipeManager/]: Skipping loading recipe delightful:knives/smelting/copper_copperized as it's serializer returned null
[19Oct2025 17:23:59.185] [main/INFO] [net.minecraft.world.item.crafting.RecipeManager/]: Skipping loading recipe miners_delight:insect_wrap as it's serializer returned null
[19Oct2025 17:23:59.186] [main/INFO] [net.minecraft.world.item.crafting.RecipeManager/]: Skipping loading recipe delightful:food/cooking/coconut_curry_no_ginger as it's serializer returned null
[19Oct2025 17:23:59.193] [main/INFO] [net.minecraft.world.item.crafting.RecipeManager/]: Skipping loading recipe supplementaries:inspirations/flag_dye as it's serializer returned null
[19Oct2025 17:23:59.199] [main/INFO] [net.minecraft.world.item.crafting.RecipeManager/]: Skipping loading recipe delightful:knives/mythril_knife as it's serializer returned null
[19Oct2025 17:23:59.200] [main/INFO] [net.minecraft.world.item.crafting.RecipeManager/]: Skipping loading recipe undergarden:cutting/grongle_log as it's serializer returned null
[19Oct2025 17:23:59.206] [main/INFO] [net.minecraft.world.item.crafting.RecipeManager/]: Skipping loading recipe delightful:integration/venison as it's serializer returned null
[19Oct2025 17:23:59.212] [main/INFO] [net.minecraft.world.item.crafting.RecipeManager/]: Skipping loading recipe delightful:food/kettle_yh/lavender_tea as it's serializer returned null
[19Oct2025 17:23:59.212] [main/INFO] [net.minecraft.world.item.crafting.RecipeManager/]: Skipping loading recipe byg:crimson_berry_pie_from_slices as it's serializer returned null
[19Oct2025 17:23:59.214] [main/INFO] [net.minecraft.world.item.crafting.RecipeManager/]: Skipping loading recipe wildberries:cranberry_pie_from_slices as it's serializer returned null
[19Oct2025 17:23:59.215] [main/INFO] [net.minecraft.world.item.crafting.RecipeManager/]: Skipping loading recipe delightful:knives/steeleaf_knife as it's serializer returned null
[19Oct2025 17:23:59.216] [main/INFO] [net.minecraft.world.item.crafting.RecipeManager/]: Skipping loading recipe cratedelight:minecraft/crafting/cod_crate as it's serializer returned null
[19Oct2025 17:23:59.217] [main/ERROR] [net.minecraft.world.item.crafting.RecipeManager/]: Parsing error loading recipe alltheores:mek_processing/iridium/clump/from_raw_block: com.google.gson.JsonSyntaxException: Invalid or unsupported recipe type 'mekanism:purifying'
[19Oct2025 17:23:59.218] [main/ERROR] [net.minecraft.world.item.crafting.RecipeManager/]: Parsing error loading recipe iter_rpg:packed_snow_cut_bricks: com.google.gson.JsonSyntaxException: Unknown item 'iter_rpg:deleted_mod_element'
[19Oct2025 17:23:59.232] [main/INFO] [net.minecraft.world.item.crafting.RecipeManager/]: Skipping loading recipe duckling:pumpkin_pie as it's serializer returned null
[19Oct2025 17:23:59.233] [main/INFO] [net.minecraft.world.item.crafting.RecipeManager/]: Skipping loading recipe vintagedelight:deluxe_burger_from_bun as it's serializer returned null
[19Oct2025 17:23:59.233] [main/INFO] [net.minecraft.world.item.crafting.RecipeManager/]: Skipping loading recipe wildberries:cutting/blackberry_pie as it's serializer returned null
[19Oct2025 17:23:59.234] [main/ERROR] [net.minecraft.world.item.crafting.RecipeManager/]: Parsing error loading recipe alltheores:mek_processing/iridium/shard/from_raw_ore: com.google.gson.JsonSyntaxException: Invalid or unsupported recipe type 'mekanism:injecting'
[19Oct2025 17:23:59.234] [main/INFO] [net.minecraft.world.item.crafting.RecipeManager/]: Skipping loading recipe duckling:cake as it's serializer returned null
[19Oct2025 17:23:59.235] [main/INFO] [net.minecraft.world.item.crafting.RecipeManager/]: Skipping loading recipe twilightdelight:hydra_burger_from_bun as it's serializer returned null
[19Oct2025 17:23:59.235] [main/INFO] [net.minecraft.world.item.crafting.RecipeManager/]: Skipping loading recipe ecologics:cutting/azalea_wood as it's serializer returned null
[19Oct2025 17:23:59.235] [main/ERROR] [net.minecraft.world.item.crafting.RecipeManager/]: Parsing error loading recipe crabbersdelight:lanternfish_from_barrel: com.google.gson.JsonSyntaxException: Unknown item 'crabbersdelight:lanternfish_barrel'
[19Oct2025 17:23:59.236] [main/INFO] [net.minecraft.world.item.crafting.RecipeManager/]: Skipping loading recipe deep_aether:cutting/sunroot_wood as it's serializer returned null
[19Oct2025 17:23:59.243] [main/INFO] [net.minecraft.world.item.crafting.RecipeManager/]: Skipping loading recipe delightful:knives/holystone_knife as it's serializer returned null
[19Oct2025 17:23:59.243] [main/INFO] [net.minecraft.world.item.crafting.RecipeManager/]: Skipping loading recipe delightful:knives/blasting/constantan_immersiveengineering as it's serializer returned null
[19Oct2025 17:23:59.262] [main/INFO] [net.minecraft.world.item.crafting.RecipeManager/]: Skipping loading recipe delightful:integration/rottenleather/chunkwich as it's serializer returned null
[19Oct2025 17:23:59.263] [main/ERROR] [net.minecraft.world.item.crafting.RecipeManager/]: Parsing error loading recipe iter_rpg:smooth_ice_bricks_cut_ornate: com.google.gson.JsonSyntaxException: Unknown item 'iter_rpg:deleted_mod_element'
[19Oct2025 17:23:59.263] [main/INFO] [net.minecraft.world.item.crafting.RecipeManager/]: Skipping loading recipe delightful:knives/smelting/steel_immersiveengineering as it's serializer returned null
[19Oct2025 17:23:59.265] [main/INFO] [net.minecraft.world.item.crafting.RecipeManager/]: Skipping loading recipe undergardendelight:cutting/knife/gloomgourd_pie as it's serializer returned null
[19Oct2025 17:23:59.266] [main/INFO] [net.minecraft.world.item.crafting.RecipeManager/]: Skipping loading recipe delightful:knives/thyrium_knife as it's serializer returned null
[19Oct2025 17:23:59.267] [main/INFO] [net.minecraft.world.item.crafting.RecipeManager/]: Skipping loading recipe wildberries:glow_berry_pie_from_slices as it's serializer returned null
[19Oct2025 17:23:59.267] [main/INFO] [net.minecraft.world.item.crafting.RecipeManager/]: Skipping loading recipe abnormals_delight:buzzier_bees/cutting/white_clover as it's serializer returned null
[19Oct2025 17:23:59.267] [main/ERROR] [net.minecraft.world.item.crafting.RecipeManager/]: Parsing error loading recipe alltheores:mek_processing/nickel/clump/from_raw_block: com.google.gson.JsonSyntaxException: Invalid or unsupported recipe type 'mekanism:purifying'
[19Oct2025 17:23:59.274] [main/INFO] [net.minecraft.world.item.crafting.RecipeManager/]: Skipping loading recipe undergarden:cutting/grongle_wood as it's serializer returned null
[19Oct2025 17:23:59.275] [main/INFO] [net.minecraft.world.item.crafting.RecipeManager/]: Skipping loading recipe delightful:knives/blasting/constantan_thermal as it's serializer returned null
[19Oct2025 17:23:59.275] [main/INFO] [net.minecraft.world.item.crafting.RecipeManager/]: Skipping loading recipe delightful:integration/rottenleather/chunkwich_from_bun as it's serializer returned null
[19Oct2025 17:23:59.276] [main/INFO] [net.minecraft.world.item.crafting.RecipeManager/]: Skipping loading recipe delightful:integration/biomemakeover/cactus_flesh_from_barrel_cactus as it's serializer returned null
[19Oct2025 17:23:59.277] [main/INFO] [net.minecraft.world.item.crafting.RecipeManager/]: Skipping loading recipe delightful:knives/zanite_knife as it's serializer returned null
[19Oct2025 17:23:59.288] [main/INFO] [net.minecraft.world.item.crafting.RecipeManager/]: Skipping loading recipe vintagedelight:deluxe_burger as it's serializer returned null
[19Oct2025 17:23:59.289] [main/INFO] [net.minecraft.world.item.crafting.RecipeManager/]: Skipping loading recipe delightful:knives/smelting/silver_immersiveengineering as it's serializer returned null
[19Oct2025 17:23:59.294] [main/ERROR] [net.minecraft.world.item.crafting.RecipeManager/]: Parsing error loading recipe alltheores:mek_processing/iridium/shard/from_raw_block: com.google.gson.JsonSyntaxException: Invalid or unsupported recipe type 'mekanism:injecting'
[19Oct2025 17:23:59.295] [main/INFO] [net.minecraft.world.item.crafting.RecipeManager/]: Skipping loading recipe delightful:knives/smelting/invar_thermal as it's serializer returned null
[19Oct2025 17:23:59.295] [main/INFO] [net.minecraft.world.item.crafting.RecipeManager/]: Skipping loading recipe wildberries:raspberry_pie_from_slices as it's serializer returned null
[19Oct2025 17:23:59.296] [main/INFO] [net.minecraft.world.item.crafting.RecipeManager/]: Skipping loading recipe delightful:knives/smithing/stratus_knife as it's serializer returned null
[19Oct2025 17:23:59.301] [main/ERROR] [net.minecraft.world.item.crafting.RecipeManager/]: Parsing error loading recipe alltheores:mek_processing/platinum/shard/from_raw_block: com.google.gson.JsonSyntaxException: Invalid or unsupported recipe type 'mekanism:injecting'
[19Oct2025 17:23:59.301] [main/INFO] [net.minecraft.world.item.crafting.RecipeManager/]: Skipping loading recipe delightful:knives/blasting/lead_immersiveengineering as it's serializer returned null
[19Oct2025 17:23:59.302] [main/ERROR] [net.minecraft.world.item.crafting.RecipeManager/]: Parsing error loading recipe alltheores:mek_processing/iridium/clump/from_shard: com.google.gson.JsonSyntaxException: Invalid or unsupported recipe type 'mekanism:purifying'
[19Oct2025 17:23:59.302] [main/INFO] [net.minecraft.world.item.crafting.RecipeManager/]: Skipping loading recipe delightful:knives/blasting/bone/bone_meal_from_blasting_shovel as it's serializer returned null
[19Oct2025 17:23:59.303] [main/ERROR] [net.minecraft.world.item.crafting.RecipeManager/]: Parsing error loading recipe revampedpiles:sand_bricks: com.google.gson.JsonSyntaxException: Pattern references symbol 'x' but it's not defined in the key
[19Oct2025 17:23:59.303] [main/ERROR] [net.minecraft.world.item.crafting.RecipeManager/]: Parsing error loading recipe alltheores:mek_processing/zinc/clump/from_raw_ore: com.google.gson.JsonSyntaxException: Invalid or unsupported recipe type 'mekanism:purifying'
[19Oct2025 17:23:59.304] [main/ERROR] [net.minecraft.world.item.crafting.RecipeManager/]: Parsing error loading recipe alltheores:mek_processing/zinc/dust/from_raw_block: com.google.gson.JsonSyntaxException: Invalid or unsupported recipe type 'mekanism:enriching'
[19Oct2025 17:23:59.304] [main/INFO] [net.minecraft.world.item.crafting.RecipeManager/]: Skipping loading recipe sunflowerdelight:cooking/rose_lemonade as it's serializer returned null
[19Oct2025 17:23:59.305] [main/INFO] [net.minecraft.world.item.crafting.RecipeManager/]: Skipping loading recipe duckling:holiday_fruit_cake as it's serializer returned null
[19Oct2025 17:23:59.305] [main/INFO] [net.minecraft.world.item.crafting.RecipeManager/]: Skipping loading recipe delightful:food/marshmallow_stick_create_confectionery as it's serializer returned null
[19Oct2025 17:23:59.305] [main/INFO] [net.minecraft.world.item.crafting.RecipeManager/]: Skipping loading recipe delightful:knives/repairing/skyjade_knife as it's serializer returned null
[19Oct2025 17:23:59.309] [main/ERROR] [net.minecraft.world.item.crafting.RecipeManager/]: Parsing error loading recipe alltheores:mek_processing/aluminum/dust/from_raw_ore: com.google.gson.JsonSyntaxException: Invalid or unsupported recipe type 'mekanism:enriching'
[19Oct2025 17:23:59.311] [main/INFO] [net.minecraft.world.item.crafting.RecipeManager/]: Skipping loading recipe delightful:food/honey_glazed_walnut as it's serializer returned null
[19Oct2025 17:23:59.312] [main/ERROR] [net.minecraft.world.item.crafting.RecipeManager/]: Parsing error loading recipe iter_rpg:smooth_ice_cut_slab_bricks: com.google.gson.JsonSyntaxException: Unknown item 'iter_rpg:deleted_mod_element'
[19Oct2025 17:23:59.312] [main/INFO] [net.minecraft.world.item.crafting.RecipeManager/]: Skipping loading recipe delightful:knives/repairing/stratus_knife as it's serializer returned null
[19Oct2025 17:23:59.313] [main/INFO] [net.minecraft.world.item.crafting.RecipeManager/]: Skipping loading recipe neapolitan:banana/banana_bread as it's serializer returned null
[19Oct2025 17:23:59.318] [main/INFO] [net.minecraft.world.item.crafting.RecipeManager/]: Skipping loading recipe delightful:food/cooking/sinigang as it's serializer returned null
[19Oct2025 17:23:59.318] [main/INFO] [net.minecraft.world.item.crafting.RecipeManager/]: Skipping loading recipe delightful:knives/smithing/fluix_knife as it's serializer returned null
[19Oct2025 17:23:59.318] [main/INFO] [net.minecraft.world.item.crafting.RecipeManager/]: Skipping loading recipe twilightdelight:ghast_burger_from_bun as it's serializer returned null
[19Oct2025 17:23:59.319] [main/INFO] [net.minecraft.world.item.crafting.RecipeManager/]: Skipping loading recipe create:fr/tea as it's serializer returned null
[19Oct2025 17:23:59.320] [main/INFO] [net.minecraft.world.item.crafting.RecipeManager/]: Skipping loading recipe deep_aether:cutting/conberry_wood as it's serializer returned null
[19Oct2025 17:23:59.320] [main/ERROR] [net.minecraft.world.item.crafting.RecipeManager/]: Parsing error loading recipe legendary_monsters:ancient_dripstone_brick_stairs_left: com.google.gson.JsonSyntaxException: Unknown item 'legendary_monsters:ancient_dripstone_brick'
[19Oct2025 17:23:59.321] [main/ERROR] [net.minecraft.world.item.crafting.RecipeManager/]: Parsing error loading recipe alltheores:mek_processing/nickel/shard/from_raw_block: com.google.gson.JsonSyntaxException: Invalid or unsupported recipe type 'mekanism:injecting'
[19Oct2025 17:23:59.321] [main/INFO] [net.minecraft.world.item.crafting.RecipeManager/]: Skipping loading recipe deep_aether:skyroot_milk_bucket_cake as it's serializer returned null
[19Oct2025 17:23:59.325] [main/INFO] [net.minecraft.world.item.crafting.RecipeManager/]: Skipping loading recipe buzzier_bees:white_clover_compat as it's serializer returned null
[19Oct2025 17:23:59.325] [main/INFO] [net.minecraft.world.item.crafting.RecipeManager/]: Skipping loading recipe delightful:knives/smelting/tin_thermal as it's serializer returned null
[19Oct2025 17:23:59.325] [main/INFO] [net.minecraft.world.item.crafting.RecipeManager/]: Skipping loading recipe delightful:integration/byg/nightshade_berry_sack as it's serializer returned null
[19Oct2025 17:23:59.326] [main/INFO] [net.minecraft.world.item.crafting.RecipeManager/]: Skipping loading recipe delightful:knives/blasting/bone/bone_meal_from_blasting_leggings as it's serializer returned null
[19Oct2025 17:23:59.326] [main/ERROR] [net.minecraft.world.item.crafting.RecipeManager/]: Parsing error loading recipe alltheores:mek_processing/zinc/shard/from_raw_block: com.google.gson.JsonSyntaxException: Invalid or unsupported recipe type 'mekanism:injecting'
[19Oct2025 17:23:59.326] [main/INFO] [net.minecraft.world.item.crafting.RecipeManager/]: Skipping loading recipe delightful:knives/smithing/netherite_opal_knife as it's serializer returned null
[19Oct2025 17:23:59.329] [main/INFO] [net.minecraft.world.item.crafting.RecipeManager/]: Skipping loading recipe delightful:matcha_ice_cream_block as it's serializer returned null
[19Oct2025 17:23:59.329] [main/INFO] [net.minecraft.world.item.crafting.RecipeManager/]: Skipping loading recipe delightful:knives/blasting/bone/bone_meal_from_blasting_chestplate as it's serializer returned null
[19Oct2025 17:23:59.330] [main/INFO] [net.minecraft.world.item.crafting.RecipeManager/]: Skipping loading recipe delightful:knives/skyroot_knife as it's serializer returned null
[19Oct2025 17:23:59.333] [main/INFO] [net.minecraft.world.item.crafting.RecipeManager/]: Skipping loading recipe vintagedelight:cheese_burger_from_bun as it's serializer returned null
[19Oct2025 17:23:59.334] [main/INFO] [net.minecraft.world.item.crafting.RecipeManager/]: Skipping loading recipe delightful:food/pie/crimson_berry_pie_from_slices as it's serializer returned null
[19Oct2025 17:23:59.335] [main/ERROR] [net.minecraft.world.item.crafting.RecipeManager/]: Parsing error loading recipe alltheores:mek_processing/aluminum/shard/from_raw_block: com.google.gson.JsonSyntaxException: Invalid or unsupported recipe type 'mekanism:injecting'
[19Oct2025 17:23:59.336] [main/INFO] [net.minecraft.world.item.crafting.RecipeManager/]: Skipping loading recipe delightful:knives/smithing/obsidian_infused_enderite_knife as it's serializer returned null
[19Oct2025 17:23:59.336] [main/INFO] [net.minecraft.world.item.crafting.RecipeManager/]: Skipping loading recipe delightful:knives/smithing/enderite_knife as it's serializer returned null
[19Oct2025 17:23:59.337] [main/INFO] [net.minecraft.world.item.crafting.RecipeManager/]: Skipping loading recipe delightful:knives/utherium_knife as it's serializer returned null
[19Oct2025 17:23:59.339] [main/INFO] [net.minecraft.world.item.crafting.RecipeManager/]: Skipping loading recipe frozenup:mug_of_milk as it's serializer returned null
[19Oct2025 17:23:59.340] [main/INFO] [net.minecraft.world.item.crafting.RecipeManager/]: Skipping loading recipe ecologics:cutting/walnut_wood as it's serializer returned null
[19Oct2025 17:23:59.340] [main/INFO] [net.minecraft.world.item.crafting.RecipeManager/]: Skipping loading recipe deep_aether:cutting/cruderoot_log as it's serializer returned null
[19Oct2025 17:23:59.341] [main/ERROR] [net.minecraft.world.item.crafting.RecipeManager/]: Parsing error loading recipe alltheores:mek_processing/nickel/slurry/dirty/from_raw_block: com.google.gson.JsonSyntaxException: Invalid or unsupported recipe type 'mekanism:dissolution'
[19Oct2025 17:23:59.342] [main/INFO] [net.minecraft.world.item.crafting.RecipeManager/]: Skipping loading recipe minecraft:pumpkin_pie as it's serializer returned null
[19Oct2025 17:23:59.345] [main/ERROR] [net.minecraft.world.item.crafting.RecipeManager/]: Parsing error loading recipe alltheores:mek_processing/nickel/dust/from_raw_block: com.google.gson.JsonSyntaxException: Invalid or unsupported recipe type 'mekanism:enriching'
[19Oct2025 17:23:59.345] [main/INFO] [net.minecraft.world.item.crafting.RecipeManager/]: Skipping loading recipe delightful:knives/kiwano_knife as it's serializer returned null
[19Oct2025 17:23:59.346] [main/ERROR] [net.minecraft.world.item.crafting.RecipeManager/]: Parsing error loading recipe legendary_monsters:dinosaur_bone_meal: com.google.gson.JsonSyntaxException: Unknown item 'legendary_monsters:dinosaur_bone_meal'
[19Oct2025 17:23:59.346] [main/INFO] [net.minecraft.world.item.crafting.RecipeManager/]: Skipping loading recipe delightful:knives/repairing/zanite_knife as it's serializer returned null
[19Oct2025 17:23:59.349] [main/INFO] [net.minecraft.world.item.crafting.RecipeManager/]: Skipping loading recipe delightful:knives/leaf_knife as it's serializer returned null
[19Oct2025 17:23:59.349] [main/ERROR] [net.minecraft.world.item.crafting.RecipeManager/]: Parsing error loading recipe supplementaries:slice_map: com.google.gson.JsonSyntaxException: Missing tag, expected to find a string
[19Oct2025 17:23:59.350] [main/INFO] [net.minecraft.world.item.crafting.RecipeManager/]: Skipping loading recipe delightful:knives/smelting/bone/bone_meal_from_smelting_leggings as it's serializer returned null
[19Oct2025 17:23:59.356] [main/INFO] [net.minecraft.world.item.crafting.RecipeManager/]: Skipping loading recipe ecologics:cutting/flowering_azalea_wood as it's serializer returned null
[19Oct2025 17:23:59.357] [main/INFO] [net.minecraft.world.item.crafting.RecipeManager/]: Skipping loading recipe abnormals_delight:autumnity/pumpkin_bread as it's serializer returned null
[19Oct2025 17:23:59.358] [main/INFO] [net.minecraft.world.item.crafting.RecipeManager/]: Skipping loading recipe delightful:knives/blasting/silver_immersiveengineering as it's serializer returned null
[19Oct2025 17:23:59.361] [main/INFO] [net.minecraft.world.item.crafting.RecipeManager/]: Skipping loading recipe delightful:food/cooking/nut_milk_from_skyroot_bucket as it's serializer returned null
[19Oct2025 17:23:59.362] [main/INFO] [net.minecraft.world.item.crafting.RecipeManager/]: Skipping loading recipe naturalist:pumpkin_pie as it's serializer returned null
[19Oct2025 17:23:59.362] [main/INFO] [net.minecraft.world.item.crafting.RecipeManager/]: Skipping loading recipe delightful:knives/smelting/bone/bone_meal_from_smelting_shovel as it's serializer returned null
[19Oct2025 17:23:59.363] [main/INFO] [net.minecraft.world.item.crafting.RecipeManager/]: Skipping loading recipe buzzier_bees:white_clover as it's serializer returned null
[19Oct2025 17:23:59.363] [main/INFO] [net.minecraft.world.item.crafting.RecipeManager/]: Skipping loading recipe frozenup:mug_of_truffle_hot_chocolate as it's serializer returned null
[19Oct2025 17:23:59.364] [main/INFO] [net.minecraft.world.item.crafting.RecipeManager/]: Skipping loading recipe undergardendelight:utherium_knife as it's serializer returned null
[19Oct2025 17:23:59.365] [main/INFO] [net.minecraft.world.item.crafting.RecipeManager/]: Skipping loading recipe wildberries:cutting/raspberry_pie as it's serializer returned null
[19Oct2025 17:23:59.368] [main/INFO] [net.minecraft.world.item.crafting.RecipeManager/]: Skipping loading recipe delightful:integration/byg/unpack_baobab_fruit_crate as it's serializer returned null
[19Oct2025 17:23:59.368] [main/INFO] [net.minecraft.world.item.crafting.RecipeManager/]: Skipping loading recipe deep_aether:cutting/cruderoot_wood as it's serializer returned null
[19Oct2025 17:23:59.371] [main/INFO] [net.minecraft.world.item.crafting.RecipeManager/]: Skipping loading recipe cratedelight:minecraft/crafting/golden_apple_crate as it's serializer returned null
[19Oct2025 17:23:59.372] [main/INFO] [net.minecraft.world.item.crafting.RecipeManager/]: Skipping loading recipe twilightdelight:cutting/cooked_venison_rib as it's serializer returned null
[19Oct2025 17:23:59.372] [main/INFO] [net.minecraft.world.item.crafting.RecipeManager/]: Skipping loading recipe delightful:knives/skyjade_knife as it's serializer returned null
[19Oct2025 17:23:59.372] [main/ERROR] [net.minecraft.world.item.crafting.RecipeManager/]: Parsing error loading recipe iter_rpg:packed_snow_bricks_cut_stairs: com.google.gson.JsonSyntaxException: Unknown item 'iter_rpg:deleted_mod_element'
[19Oct2025 17:23:59.376] [main/ERROR] [net.minecraft.world.item.crafting.RecipeManager/]: Parsing error loading recipe alltheores:mek_processing/platinum/dust/from_raw_block: com.google.gson.JsonSyntaxException: Invalid or unsupported recipe type 'mekanism:enriching'
[19Oct2025 17:23:59.378] [main/INFO] [net.minecraft.world.item.crafting.RecipeManager/]: Skipping loading recipe delightful:knives/smelting/osmium_mekanism as it's serializer returned null
[19Oct2025 17:23:59.387] [main/INFO] [net.minecraft.world.item.crafting.RecipeManager/]: Skipping loading recipe delightful:knives/knightmetal_knife as it's serializer returned null
[19Oct2025 17:23:59.387] [main/INFO] [net.minecraft.world.item.crafting.RecipeManager/]: Skipping loading recipe create:mixing/tea as it's serializer returned null
[19Oct2025 17:23:59.388] [main/INFO] [net.minecraft.world.item.crafting.RecipeManager/]: Skipping loading recipe deep_aether:cake as it's serializer returned null
[19Oct2025 17:23:59.389] [main/INFO] [net.minecraft.world.item.crafting.RecipeManager/]: Skipping loading recipe delightful:integration/byg/unpack_joshua_fruit_crate as it's serializer returned null
[19Oct2025 17:23:59.389] [main/INFO] [net.minecraft.world.item.crafting.RecipeManager/]: Skipping loading recipe hauntedharvest:corn_bread as it's serializer returned null
[19Oct2025 17:23:59.394] [main/INFO] [net.minecraft.world.item.crafting.RecipeManager/]: Skipping loading recipe delightful:knives/copper_knife as it's serializer returned null
[19Oct2025 17:23:59.394] [main/INFO] [net.minecraft.world.item.crafting.RecipeManager/]: Skipping loading recipe delightful:knives/blasting/emerald_emeraldequipment as it's serializer returned null
[19Oct2025 17:23:59.394] [main/INFO] [net.minecraft.world.item.crafting.RecipeManager/]: Skipping loading recipe aether_redux:cutting/crystal_log as it's serializer returned null
[19Oct2025 17:23:59.395] [main/ERROR] [net.minecraft.world.item.crafting.RecipeManager/]: Parsing error loading recipe alltheores:mek_processing/zinc/shard/from_raw_ore: com.google.gson.JsonSyntaxException: Invalid or unsupported recipe type 'mekanism:injecting'
[19Oct2025 17:23:59.395] [main/INFO] [net.minecraft.world.item.crafting.RecipeManager/]: Skipping loading recipe byg:cutting/nightshade_berry_pie as it's serializer returned null
[19Oct2025 17:23:59.401] [main/INFO] [net.minecraft.world.item.crafting.RecipeManager/]: Skipping loading recipe aether:moa_egg_cake as it's serializer returned null
[19Oct2025 17:23:59.402] [main/INFO] [net.minecraft.world.item.crafting.RecipeManager/]: Skipping loading recipe buzzier_bees:pink_clover_compat as it's serializer returned null
[19Oct2025 17:23:59.405] [main/INFO] [net.minecraft.world.item.crafting.RecipeManager/]: Skipping loading recipe wildberries:blackberry_pie as it's serializer returned null
[19Oct2025 17:23:59.405] [main/INFO] [net.minecraft.world.item.crafting.RecipeManager/]: Skipping loading recipe delightful:knives/black_opal_knife as it's serializer returned null
[19Oct2025 17:23:59.406] [main/INFO] [net.minecraft.world.item.crafting.RecipeManager/]: Skipping loading recipe delightful:integration/cooked_venison as it's serializer returned null
[19Oct2025 17:23:59.406] [main/INFO] [net.minecraft.world.item.crafting.RecipeManager/]: Skipping loading recipe sunflowerdelight:cooking/rose_lemonade_from_lemon as it's serializer returned null
[19Oct2025 17:23:59.406] [main/ERROR] [net.minecraft.world.item.crafting.RecipeManager/]: Parsing error loading recipe alltheores:mek_processing/platinum/clump/from_raw_block: com.google.gson.JsonSyntaxException: Invalid or unsupported recipe type 'mekanism:purifying'
[19Oct2025 17:23:59.409] [main/INFO] [net.minecraft.world.item.crafting.RecipeManager/]: Skipping loading recipe undergarden:cutting/smogstem_log as it's serializer returned null
[19Oct2025 17:23:59.414] [main/INFO] [net.minecraft.world.item.crafting.RecipeManager/]: Skipping loading recipe ecologics:cutting/walnut_log as it's serializer returned null
[19Oct2025 17:23:59.415] [main/ERROR] [net.minecraft.world.item.crafting.RecipeManager/]: Parsing error loading recipe iter_rpg:smooth_ice_cut_wall: com.google.gson.JsonSyntaxException: Unknown item 'iter_rpg:deleted_mod_element'
[19Oct2025 17:23:59.415] [main/INFO] [net.minecraft.world.item.crafting.RecipeManager/]: Skipping loading recipe delightful:food/cooking/crab_rangoon as it's serializer returned null
[19Oct2025 17:23:59.415] [main/INFO] [net.minecraft.world.item.crafting.RecipeManager/]: Skipping loading recipe frozenup:mug_of_chocolate_milk_from_chocolate as it's serializer returned null
[19Oct2025 17:23:59.417] [main/INFO] [net.minecraft.world.item.crafting.RecipeManager/]: Skipping loading recipe delightful:knives/smelting/nickel_immersiveengineering as it's serializer returned null
[19Oct2025 17:23:59.418] [main/INFO] [net.minecraft.world.item.crafting.RecipeManager/]: Skipping loading recipe cratedelight:minecraft/crafting/cocoabeans_bag as it's serializer returned null
[19Oct2025 17:23:59.419] [main/INFO] [net.minecraft.world.item.crafting.RecipeManager/]: Skipping loading recipe fruitsdelight:fig_pudding as it's serializer returned null
[19Oct2025 17:23:59.419] [main/INFO] [net.minecraft.world.item.crafting.RecipeManager/]: Skipping loading recipe delightful:knives/blasting/bone/bone_meal_from_blasting_hoe as it's serializer returned null
[19Oct2025 17:23:59.420] [main/INFO] [net.minecraft.world.item.crafting.RecipeManager/]: Skipping loading recipe delightful:knives/amethyst_knife as it's serializer returned null
[19Oct2025 17:23:59.423] [main/INFO] [net.minecraft.world.item.crafting.RecipeManager/]: Skipping loading recipe delightful:food/pie/gloomgourd_pie_from_slices as it's serializer returned null
[19Oct2025 17:23:59.424] [main/INFO] [net.minecraft.world.item.crafting.RecipeManager/]: Skipping loading recipe byg:cutting/blueberry_pie as it's serializer returned null
[19Oct2025 17:23:59.424] [main/INFO] [net.minecraft.world.item.crafting.RecipeManager/]: Skipping loading recipe delightful:knives/smelting/tin_mekanism as it's serializer returned null
[19Oct2025 17:23:59.425] [main/INFO] [net.minecraft.world.item.crafting.RecipeManager/]: Skipping loading recipe spawn:cutting/rotten_wood as it's serializer returned null
[19Oct2025 17:23:59.425] [main/INFO] [net.minecraft.world.item.crafting.RecipeManager/]: Skipping loading recipe wildberries:cranberry_pie as it's serializer returned null
[19Oct2025 17:23:59.426] [main/INFO] [net.minecraft.world.item.crafting.RecipeManager/]: Skipping loading recipe delightful:knives/smelting/electrum_immersiveengineering as it's serializer returned null
[19Oct2025 17:23:59.426] [main/INFO] [net.minecraft.world.item.crafting.RecipeManager/]: Skipping loading recipe cratedelight:minecraft/crafting/gunpowder_bag as it's serializer returned null
[19Oct2025 17:23:59.427] [main/INFO] [net.minecraft.world.item.crafting.RecipeManager/]: Skipping loading recipe delightful:knives/smithing/alf_knife as it's serializer returned null
[19Oct2025 17:23:59.427] [main/INFO] [net.minecraft.world.item.crafting.RecipeManager/]: Skipping loading recipe delightful:knives/smelting/bone/bone_meal_from_smelting_pickaxe as it's serializer returned null
[19Oct2025 17:23:59.432] [main/INFO] [net.minecraft.world.item.crafting.RecipeManager/]: Skipping loading recipe delightful:integration/byg/unpack_blueberry_sack as it's serializer returned null
[19Oct2025 17:23:59.433] [main/INFO] [net.minecraft.world.item.crafting.RecipeManager/]: Skipping loading recipe aether:cutting/golden_oak_wood as it's serializer returned null
[19Oct2025 17:23:59.433] [main/INFO] [net.minecraft.world.item.crafting.RecipeManager/]: Skipping loading recipe delightful:knives/repairing/gravitite_knife as it's serializer returned null
[19Oct2025 17:23:59.434] [main/INFO] [net.minecraft.world.item.crafting.RecipeManager/]: Skipping loading recipe delightful:knives/froststeel_knife as it's serializer returned null
[19Oct2025 17:23:59.434] [main/INFO] [net.minecraft.world.item.crafting.RecipeManager/]: Skipping loading recipe aether:cutting/golden_oak_log as it's serializer returned null
[19Oct2025 17:23:59.434] [main/ERROR] [net.minecraft.world.item.crafting.RecipeManager/]: Parsing error loading recipe revampedpiles:desert_cartographer_desk: com.google.gson.JsonSyntaxException: Invalid pattern: each row must be the same width
[19Oct2025 17:23:59.438] [main/INFO] [net.minecraft.world.item.crafting.RecipeManager/]: Skipping loading recipe byg:cutting/green_apple_pie as it's serializer returned null
[19Oct2025 17:23:59.438] [main/INFO] [net.minecraft.world.item.crafting.RecipeManager/]: Skipping loading recipe deep_aether:cutting/conberry_log as it's serializer returned null
[19Oct2025 17:23:59.439] [main/INFO] [net.minecraft.world.item.crafting.RecipeManager/]: Skipping loading recipe delightful:integration/ars_nouveau/imbuement_pomegranate as it's serializer returned null
[19Oct2025 17:23:59.439] [main/INFO] [net.minecraft.world.item.crafting.RecipeManager/]: Skipping loading recipe delightful:knives/veridium_knife as it's serializer returned null
[19Oct2025 17:23:59.444] [main/INFO] [net.minecraft.world.item.crafting.RecipeManager/]: Skipping loading recipe delightful:knives/gravitite_knife as it's serializer returned null
[19Oct2025 17:23:59.446] [main/INFO] [net.minecraft.world.item.crafting.RecipeManager/]: Skipping loading recipe delightful:knives/large_amethyst_knife as it's serializer returned null
[19Oct2025 17:23:59.447] [main/INFO] [net.minecraft.world.item.crafting.RecipeManager/]: Skipping loading recipe delightful:knives/ironwood_knife as it's serializer returned null
[19Oct2025 17:23:59.448] [main/INFO] [net.minecraft.world.item.crafting.RecipeManager/]: Skipping loading recipe wildberries:raspberry_pie as it's serializer returned null
[19Oct2025 17:23:59.449] [main/INFO] [net.minecraft.world.item.crafting.RecipeManager/]: Skipping loading recipe delightful:integration/farmersrespite/green_tea_leaves_from_green_tea_leaf as it's serializer returned null
[19Oct2025 17:23:59.449] [main/INFO] [net.minecraft.world.item.crafting.RecipeManager/]: Skipping loading recipe delightful:knives/smelting/constantan_immersiveengineering as it's serializer returned null
[19Oct2025 17:23:59.449] [main/INFO] [net.minecraft.world.item.crafting.RecipeManager/]: Skipping loading recipe delightful:cutting/crimson_berry_pie as it's serializer returned null
[19Oct2025 17:23:59.452] [main/INFO] [net.minecraft.world.item.crafting.RecipeManager/]: Skipping loading recipe neapolitan:strawberry/strawberry_scones as it's serializer returned null
[19Oct2025 17:23:59.453] [main/INFO] [net.minecraft.world.item.crafting.RecipeManager/]: Skipping loading recipe delightful:knives/experience_knife as it's serializer returned null
[19Oct2025 17:23:59.454] [main/INFO] [net.minecraft.world.item.crafting.RecipeManager/]: Skipping loading recipe delightful:knives/nether_quartz_knife as it's serializer returned null
[19Oct2025 17:23:59.454] [main/INFO] [net.minecraft.world.item.crafting.RecipeManager/]: Skipping loading recipe naturalist:cake as it's serializer returned null
[19Oct2025 17:23:59.457] [main/INFO] [net.minecraft.world.item.crafting.RecipeManager/]: Skipping loading recipe miners_delight:vegan_wrap as it's serializer returned null
[19Oct2025 17:23:59.458] [main/INFO] [net.minecraft.world.item.crafting.RecipeManager/]: Skipping loading recipe delightful:food/kettle_yh/azalea_tea as it's serializer returned null
[19Oct2025 17:23:59.460] [main/INFO] [net.minecraft.world.item.crafting.RecipeManager/]: Skipping loading recipe byg:green_apple_pie as it's serializer returned null
[19Oct2025 17:23:59.461] [main/INFO] [net.minecraft.world.item.crafting.RecipeManager/]: Skipping loading recipe deep_aether:cutting/yagroot_log as it's serializer returned null
[19Oct2025 17:23:59.461] [main/INFO] [net.minecraft.world.item.crafting.RecipeManager/]: Skipping loading recipe ecologics:tropical_stew as it's serializer returned null
[19Oct2025 17:23:59.461] [main/INFO] [net.minecraft.world.item.crafting.RecipeManager/]: Skipping loading recipe delightful:cutting/green_apple_pie as it's serializer returned null
[19Oct2025 17:23:59.461] [main/INFO] [net.minecraft.world.item.crafting.RecipeManager/]: Skipping loading recipe delightful:food/cooking/azalea_tea as it's serializer returned null
[19Oct2025 17:23:59.463] [main/INFO] [net.minecraft.world.item.crafting.RecipeManager/]: Skipping loading recipe twilightdelight:cutting/raw_venison_rib as it's serializer returned null
[19Oct2025 17:23:59.463] [main/ERROR] [net.minecraft.world.item.crafting.RecipeManager/]: Parsing error loading recipe alltheores:mek_processing/silver/dust/from_raw_block: com.google.gson.JsonSyntaxException: Invalid or unsupported recipe type 'mekanism:enriching'
[19Oct2025 17:23:59.464] [main/ERROR] [net.minecraft.world.item.crafting.RecipeManager/]: Parsing error loading recipe cratedelight:minecraft/crafting/egg_crate: com.google.gson.JsonSyntaxException: Unknown item 'cratedelight:egg_crate'
[19Oct2025 17:23:59.471] [main/INFO] [net.minecraft.world.item.crafting.RecipeManager/]: Skipping loading recipe delightful:food/pie/blueberry_pie_from_slices as it's serializer returned null
[19Oct2025 17:23:59.472] [main/INFO] [net.minecraft.world.item.crafting.RecipeManager/]: Skipping loading recipe frozenup:mug_of_chocolate_milk as it's serializer returned null
[19Oct2025 17:23:59.472] [main/INFO] [net.minecraft.world.item.crafting.RecipeManager/]: Skipping loading recipe aether:skyroot_milk_bucket_moa_egg_cake as it's serializer returned null
[19Oct2025 17:23:59.475] [main/INFO] [net.minecraft.world.item.crafting.RecipeManager/]: Skipping loading recipe delightful:integration/byg/crimson_berry_sack as it's serializer returned null
[19Oct2025 17:23:59.476] [main/INFO] [net.minecraft.world.item.crafting.RecipeManager/]: Skipping loading recipe undergardendelight:forgotten_knife as it's serializer returned null
[19Oct2025 17:23:59.476] [main/INFO] [net.minecraft.world.item.crafting.RecipeManager/]: Skipping loading recipe delightful:knives/terra_knife as it's serializer returned null
[19Oct2025 17:23:59.477] [main/INFO] [net.minecraft.world.item.crafting.RecipeManager/]: Skipping loading recipe byg:cutting/crimson_berry_pie as it's serializer returned null
[19Oct2025 17:23:59.478] [main/INFO] [net.minecraft.world.item.crafting.RecipeManager/]: Skipping loading recipe undergarden:cutting/smogstem_wood as it's serializer returned null
[19Oct2025 17:23:59.482] [main/INFO] [net.minecraft.world.item.crafting.RecipeManager/]: Skipping loading recipe delightful:cutting/blueberry_pie as it's serializer returned null
[19Oct2025 17:23:59.483] [main/ERROR] [net.minecraft.world.item.crafting.RecipeManager/]: Parsing error loading recipe alltheores:mek_processing/silver/dust/from_raw_ore: com.google.gson.JsonSyntaxException: Invalid or unsupported recipe type 'mekanism:enriching'
[19Oct2025 17:23:59.483] [main/INFO] [net.minecraft.world.item.crafting.RecipeManager/]: Skipping loading recipe wildberries:blackberry_pie_from_slices as it's serializer returned null
[19Oct2025 17:23:59.483] [main/ERROR] [net.minecraft.world.item.crafting.RecipeManager/]: Parsing error loading recipe iter_rpg:smooth_ice_cut_slab: com.google.gson.JsonSyntaxException: Unknown item 'iter_rpg:deleted_mod_element'
[19Oct2025 17:23:59.484] [main/ERROR] [net.minecraft.world.item.crafting.RecipeManager/]: Parsing error loading recipe alltheores:mek_processing/iridium/clump/from_raw_ore: com.google.gson.JsonSyntaxException: Invalid or unsupported recipe type 'mekanism:purifying'
[19Oct2025 17:23:59.484] [main/INFO] [net.minecraft.world.item.crafting.RecipeManager/]: Skipping loading recipe delightful:food/clover_honey as it's serializer returned null
[19Oct2025 17:23:59.484] [main/INFO] [net.minecraft.world.item.crafting.RecipeManager/]: Skipping loading recipe delightful:knives/blasting/osmium_mekanism as it's serializer returned null
[19Oct2025 17:23:59.485] [main/INFO] [net.minecraft.world.item.crafting.RecipeManager/]: Skipping loading recipe delightful:food/pie/nightshade_berry_pie_from_slices as it's serializer returned null
[19Oct2025 17:23:59.488] [main/INFO] [net.minecraft.world.item.crafting.RecipeManager/]: Skipping loading recipe delightful:knives/smelting/bone/bone_meal_from_smelting_boots as it's serializer returned null
[19Oct2025 17:23:59.488] [main/INFO] [net.minecraft.world.item.crafting.RecipeManager/]: Skipping loading recipe delightful:knives/soul_steel_knife as it's serializer returned null
[19Oct2025 17:23:59.488] [main/INFO] [net.minecraft.world.item.crafting.RecipeManager/]: Skipping loading recipe delightful:knives/mixing/blazing_knife as it's serializer returned null
[19Oct2025 17:23:59.490] [main/INFO] [net.minecraft.world.item.crafting.RecipeManager/]: Skipping loading recipe delightful:knives/emerald_knife as it's serializer returned null
[19Oct2025 17:23:59.490] [main/ERROR] [net.minecraft.world.item.crafting.RecipeManager/]: Parsing error loading recipe iter_rpg:packed_snow_bricks_cut_slab: com.google.gson.JsonSyntaxException: Unknown item 'iter_rpg:deleted_mod_element'
[19Oct2025 17:23:59.491] [main/INFO] [net.minecraft.world.item.crafting.RecipeManager/]: Skipping loading recipe delightful:knives/blasting/bronze_thermal as it's serializer returned null
[19Oct2025 17:23:59.495] [main/INFO] [net.minecraft.world.item.crafting.RecipeManager/]: Skipping loading recipe delightful:knives/blasting/copper_copperized as it's serializer returned null
[19Oct2025 17:23:59.498] [main/INFO] [net.minecraft.world.item.crafting.RecipeManager/]: Skipping loading recipe delightful:integration/immersive_weathering/tallow_from_animal_fat as it's serializer returned null
[19Oct2025 17:23:59.499] [main/ERROR] [net.minecraft.world.item.crafting.RecipeManager/]: Parsing error loading recipe alltheores:mek_processing/zinc/clump/from_raw_block: com.google.gson.JsonSyntaxException: Invalid or unsupported recipe type 'mekanism:purifying'
[19Oct2025 17:23:59.499] [main/INFO] [net.minecraft.world.item.crafting.RecipeManager/]: Skipping loading recipe delightful:knives/crystalline_knife as it's serializer returned null
[19Oct2025 17:23:59.500] [main/ERROR] [net.minecraft.world.item.crafting.RecipeManager/]: Parsing error loading recipe iter_rpg:packed_snow_bricks_cut_ornate: com.google.gson.JsonSyntaxException: Unknown item 'iter_rpg:deleted_mod_element'
[19Oct2025 17:23:59.500] [main/INFO] [net.minecraft.world.item.crafting.RecipeManager/]: Skipping loading recipe delightful:knives/refined_glowstone_knife as it's serializer returned null
[19Oct2025 17:23:59.500] [main/INFO] [net.minecraft.world.item.crafting.RecipeManager/]: Skipping loading recipe deep_aether:cutting/roseroot_wood as it's serializer returned null
[19Oct2025 17:23:59.500] [main/ERROR] [net.minecraft.world.item.crafting.RecipeManager/]: Parsing error loading recipe alltheores:mek_processing/zinc/slurry/from_raw_ore: com.google.gson.JsonSyntaxException: Invalid or unsupported recipe type 'mekanism:dissolution'
[19Oct2025 17:23:59.502] [main/ERROR] [net.minecraft.world.item.crafting.RecipeManager/]: Parsing error loading recipe alltheores:mek_processing/silver/clump/from_raw_ore: com.google.gson.JsonSyntaxException: Invalid or unsupported recipe type 'mekanism:purifying'
[19Oct2025 17:23:59.504] [main/INFO] [net.minecraft.world.item.crafting.RecipeManager/]: Skipping loading recipe aether_redux:cutting/fieldsprout_wood as it's serializer returned null
[19Oct2025 17:23:59.505] [main/INFO] [net.minecraft.world.item.crafting.RecipeManager/]: Skipping loading recipe farmersdelight:cutting/buzzier_bees/pink_clover as it's serializer returned null
[19Oct2025 17:23:59.506] [main/INFO] [net.minecraft.world.item.crafting.RecipeManager/]: Skipping loading recipe delightful:knives/smithing/pendorite_knife as it's serializer returned null
[19Oct2025 17:23:59.506] [main/INFO] [net.minecraft.world.item.crafting.RecipeManager/]: Skipping loading recipe delightful:salmonberry_ice_cream_block as it's serializer returned null
[19Oct2025 17:23:59.507] [main/INFO] [net.minecraft.world.item.crafting.RecipeManager/]: Skipping loading recipe delightful:knives/blasting/bone/bone_meal_from_blasting_pickaxe as it's serializer returned null
[19Oct2025 17:23:59.507] [main/INFO] [net.minecraft.world.item.crafting.RecipeManager/]: Skipping loading recipe delightful:knives/smelting/electrum_thermal as it's serializer returned null
[19Oct2025 17:23:59.507] [main/INFO] [net.minecraft.world.item.crafting.RecipeManager/]: Skipping loading recipe miners_delight:vegan_hamburger_from_bun as it's serializer returned null
[19Oct2025 17:23:59.507] [main/ERROR] [net.minecraft.world.item.crafting.RecipeManager/]: Parsing error loading recipe alltheores:mek_processing/iridium/ore/nether_from_raw: com.google.gson.JsonSyntaxException: Invalid or unsupported recipe type 'mekanism:combining'
[19Oct2025 17:23:59.508] [main/INFO] [net.minecraft.world.item.crafting.RecipeManager/]: Skipping loading recipe delightful:knives/blasting/nickel_immersiveengineering as it's serializer returned null
[19Oct2025 17:23:59.508] [main/INFO] [net.minecraft.world.item.crafting.RecipeManager/]: Skipping loading recipe delightful:knives/certus_quartz_knife as it's serializer returned null
[19Oct2025 17:23:59.508] [main/INFO] [net.minecraft.world.item.crafting.RecipeManager/]: Skipping loading recipe delightful:knives/infusion/infuse_and_charge_veridium_knife as it's serializer returned null
[19Oct2025 17:23:59.512] [main/INFO] [net.minecraft.world.item.crafting.RecipeManager/]: Skipping loading recipe delightful:integration/windswept/cooked_goat_shanks_windswept as it's serializer returned null
[19Oct2025 17:23:59.512] [main/INFO] [net.minecraft.world.item.crafting.RecipeManager/]: Skipping loading recipe delightful:knives/blasting/silver_thermal as it's serializer returned null
[19Oct2025 17:23:59.512] [main/ERROR] [net.minecraft.world.item.crafting.RecipeManager/]: Parsing error loading recipe alltheores:mek_processing/platinum/shard/from_raw_ore: com.google.gson.JsonSyntaxException: Invalid or unsupported recipe type 'mekanism:injecting'
[19Oct2025 17:23:59.517] [main/INFO] [net.minecraft.world.item.crafting.RecipeManager/]: Skipping loading recipe frozenup:truffle_cake as it's serializer returned null
[19Oct2025 17:23:59.517] [main/INFO] [net.minecraft.world.item.crafting.RecipeManager/]: Skipping loading recipe enlightened_end:smithing/adamantite_knife as it's serializer returned null
[19Oct2025 17:23:59.518] [main/INFO] [net.minecraft.world.item.crafting.RecipeManager/]: Skipping loading recipe frozenup:mug_of_truffle_hot_chocolate_from_chocolate as it's serializer returned null
[19Oct2025 17:23:59.520] [main/INFO] [net.minecraft.world.item.crafting.RecipeManager/]: Skipping loading recipe wildberries:cutting/cranberry_pie as it's serializer returned null
[19Oct2025 17:23:59.521] [main/INFO] [net.minecraft.world.item.crafting.RecipeManager/]: Skipping loading recipe delightful:food/berry_matcha_latte_neapolitan as it's serializer returned null
[19Oct2025 17:23:59.522] [main/INFO] [net.minecraft.world.item.crafting.RecipeManager/]: Skipping loading recipe byg:blueberry_pie as it's serializer returned null
[19Oct2025 17:23:59.522] [main/INFO] [net.minecraft.world.item.crafting.RecipeManager/]: Skipping loading recipe wildberries:cutting/glow_berry_pie_slice as it's serializer returned null
[19Oct2025 17:23:59.523] [main/INFO] [net.minecraft.world.item.crafting.RecipeManager/]: Skipping loading recipe delightful:knives/blasting/bone/bone_meal_from_blasting_sword as it's serializer returned null
[19Oct2025 17:23:59.523] [main/INFO] [net.minecraft.world.item.crafting.RecipeManager/]: Skipping loading recipe cratedelight:minecraft/crafting/salmon_crate as it's serializer returned null
[19Oct2025 17:23:59.526] [main/ERROR] [net.minecraft.world.item.crafting.RecipeManager/]: Parsing error loading recipe alltheores:mek_processing/iridium/slurry/dirty_from_raw: com.google.gson.JsonSyntaxException: Invalid or unsupported recipe type 'mekanism:dissolution'
[19Oct2025 17:23:59.529] [main/INFO] [net.minecraft.world.item.crafting.RecipeManager/]: Skipping loading recipe delightful:knives/smelting/steel_mekanism as it's serializer returned null
[19Oct2025 17:23:59.530] [main/INFO] [net.minecraft.world.item.crafting.RecipeManager/]: Skipping loading recipe delightful:integration/ars_nouveau/imbuement_mangosteen as it's serializer returned null
[19Oct2025 17:23:59.530] [main/ERROR] [net.minecraft.world.item.crafting.RecipeManager/]: Parsing error loading recipe iter_rpg:packed_snow_cut_wall: com.google.gson.JsonSyntaxException: Unknown item 'iter_rpg:deleted_mod_element'
[19Oct2025 17:23:59.530] [main/INFO] [net.minecraft.world.item.crafting.RecipeManager/]: Skipping loading recipe delightful:knives/smelting/bone/bone_meal_from_smelting_hoe as it's serializer returned null
[19Oct2025 17:23:59.531] [main/ERROR] [net.minecraft.world.item.crafting.RecipeManager/]: Parsing error loading recipe revampedpiles:plains_cartographer_desk: com.google.gson.JsonSyntaxException: Invalid pattern: each row must be the same width
[19Oct2025 17:23:59.533] [main/INFO] [net.minecraft.world.item.crafting.RecipeManager/]: Skipping loading recipe aether_redux:cutting/glacia_log as it's serializer returned null
[19Oct2025 17:23:59.533] [main/INFO] [net.minecraft.world.item.crafting.RecipeManager/]: Skipping loading recipe delightful:knives/smithing/rose_gold_knife as it's serializer returned null
[19Oct2025 17:23:59.538] [main/ERROR] [net.minecraft.world.item.crafting.RecipeManager/]: Parsing error loading recipe alltheores:mek_processing/aluminum/ore/from_raw: com.google.gson.JsonSyntaxException: Invalid or unsupported recipe type 'mekanism:combining'
[19Oct2025 17:23:59.538] [main/ERROR] [net.minecraft.world.item.crafting.RecipeManager/]: Parsing error loading recipe alltheores:mek_processing/iridium/dust/from_raw_block: com.google.gson.JsonSyntaxException: Invalid or unsupported recipe type 'mekanism:enriching'
[19Oct2025 17:23:59.538] [main/INFO] [net.minecraft.world.item.crafting.RecipeManager/]: Skipping loading recipe cratedelight:minecraft/crafting/glowberry_crate as it's serializer returned null
[19Oct2025 17:23:59.541] [main/ERROR] [net.minecraft.world.item.crafting.RecipeManager/]: Parsing error loading recipe alltheores:mek_processing/platinum/slurry/dirty/from_raw_block: com.google.gson.JsonSyntaxException: Invalid or unsupported recipe type 'mekanism:dissolution'
[19Oct2025 17:23:59.542] [main/INFO] [net.minecraft.world.item.crafting.RecipeManager/]: Skipping loading recipe buzzier_bees:pink_clover as it's serializer returned null
[19Oct2025 17:23:59.542] [main/INFO] [net.minecraft.world.item.crafting.RecipeManager/]: Skipping loading recipe naturalist:cooked_egg_from_campfire_cooking as it's serializer returned null
[19Oct2025 17:23:59.551] [main/INFO] [net.minecraft.world.item.crafting.RecipeManager/]: Skipping loading recipe delightful:integration/byg/blueberry_sack as it's serializer returned null
[19Oct2025 17:23:59.551] [main/INFO] [net.minecraft.world.item.crafting.RecipeManager/]: Skipping loading recipe ecologics:cutting/coconut_wood as it's serializer returned null
[19Oct2025 17:23:59.552] [main/INFO] [net.minecraft.world.item.crafting.RecipeManager/]: Skipping loading recipe delightful:food/deluxe_cheeseburger_from_bun as it's serializer returned null
[19Oct2025 17:23:59.552] [main/INFO] [net.minecraft.world.item.crafting.RecipeManager/]: Skipping loading recipe delightful:food/matcha_ice_cream as it's serializer returned null
[19Oct2025 17:23:59.555] [main/INFO] [net.minecraft.world.item.crafting.RecipeManager/]: Skipping loading recipe cratedelight:minecraft/crafting/berry_crate as it's serializer returned null
[19Oct2025 17:23:59.556] [main/INFO] [net.minecraft.world.item.crafting.RecipeManager/]: Skipping loading recipe aether_redux:cutting/glacia_wood as it's serializer returned null
[19Oct2025 17:23:59.557] [main/INFO] [net.minecraft.world.item.crafting.RecipeManager/]: Skipping loading recipe abnormals_delight:buzzier_bees/cutting/pink_clover as it's serializer returned null
[19Oct2025 17:23:59.558] [main/ERROR] [net.minecraft.world.item.crafting.RecipeManager/]: Parsing error loading recipe alltheores:mek_processing/nickel/dust/from_raw_ore: com.google.gson.JsonSyntaxException: Invalid or unsupported recipe type 'mekanism:enriching'
[19Oct2025 17:23:59.558] [main/INFO] [net.minecraft.world.item.crafting.RecipeManager/]: Skipping loading recipe delightful:knives/smelting/copper_thermal as it's serializer returned null
[19Oct2025 17:23:59.559] [main/INFO] [net.minecraft.world.item.crafting.RecipeManager/]: Skipping loading recipe delightful:knives/smelting/constantan_thermal as it's serializer returned null
[19Oct2025 17:23:59.563] [main/INFO] [net.minecraft.world.item.crafting.RecipeManager/]: Skipping loading recipe delightful:knives/blasting/steel_immersiveengineering as it's serializer returned null
[19Oct2025 17:23:59.563] [main/ERROR] [net.minecraft.world.item.crafting.RecipeManager/]: Parsing error loading recipe alltheores:mek_processing/nickel/shard/from_raw_ore: com.google.gson.JsonSyntaxException: Invalid or unsupported recipe type 'mekanism:injecting'
[19Oct2025 17:23:59.563] [main/INFO] [net.minecraft.world.item.crafting.RecipeManager/]: Skipping loading recipe delightful:knives/smelting/bronze_mekanism as it's serializer returned null
[19Oct2025 17:23:59.569] [main/INFO] [net.minecraft.world.item.crafting.RecipeManager/]: Skipping loading recipe neapolitan:adzuki/adzuki_bun as it's serializer returned null
[19Oct2025 17:23:59.569] [main/INFO] [net.minecraft.world.item.crafting.RecipeManager/]: Skipping loading recipe delightful:integration/atmospheric/cactus_flesh_from_barrel_cactus as it's serializer returned null
[19Oct2025 17:23:59.569] [main/INFO] [net.minecraft.world.item.crafting.RecipeManager/]: Skipping loading recipe delightful:knives/blasting/bone/bone_meal_from_blasting_helmet as it's serializer returned null
[19Oct2025 17:23:59.570] [main/ERROR] [net.minecraft.world.item.crafting.RecipeManager/]: Parsing error loading recipe iter_rpg:packed_snow_cut_slab_bricks: com.google.gson.JsonSyntaxException: Unknown item 'iter_rpg:deleted_mod_element'
[19Oct2025 17:23:59.571] [main/INFO] [net.minecraft.world.item.crafting.RecipeManager/]: Skipping loading recipe cratedelight:minecraft/crafting/apple_crate as it's serializer returned null
[19Oct2025 17:23:59.571] [main/ERROR] [net.minecraft.world.item.crafting.RecipeManager/]: Parsing error loading recipe crabbersdelight:lanternfish_barrel: com.google.gson.JsonSyntaxException: Unknown item 'sullysmod:lanternfish'
[19Oct2025 17:23:59.574] [main/INFO] [net.minecraft.world.item.crafting.RecipeManager/]: Skipping loading recipe wildberries:sweet_berry_pie as it's serializer returned null
[19Oct2025 17:23:59.575] [main/INFO] [net.minecraft.world.item.crafting.RecipeManager/]: Skipping loading recipe undergardendelight:gloomgourd_pie as it's serializer returned null
[19Oct2025 17:23:59.576] [main/INFO] [net.minecraft.world.item.crafting.RecipeManager/]: Skipping loading recipe delightful:knives/blasting/nickel_thermal as it's serializer returned null
[19Oct2025 17:23:59.576] [main/ERROR] [net.minecraft.world.item.crafting.RecipeManager/]: Parsing error loading recipe alltheores:mek_processing/platinum/clump/from_raw_ore: com.google.gson.JsonSyntaxException: Invalid or unsupported recipe type 'mekanism:purifying'
[19Oct2025 17:23:59.576] [main/INFO] [net.minecraft.world.item.crafting.RecipeManager/]: Skipping loading recipe wildberries:glow_berry_pie_craft as it's serializer returned null
[19Oct2025 17:23:59.577] [main/INFO] [net.minecraft.world.item.crafting.RecipeManager/]: Skipping loading recipe delightful:integration/atmospheric/cactus_flesh_from_barrel_cactus_batch as it's serializer returned null
[19Oct2025 17:23:59.579] [main/INFO] [net.minecraft.world.item.crafting.RecipeManager/]: Skipping loading recipe delightful:knives/smelting/copper_immersiveengineering as it's serializer returned null
[19Oct2025 17:23:59.579] [main/INFO] [net.minecraft.world.item.crafting.RecipeManager/]: Skipping loading recipe ecologics:cutting/flowering_azalea_log as it's serializer returned null
[19Oct2025 17:23:59.584] [main/INFO] [net.minecraft.world.item.crafting.RecipeManager/]: Skipping loading recipe delightful:food/smore as it's serializer returned null
[19Oct2025 17:23:59.585] [main/ERROR] [net.minecraft.world.item.crafting.RecipeManager/]: Parsing error loading recipe alltheores:mek_processing/aluminum/clump/from_shard: com.google.gson.JsonSyntaxException: Invalid or unsupported recipe type 'mekanism:purifying'
[19Oct2025 17:23:59.586] [main/INFO] [net.minecraft.world.item.crafting.RecipeManager/]: Skipping loading recipe wildberries:blueberry_pie_from_slices as it's serializer returned null
[19Oct2025 17:23:59.587] [main/INFO] [net.minecraft.world.item.crafting.RecipeManager/]: Skipping loading recipe supplementaries:inspirations/flag_clear as it's serializer returned null
[19Oct2025 17:23:59.587] [main/INFO] [net.minecraft.world.item.crafting.RecipeManager/]: Skipping loading recipe delightful:food/prickly_pear_juice as it's serializer returned null
[19Oct2025 17:23:59.587] [main/INFO] [net.minecraft.world.item.crafting.RecipeManager/]: Skipping loading recipe ecologics:cutting/coconut_log as it's serializer returned null
[19Oct2025 17:23:59.587] [main/ERROR] [net.minecraft.world.item.crafting.RecipeManager/]: Parsing error loading recipe alltheores:mek_processing/iridium/dust/from_raw_ore: com.google.gson.JsonSyntaxException: Invalid or unsupported recipe type 'mekanism:enriching'
[19Oct2025 17:23:59.588] [main/INFO] [net.minecraft.world.item.crafting.RecipeManager/]: Skipping loading recipe aether_redux:cutting/crystal_wood as it's serializer returned null
[19Oct2025 17:23:59.589] [main/INFO] [net.minecraft.world.item.crafting.RecipeManager/]: Skipping loading recipe undergardendelight:cloggrum_knife as it's serializer returned null
[19Oct2025 17:23:59.591] [main/ERROR] [net.minecraft.world.item.crafting.RecipeManager/]: Parsing error loading recipe legendary_monsters:purified_soul: com.google.gson.JsonSyntaxException: Invalid or unsupported recipe type 'minecraft:brewing'
[19Oct2025 17:23:59.591] [main/INFO] [net.minecraft.world.item.crafting.RecipeManager/]: Skipping loading recipe delightful:knives/fiery_knife as it's serializer returned null
[19Oct2025 17:23:59.591] [main/ERROR] [net.minecraft.world.item.crafting.RecipeManager/]: Parsing error loading recipe alltheores:mek_processing/iridium/ore/deepslate_from_raw: com.google.gson.JsonSyntaxException: Invalid or unsupported recipe type 'mekanism:combining'
[19Oct2025 17:23:59.594] [main/INFO] [net.minecraft.world.item.crafting.RecipeManager/]: Skipping loading recipe vintagedelight:cheese_burger as it's serializer returned null
[19Oct2025 17:23:59.596] [main/ERROR] [net.minecraft.world.item.crafting.RecipeManager/]: Parsing error loading recipe alltheores:mek_processing/nickel/clump/from_raw_ore: com.google.gson.JsonSyntaxException: Invalid or unsupported recipe type 'mekanism:purifying'
[19Oct2025 17:23:59.596] [main/ERROR] [net.minecraft.world.item.crafting.RecipeManager/]: Parsing error loading recipe iter_rpg:smooth_ice_cut_stairs: com.google.gson.JsonSyntaxException: Unknown item 'iter_rpg:deleted_mod_element'
[19Oct2025 17:23:59.598] [main/ERROR] [net.minecraft.world.item.crafting.RecipeManager/]: Parsing error loading recipe alltheores:mek_processing/iridium/slurry/dirty/from_raw_block: com.google.gson.JsonSyntaxException: Invalid or unsupported recipe type 'mekanism:dissolution'
[19Oct2025 17:23:59.599] [main/ERROR] [net.minecraft.world.item.crafting.RecipeManager/]: Parsing error loading recipe alltheores:mek_processing/aluminum/dust/from_raw_block: com.google.gson.JsonSyntaxException: Invalid or unsupported recipe type 'mekanism:enriching'
[19Oct2025 17:23:59.599] [main/INFO] [net.minecraft.world.item.crafting.RecipeManager/]: Skipping loading recipe delightful:food/nut_butter_and_jelly_sandwich_from_bread_slice as it's serializer returned null
[19Oct2025 17:23:59.602] [main/INFO] [net.minecraft.world.item.crafting.RecipeManager/]: Skipping loading recipe delightful:knives/blasting/lead_thermal as it's serializer returned null
[19Oct2025 17:23:59.602] [main/INFO] [net.minecraft.world.item.crafting.RecipeManager/]: Skipping loading recipe delightful:knives/blasting/electrum_immersiveengineering as it's serializer returned null
[19Oct2025 17:23:59.602] [main/INFO] [net.minecraft.world.item.crafting.RecipeManager/]: Skipping loading recipe autumnity:pumpkin_bread as it's serializer returned null
[19Oct2025 17:23:59.603] [main/INFO] [net.minecraft.world.item.crafting.RecipeManager/]: Skipping loading recipe delightful:knives/sinisite_knife as it's serializer returned null
[19Oct2025 17:23:59.603] [main/INFO] [net.minecraft.world.item.crafting.RecipeManager/]: Skipping loading recipe byg:nightshade_berry_pie as it's serializer returned null
[19Oct2025 17:23:59.603] [main/INFO] [net.minecraft.world.item.crafting.RecipeManager/]: Skipping loading recipe delightful:food/cooking/coconut_curry as it's serializer returned null
[19Oct2025 17:23:59.606] [main/INFO] [net.minecraft.world.item.crafting.RecipeManager/]: Skipping loading recipe delightful:food/deluxe_cheeseburger as it's serializer returned null
[19Oct2025 17:23:59.606] [main/ERROR] [net.minecraft.world.item.crafting.RecipeManager/]: Parsing error loading recipe alltheores:mek_processing/aluminum/slurry/dirty_from_raw: com.google.gson.JsonSyntaxException: Invalid or unsupported recipe type 'mekanism:dissolution'
[19Oct2025 17:23:59.607] [main/INFO] [net.minecraft.world.item.crafting.RecipeManager/]: Skipping loading recipe delightful:knives/blasting/bronze_mekanism as it's serializer returned null
[19Oct2025 17:23:59.608] [main/INFO] [net.minecraft.world.item.crafting.RecipeManager/]: Skipping loading recipe delightful:knives/adamantium_knife as it's serializer returned null
[19Oct2025 17:23:59.608] [main/ERROR] [net.minecraft.world.item.crafting.RecipeManager/]: Parsing error loading recipe alltheores:mek_processing/zinc/dust/from_raw_ore: com.google.gson.JsonSyntaxException: Invalid or unsupported recipe type 'mekanism:enriching'
[19Oct2025 17:23:59.609] [main/INFO] [net.minecraft.world.item.crafting.RecipeManager/]: Skipping loading recipe delightful:integration/wildberries/unpack_blueberry_sack as it's serializer returned null
[19Oct2025 17:23:59.609] [main/INFO] [net.minecraft.world.item.crafting.RecipeManager/]: Skipping loading recipe wildberries:sweet_berry_pie_from_slices as it's serializer returned null
[19Oct2025 17:23:59.613] [main/INFO] [net.minecraft.world.item.crafting.RecipeManager/]: Skipping loading recipe delightful:knives/manasteel_knife as it's serializer returned null
[19Oct2025 17:23:59.613] [main/INFO] [net.minecraft.world.item.crafting.RecipeManager/]: Skipping loading recipe delightful:integration/rottenleather/chunk_nugget as it's serializer returned null
[19Oct2025 17:23:59.615] [main/INFO] [net.minecraft.world.item.crafting.RecipeManager/]: Skipping loading recipe delightful:knives/elementium_knife as it's serializer returned null
[19Oct2025 17:23:59.618] [main/INFO] [net.minecraft.world.item.crafting.RecipeManager/]: Skipping loading recipe delightful:knives/blasting/electrum_thermal as it's serializer returned null
[19Oct2025 17:23:59.620] [main/INFO] [net.minecraft.world.item.crafting.RecipeManager/]: Skipping loading recipe delightful:integration/byg/baobab_fruit_crate as it's serializer returned null
[19Oct2025 17:23:59.620] [main/INFO] [net.minecraft.world.item.crafting.RecipeManager/]: Skipping loading recipe vintagedelight:stuffed_burrito_from_tortilla as it's serializer returned null
[19Oct2025 17:23:59.621] [main/INFO] [net.minecraft.world.item.crafting.RecipeManager/]: Skipping loading recipe delightful:knives/necronium_knife as it's serializer returned null
[19Oct2025 17:23:59.621] [main/INFO] [net.minecraft.world.item.crafting.RecipeManager/]: Skipping loading recipe undergarden:cutting/wigglewood_wood as it's serializer returned null
[19Oct2025 17:23:59.622] [main/INFO] [net.minecraft.world.item.crafting.RecipeManager/]: Skipping loading recipe wildberries:blueberry_pie as it's serializer returned null
[19Oct2025 17:23:59.622] [main/INFO] [net.minecraft.world.item.crafting.RecipeManager/]: Skipping loading recipe delightful:knives/repairing/holystone_knife as it's serializer returned null
[19Oct2025 17:23:59.623] [main/ERROR] [net.minecraft.world.item.crafting.RecipeManager/]: Parsing error loading recipe iter_rpg:packed_snow_cut_ornate_bricks: com.google.gson.JsonSyntaxException: Unknown item 'iter_rpg:deleted_mod_element'
[19Oct2025 17:23:59.626] [main/INFO] [net.minecraft.world.item.crafting.RecipeManager/]: Skipping loading recipe twilightdelight:ghast_burger as it's serializer returned null
[19Oct2025 17:23:59.629] [main/INFO] [net.minecraft.world.item.crafting.RecipeManager/]: Skipping loading recipe delightful:food/salmonberry_ice_cream as it's serializer returned null
[19Oct2025 17:23:59.629] [main/INFO] [net.minecraft.world.item.crafting.RecipeManager/]: Skipping loading recipe delightful:knives/smelting/silver_thermal as it's serializer returned null
[19Oct2025 17:23:59.631] [main/INFO] [net.minecraft.world.item.crafting.RecipeManager/]: Skipping loading recipe byg:blueberry_pie_from_slices as it's serializer returned null
[19Oct2025 17:23:59.631] [main/INFO] [net.minecraft.world.item.crafting.RecipeManager/]: Skipping loading recipe delightful:knives/smelting/bone/bone_meal_from_smelting_helmet as it's serializer returned null
[19Oct2025 17:23:59.634] [main/INFO] [net.minecraft.world.item.crafting.RecipeManager/]: Skipping loading recipe delightful:knives/cloggrum_knife as it's serializer returned null
[19Oct2025 17:23:59.634] [main/INFO] [net.minecraft.world.item.crafting.RecipeManager/]: Skipping loading recipe biomemakeover:glowshroom_stew as it's serializer returned null
[19Oct2025 17:23:59.635] [main/INFO] [net.minecraft.world.item.crafting.RecipeManager/]: Skipping loading recipe additionaladditions:fried_egg as it's serializer returned null
[19Oct2025 17:23:59.635] [main/INFO] [net.minecraft.world.item.crafting.RecipeManager/]: Skipping loading recipe delightful:integration/byg/joshua_fruit_crate as it's serializer returned null
[19Oct2025 17:23:59.635] [main/INFO] [net.minecraft.world.item.crafting.RecipeManager/]: Skipping loading recipe delightful:knives/smithing/forgotten_knife as it's serializer returned null
[19Oct2025 17:23:59.636] [main/INFO] [net.minecraft.world.item.crafting.RecipeManager/]: Skipping loading recipe byg:crimson_berry_pie as it's serializer returned null
[19Oct2025 17:23:59.636] [main/ERROR] [net.minecraft.world.item.crafting.RecipeManager/]: Parsing error loading recipe alltheores:mek_processing/platinum/slurry/dirty_from_raw: com.google.gson.JsonSyntaxException: Invalid or unsupported recipe type 'mekanism:dissolution'
[19Oct2025 17:23:59.636] [main/ERROR] [net.minecraft.world.item.crafting.RecipeManager/]: Parsing error loading recipe alltheores:mek_processing/nickel/slurry/dirty_from_raw: com.google.gson.JsonSyntaxException: Invalid or unsupported recipe type 'mekanism:dissolution'
[19Oct2025 17:23:59.636] [main/INFO] [net.minecraft.world.item.crafting.RecipeManager/]: Skipping loading recipe delightful:knives/infusion/infuse_and_charge_infused_veridium_knife as it's serializer returned null
[19Oct2025 17:23:59.636] [main/INFO] [net.minecraft.world.item.crafting.RecipeManager/]: Skipping loading recipe delightful:food/cheeseburger_from_bun as it's serializer returned null
[19Oct2025 17:23:59.636] [main/ERROR] [net.minecraft.world.item.crafting.RecipeManager/]: Parsing error loading recipe iter_rpg:packed_snow_cut_slab: com.google.gson.JsonSyntaxException: Unknown item 'iter_rpg:deleted_mod_element'
[19Oct2025 17:23:59.639] [main/INFO] [net.minecraft.world.item.crafting.RecipeManager/]: Skipping loading recipe delightful:knives/fiery_iron_knife as it's serializer returned null
[19Oct2025 17:23:59.641] [main/ERROR] [net.minecraft.world.item.crafting.RecipeManager/]: Parsing error loading recipe alltheores:mek_processing/aluminum/ore/deepslate_from_raw: com.google.gson.JsonSyntaxException: Invalid or unsupported recipe type 'mekanism:combining'
[19Oct2025 17:23:59.642] [main/ERROR] [net.minecraft.world.item.crafting.RecipeManager/]: Parsing error loading recipe alltheores:mek_processing/silver/slurry/dirty/from_raw_block: com.google.gson.JsonSyntaxException: Invalid or unsupported recipe type 'mekanism:dissolution'
[19Oct2025 17:23:59.643] [main/INFO] [net.minecraft.world.item.crafting.RecipeManager/]: Skipping loading recipe delightful:integration/byg/green_apple_crate as it's serializer returned null
[19Oct2025 17:23:59.643] [main/ERROR] [net.minecraft.world.item.crafting.RecipeManager/]: Parsing error loading recipe iter_rpg:smooth_ice_bricks_cut_slab: com.google.gson.JsonSyntaxException: Unknown item 'iter_rpg:deleted_mod_element'
[19Oct2025 17:23:59.643] [main/INFO] [net.minecraft.world.item.crafting.RecipeManager/]: Skipping loading recipe farmersdelight:cutting/buzzier_bees/white_clover as it's serializer returned null
[19Oct2025 17:23:59.644] [main/INFO] [net.minecraft.world.item.crafting.RecipeManager/]: Skipping loading recipe delightful:integration/aether/blueberry_sack as it's serializer returned null
[19Oct2025 17:23:59.645] [main/INFO] [net.minecraft.world.item.crafting.RecipeManager/]: Skipping loading recipe delightful:integration/byg/unpack_nightshade_berry_sack as it's serializer returned null
[19Oct2025 17:23:59.646] [main/INFO] [net.minecraft.world.item.crafting.RecipeManager/]: Skipping loading recipe farmersdelight:cutting/cooked_crab_ecologics as it's serializer returned null
[19Oct2025 17:23:59.646] [main/INFO] [net.minecraft.world.item.crafting.RecipeManager/]: Skipping loading recipe deep_aether:cutting/roseroot_log as it's serializer returned null
[19Oct2025 17:23:59.650] [main/INFO] [net.minecraft.world.item.crafting.RecipeManager/]: Skipping loading recipe deep_aether:cutting/sunroot_log as it's serializer returned null
[19Oct2025 17:23:59.650] [main/INFO] [net.minecraft.world.item.crafting.RecipeManager/]: Skipping loading recipe delightful:integration/aether/unpack_blueberry_sack as it's serializer returned null
[19Oct2025 17:23:59.651] [main/INFO] [net.minecraft.world.item.crafting.RecipeManager/]: Skipping loading recipe additionaladditions:fried_egg_from_campfire_cooking as it's serializer returned null
[19Oct2025 17:23:59.651] [main/INFO] [net.minecraft.world.item.crafting.RecipeManager/]: Skipping loading recipe delightful:knives/smelting/emerald_emeraldequipment as it's serializer returned null
[19Oct2025 17:23:59.652] [main/ERROR] [net.minecraft.world.item.crafting.RecipeManager/]: Parsing error loading recipe iter_rpg:smooth_ice_bricks_cut_stairs: com.google.gson.JsonSyntaxException: Unknown item 'iter_rpg:deleted_mod_element'
[19Oct2025 17:23:59.652] [main/INFO] [net.minecraft.world.item.crafting.RecipeManager/]: Skipping loading recipe delightful:food/pie/green_apple_pie_from_slices as it's serializer returned null
[19Oct2025 17:23:59.653] [main/INFO] [net.minecraft.world.item.crafting.RecipeManager/]: Skipping loading recipe delightful:knives/refined_obsidian_knife as it's serializer returned null
[19Oct2025 17:23:59.656] [main/INFO] [net.minecraft.world.item.crafting.RecipeManager/]: Skipping loading recipe delightful:knives/blasting/bone/bone_meal_from_blasting_boots as it's serializer returned null
[19Oct2025 17:23:59.659] [main/INFO] [net.minecraft.world.item.crafting.RecipeManager/]: Skipping loading recipe miners_delight:insect_sandwich_from_bread_slice as it's serializer returned null
[19Oct2025 17:23:59.660] [main/INFO] [net.minecraft.world.item.crafting.RecipeManager/]: Skipping loading recipe deep_aether:cutting/yagroot_wood as it's serializer returned null
[19Oct2025 17:23:59.660] [main/INFO] [net.minecraft.world.item.crafting.RecipeManager/]: Skipping loading recipe delightful:knives/blasting/steel_mekanism as it's serializer returned null
[19Oct2025 17:23:59.660] [main/INFO] [net.minecraft.world.item.crafting.RecipeManager/]: Skipping loading recipe delightful:integration/wildberries/blueberry_sack as it's serializer returned null
[19Oct2025 17:23:59.661] [main/INFO] [net.minecraft.world.item.crafting.RecipeManager/]: Skipping loading recipe delightful:knives/smithing/gilded_netherite_knife as it's serializer returned null
[19Oct2025 17:23:59.661] [main/INFO] [net.minecraft.world.item.crafting.RecipeManager/]: Skipping loading recipe naturalist:cooked_egg_from_smoking as it's serializer returned null
[19Oct2025 17:23:59.662] [main/INFO] [net.minecraft.world.item.crafting.RecipeManager/]: Skipping loading recipe delightful:food/kettle/lavender_tea as it's serializer returned null
[19Oct2025 17:23:59.662] [main/INFO] [net.minecraft.world.item.crafting.RecipeManager/]: Skipping loading recipe delightful:knives/smelting/diamond_diamond_nuggets as it's serializer returned null
[19Oct2025 17:23:59.663] [main/ERROR] [net.minecraft.world.item.crafting.RecipeManager/]: Parsing error loading recipe alltheores:mek_processing/aluminum/shard/from_raw_ore: com.google.gson.JsonSyntaxException: Invalid or unsupported recipe type 'mekanism:injecting'
[19Oct2025 17:23:59.665] [main/INFO] [net.minecraft.world.item.crafting.RecipeManager/]: Skipping loading recipe delightful:knives/smelting/bone/bone_meal_from_smelting_sword as it's serializer returned null
[19Oct2025 17:23:59.666] [main/INFO] [net.minecraft.world.item.crafting.RecipeManager/]: Skipping loading recipe delightful:knives/blasting/copper_immersiveengineering as it's serializer returned null
[19Oct2025 17:23:59.666] [main/INFO] [net.minecraft.world.item.crafting.RecipeManager/]: Skipping loading recipe delightful:food/cheeseburger as it's serializer returned null
[19Oct2025 17:23:59.667] [main/INFO] [net.minecraft.world.item.crafting.RecipeManager/]: Skipping loading recipe undergarden:cutting/wigglewood_log as it's serializer returned null
[19Oct2025 17:23:59.674] [main/INFO] [net.minecraft.world.item.crafting.RecipeManager/]: Loaded 61 recipes
[19Oct2025 17:23:59.678] [main/ERROR] [net.minecraft.server.ServerFunctionLibrary/]: Failed to load function souls_like_bosses:bosses/spawn/rubeus_church/main
java.util.concurrent.CompletionException: java.lang.IllegalArgumentException: Whilst parsing command on line 12: Invalid or unknown entity type 'whisperwoods:hidebehind' at position 131: ...y @e[type=<--[HERE]
	at java.util.concurrent.CompletableFuture.encodeThrowable(CompletableFuture.java:315) ~[?:?]
	at java.util.concurrent.CompletableFuture.completeThrowable(CompletableFuture.java:320) ~[?:?]
	at java.util.concurrent.CompletableFuture$AsyncSupply.run(CompletableFuture.java:1770) ~[?:?]
	at java.util.concurrent.CompletableFuture$AsyncSupply.exec(CompletableFuture.java:1760) ~[?:?]
	at java.util.concurrent.ForkJoinTask.doExec(ForkJoinTask.java:373) ~[?:?]
	at java.util.concurrent.ForkJoinPool$WorkQueue.topLevelExec(ForkJoinPool.java:1182) ~[?:?]
	at java.util.concurrent.ForkJoinPool.scan(ForkJoinPool.java:1655) ~[?:?]
	at java.util.concurrent.ForkJoinPool.runWorker(ForkJoinPool.java:1622) ~[?:?]
	at java.util.concurrent.ForkJoinWorkerThread.run(ForkJoinWorkerThread.java:165) ~[?:?]
Caused by: java.lang.IllegalArgumentException: Whilst parsing command on line 12: Invalid or unknown entity type 'whisperwoods:hidebehind' at position 131: ...y @e[type=<--[HERE]
	at net.minecraft.commands.CommandFunction.m_77984_(CommandFunction.java:63) ~[server-1.20.1-20230612.114412-srg.jar%23539!/:?]
	at net.minecraft.server.ServerFunctionLibrary.m_214320_(ServerFunctionLibrary.java:83) ~[server-1.20.1-20230612.114412-srg.jar%23539!/:?]
	at java.util.concurrent.CompletableFuture$AsyncSupply.run(CompletableFuture.java:1768) ~[?:?]
	... 6 more
[19Oct2025 17:23:59.679] [main/ERROR] [net.minecraft.server.ServerFunctionLibrary/]: Failed to load function souls_like_bosses:bosses/spawn/bell_church/spawn_vesper
java.util.concurrent.CompletionException: java.lang.IllegalArgumentException: Whilst parsing command on line 1: Can't find element 'whisperwoods:zotzpyre' of type 'minecraft:entity_type'
	at java.util.concurrent.CompletableFuture.encodeThrowable(CompletableFuture.java:315) ~[?:?]
	at java.util.concurrent.CompletableFuture.completeThrowable(CompletableFuture.java:320) ~[?:?]
	at java.util.concurrent.CompletableFuture$AsyncSupply.run(CompletableFuture.java:1770) ~[?:?]
	at java.util.concurrent.CompletableFuture$AsyncSupply.exec(CompletableFuture.java:1760) ~[?:?]
	at java.util.concurrent.ForkJoinTask.doExec(ForkJoinTask.java:373) ~[?:?]
	at java.util.concurrent.ForkJoinPool$WorkQueue.topLevelExec(ForkJoinPool.java:1182) ~[?:?]
	at java.util.concurrent.ForkJoinPool.scan(ForkJoinPool.java:1655) ~[?:?]
	at java.util.concurrent.ForkJoinPool.runWorker(ForkJoinPool.java:1622) ~[?:?]
	at java.util.concurrent.ForkJoinWorkerThread.run(ForkJoinWorkerThread.java:165) ~[?:?]
Caused by: java.lang.IllegalArgumentException: Whilst parsing command on line 1: Can't find element 'whisperwoods:zotzpyre' of type 'minecraft:entity_type'
	at net.minecraft.commands.CommandFunction.m_77984_(CommandFunction.java:63) ~[server-1.20.1-20230612.114412-srg.jar%23539!/:?]
	at net.minecraft.server.ServerFunctionLibrary.m_214320_(ServerFunctionLibrary.java:83) ~[server-1.20.1-20230612.114412-srg.jar%23539!/:?]
	at java.util.concurrent.CompletableFuture$AsyncSupply.run(CompletableFuture.java:1768) ~[?:?]
	... 6 more
[19Oct2025 17:23:59.681] [main/ERROR] [net.minecraft.server.ServerFunctionLibrary/]: Failed to load function souls_like_bosses:bosses/rubeus/cutscene_boss_start
java.util.concurrent.CompletionException: java.lang.IllegalArgumentException: Whilst parsing command on line 1: Can't find element 'whisperwoods:hidebehind' of type 'minecraft:entity_type'
	at java.util.concurrent.CompletableFuture.encodeThrowable(CompletableFuture.java:315) ~[?:?]
	at java.util.concurrent.CompletableFuture.completeThrowable(CompletableFuture.java:320) ~[?:?]
	at java.util.concurrent.CompletableFuture$AsyncSupply.run(CompletableFuture.java:1770) ~[?:?]
	at java.util.concurrent.CompletableFuture$AsyncSupply.exec(CompletableFuture.java:1760) ~[?:?]
	at java.util.concurrent.ForkJoinTask.doExec(ForkJoinTask.java:373) ~[?:?]
	at java.util.concurrent.ForkJoinPool$WorkQueue.topLevelExec(ForkJoinPool.java:1182) ~[?:?]
	at java.util.concurrent.ForkJoinPool.scan(ForkJoinPool.java:1655) ~[?:?]
	at java.util.concurrent.ForkJoinPool.runWorker(ForkJoinPool.java:1622) ~[?:?]
	at java.util.concurrent.ForkJoinWorkerThread.run(ForkJoinWorkerThread.java:165) ~[?:?]
Caused by: java.lang.IllegalArgumentException: Whilst parsing command on line 1: Can't find element 'whisperwoods:hidebehind' of type 'minecraft:entity_type'
	at net.minecraft.commands.CommandFunction.m_77984_(CommandFunction.java:63) ~[server-1.20.1-20230612.114412-srg.jar%23539!/:?]
	at net.minecraft.server.ServerFunctionLibrary.m_214320_(ServerFunctionLibrary.java:83) ~[server-1.20.1-20230612.114412-srg.jar%23539!/:?]
	at java.util.concurrent.CompletableFuture$AsyncSupply.run(CompletableFuture.java:1768) ~[?:?]
	... 6 more
[19Oct2025 17:23:59.683] [main/ERROR] [net.minecraft.server.ServerFunctionLibrary/]: Failed to load function souls_like_bosses:bosses/spawn/bell_church/spawn_monsters
java.util.concurrent.CompletionException: java.lang.IllegalArgumentException: Whilst parsing command on line 3: Invalid or unknown entity type 'whisperwoods:zotzpyre' at position 50: .....75,type=<--[HERE]
	at java.util.concurrent.CompletableFuture.encodeThrowable(CompletableFuture.java:315) ~[?:?]
	at java.util.concurrent.CompletableFuture.completeThrowable(CompletableFuture.java:320) ~[?:?]
	at java.util.concurrent.CompletableFuture$AsyncSupply.run(CompletableFuture.java:1770) ~[?:?]
	at java.util.concurrent.CompletableFuture$AsyncSupply.exec(CompletableFuture.java:1760) ~[?:?]
	at java.util.concurrent.ForkJoinTask.doExec(ForkJoinTask.java:373) ~[?:?]
	at java.util.concurrent.ForkJoinPool$WorkQueue.topLevelExec(ForkJoinPool.java:1182) ~[?:?]
	at java.util.concurrent.ForkJoinPool.scan(ForkJoinPool.java:1655) ~[?:?]
	at java.util.concurrent.ForkJoinPool.runWorker(ForkJoinPool.java:1622) ~[?:?]
	at java.util.concurrent.ForkJoinWorkerThread.run(ForkJoinWorkerThread.java:165) ~[?:?]
Caused by: java.lang.IllegalArgumentException: Whilst parsing command on line 3: Invalid or unknown entity type 'whisperwoods:zotzpyre' at position 50: .....75,type=<--[HERE]
	at net.minecraft.commands.CommandFunction.m_77984_(CommandFunction.java:63) ~[server-1.20.1-20230612.114412-srg.jar%23539!/:?]
	at net.minecraft.server.ServerFunctionLibrary.m_214320_(ServerFunctionLibrary.java:83) ~[server-1.20.1-20230612.114412-srg.jar%23539!/:?]
	at java.util.concurrent.CompletableFuture$AsyncSupply.run(CompletableFuture.java:1768) ~[?:?]
	... 6 more
[19Oct2025 17:23:59.687] [main/ERROR] [net.minecraft.server.ServerFunctionLibrary/]: Failed to load function souls_like_bosses:bosses/rubeus/boss_start
java.util.concurrent.CompletionException: java.lang.IllegalArgumentException: Whilst parsing command on line 11: Can't find element 'whisperwoods:hidebehind' of type 'minecraft:entity_type'
	at java.util.concurrent.CompletableFuture.encodeThrowable(CompletableFuture.java:315) ~[?:?]
	at java.util.concurrent.CompletableFuture.completeThrowable(CompletableFuture.java:320) ~[?:?]
	at java.util.concurrent.CompletableFuture$AsyncSupply.run(CompletableFuture.java:1770) ~[?:?]
	at java.util.concurrent.CompletableFuture$AsyncSupply.exec(CompletableFuture.java:1760) ~[?:?]
	at java.util.concurrent.ForkJoinTask.doExec(ForkJoinTask.java:373) ~[?:?]
	at java.util.concurrent.ForkJoinPool$WorkQueue.topLevelExec(ForkJoinPool.java:1182) ~[?:?]
	at java.util.concurrent.ForkJoinPool.scan(ForkJoinPool.java:1655) ~[?:?]
	at java.util.concurrent.ForkJoinPool.runWorker(ForkJoinPool.java:1622) ~[?:?]
	at java.util.concurrent.ForkJoinWorkerThread.run(ForkJoinWorkerThread.java:165) ~[?:?]
Caused by: java.lang.IllegalArgumentException: Whilst parsing command on line 11: Can't find element 'whisperwoods:hidebehind' of type 'minecraft:entity_type'
	at net.minecraft.commands.CommandFunction.m_77984_(CommandFunction.java:63) ~[server-1.20.1-20230612.114412-srg.jar%23539!/:?]
	at net.minecraft.server.ServerFunctionLibrary.m_214320_(ServerFunctionLibrary.java:83) ~[server-1.20.1-20230612.114412-srg.jar%23539!/:?]
	at java.util.concurrent.CompletableFuture$AsyncSupply.run(CompletableFuture.java:1768) ~[?:?]
	... 6 more
[19Oct2025 17:23:59.689] [main/ERROR] [net.minecraft.server.ServerFunctionLibrary/]: Failed to load function souls_like_bosses:bosses/rubeus/rdm_teleport
java.util.concurrent.CompletionException: java.lang.IllegalArgumentException: Whilst parsing command on line 6: Incorrect argument for command at position 125: ...10 run tp <--[HERE]
	at java.util.concurrent.CompletableFuture.encodeThrowable(CompletableFuture.java:315) ~[?:?]
	at java.util.concurrent.CompletableFuture.completeThrowable(CompletableFuture.java:320) ~[?:?]
	at java.util.concurrent.CompletableFuture$AsyncSupply.run(CompletableFuture.java:1770) ~[?:?]
	at java.util.concurrent.CompletableFuture$AsyncSupply.exec(CompletableFuture.java:1760) ~[?:?]
	at java.util.concurrent.ForkJoinTask.doExec(ForkJoinTask.java:373) ~[?:?]
	at java.util.concurrent.ForkJoinPool$WorkQueue.topLevelExec(ForkJoinPool.java:1182) ~[?:?]
	at java.util.concurrent.ForkJoinPool.scan(ForkJoinPool.java:1655) ~[?:?]
	at java.util.concurrent.ForkJoinPool.runWorker(ForkJoinPool.java:1622) ~[?:?]
	at java.util.concurrent.ForkJoinWorkerThread.run(ForkJoinWorkerThread.java:165) ~[?:?]
Caused by: java.lang.IllegalArgumentException: Whilst parsing command on line 6: Incorrect argument for command at position 125: ...10 run tp <--[HERE]
	at net.minecraft.commands.CommandFunction.m_77984_(CommandFunction.java:63) ~[server-1.20.1-20230612.114412-srg.jar%23539!/:?]
	at net.minecraft.server.ServerFunctionLibrary.m_214320_(ServerFunctionLibrary.java:83) ~[server-1.20.1-20230612.114412-srg.jar%23539!/:?]
	at java.util.concurrent.CompletableFuture$AsyncSupply.run(CompletableFuture.java:1768) ~[?:?]
	... 6 more
[19Oct2025 17:23:59.691] [main/ERROR] [net.minecraft.server.ServerFunctionLibrary/]: Failed to load function souls_like_bosses:bosses/spawn/rubeus_church/boss_start
java.util.concurrent.CompletionException: java.lang.IllegalArgumentException: Whilst parsing command on line 8: Can't find element 'whisperwoods:hidebehind' of type 'minecraft:entity_type'
	at java.util.concurrent.CompletableFuture.encodeThrowable(CompletableFuture.java:315) ~[?:?]
	at java.util.concurrent.CompletableFuture.completeThrowable(CompletableFuture.java:320) ~[?:?]
	at java.util.concurrent.CompletableFuture$AsyncSupply.run(CompletableFuture.java:1770) ~[?:?]
	at java.util.concurrent.CompletableFuture$AsyncSupply.exec(CompletableFuture.java:1760) ~[?:?]
	at java.util.concurrent.ForkJoinTask.doExec(ForkJoinTask.java:373) ~[?:?]
	at java.util.concurrent.ForkJoinPool$WorkQueue.topLevelExec(ForkJoinPool.java:1182) ~[?:?]
	at java.util.concurrent.ForkJoinPool.scan(ForkJoinPool.java:1655) ~[?:?]
	at java.util.concurrent.ForkJoinPool.runWorker(ForkJoinPool.java:1622) ~[?:?]
	at java.util.concurrent.ForkJoinWorkerThread.run(ForkJoinWorkerThread.java:165) ~[?:?]
Caused by: java.lang.IllegalArgumentException: Whilst parsing command on line 8: Can't find element 'whisperwoods:hidebehind' of type 'minecraft:entity_type'
	at net.minecraft.commands.CommandFunction.m_77984_(CommandFunction.java:63) ~[server-1.20.1-20230612.114412-srg.jar%23539!/:?]
	at net.minecraft.server.ServerFunctionLibrary.m_214320_(ServerFunctionLibrary.java:83) ~[server-1.20.1-20230612.114412-srg.jar%23539!/:?]
	at java.util.concurrent.CompletableFuture$AsyncSupply.run(CompletableFuture.java:1768) ~[?:?]
	... 6 more
[19Oct2025 17:23:59.691] [main/ERROR] [net.minecraft.server.ServerFunctionLibrary/]: Failed to load function souls_like_bosses:bosses/spawn/rubeus_church/cutscene_boss_start
java.util.concurrent.CompletionException: java.lang.IllegalArgumentException: Whilst parsing command on line 1: Can't find element 'whisperwoods:hidebehind' of type 'minecraft:entity_type'
	at java.util.concurrent.CompletableFuture.encodeThrowable(CompletableFuture.java:315) ~[?:?]
	at java.util.concurrent.CompletableFuture.completeThrowable(CompletableFuture.java:320) ~[?:?]
	at java.util.concurrent.CompletableFuture$AsyncSupply.run(CompletableFuture.java:1770) ~[?:?]
	at java.util.concurrent.CompletableFuture$AsyncSupply.exec(CompletableFuture.java:1760) ~[?:?]
	at java.util.concurrent.ForkJoinTask.doExec(ForkJoinTask.java:373) ~[?:?]
	at java.util.concurrent.ForkJoinPool$WorkQueue.topLevelExec(ForkJoinPool.java:1182) ~[?:?]
	at java.util.concurrent.ForkJoinPool.scan(ForkJoinPool.java:1655) ~[?:?]
	at java.util.concurrent.ForkJoinPool.runWorker(ForkJoinPool.java:1622) ~[?:?]
	at java.util.concurrent.ForkJoinWorkerThread.run(ForkJoinWorkerThread.java:165) ~[?:?]
Caused by: java.lang.IllegalArgumentException: Whilst parsing command on line 1: Can't find element 'whisperwoods:hidebehind' of type 'minecraft:entity_type'
	at net.minecraft.commands.CommandFunction.m_77984_(CommandFunction.java:63) ~[server-1.20.1-20230612.114412-srg.jar%23539!/:?]
	at net.minecraft.server.ServerFunctionLibrary.m_214320_(ServerFunctionLibrary.java:83) ~[server-1.20.1-20230612.114412-srg.jar%23539!/:?]
	at java.util.concurrent.CompletableFuture$AsyncSupply.run(CompletableFuture.java:1768) ~[?:?]
	... 6 more
[19Oct2025 17:23:59.695] [main/ERROR] [net.minecraft.server.ServerFunctionLibrary/]: Failed to load function souls_like_bosses:bosses/spawn/rubeus_church/boss_reset
java.util.concurrent.CompletionException: java.lang.IllegalArgumentException: Whilst parsing command on line 1: Incorrect argument for command at position 3: tp <--[HERE]
	at java.util.concurrent.CompletableFuture.encodeThrowable(CompletableFuture.java:315) ~[?:?]
	at java.util.concurrent.CompletableFuture.completeThrowable(CompletableFuture.java:320) ~[?:?]
	at java.util.concurrent.CompletableFuture$AsyncSupply.run(CompletableFuture.java:1770) ~[?:?]
	at java.util.concurrent.CompletableFuture$AsyncSupply.exec(CompletableFuture.java:1760) ~[?:?]
	at java.util.concurrent.ForkJoinTask.doExec(ForkJoinTask.java:373) ~[?:?]
	at java.util.concurrent.ForkJoinPool$WorkQueue.topLevelExec(ForkJoinPool.java:1182) ~[?:?]
	at java.util.concurrent.ForkJoinPool.scan(ForkJoinPool.java:1655) ~[?:?]
	at java.util.concurrent.ForkJoinPool.runWorker(ForkJoinPool.java:1622) ~[?:?]
	at java.util.concurrent.ForkJoinWorkerThread.run(ForkJoinWorkerThread.java:165) ~[?:?]
Caused by: java.lang.IllegalArgumentException: Whilst parsing command on line 1: Incorrect argument for command at position 3: tp <--[HERE]
	at net.minecraft.commands.CommandFunction.m_77984_(CommandFunction.java:63) ~[server-1.20.1-20230612.114412-srg.jar%23539!/:?]
	at net.minecraft.server.ServerFunctionLibrary.m_214320_(ServerFunctionLibrary.java:83) ~[server-1.20.1-20230612.114412-srg.jar%23539!/:?]
	at java.util.concurrent.CompletableFuture$AsyncSupply.run(CompletableFuture.java:1768) ~[?:?]
	... 6 more
[19Oct2025 17:23:59.697] [main/ERROR] [net.minecraft.server.ServerFunctionLibrary/]: Failed to load function souls_like_bosses:bosses/rubeus/boss_reset
java.util.concurrent.CompletionException: java.lang.IllegalArgumentException: Whilst parsing command on line 1: Incorrect argument for command at position 3: tp <--[HERE]
	at java.util.concurrent.CompletableFuture.encodeThrowable(CompletableFuture.java:315) ~[?:?]
	at java.util.concurrent.CompletableFuture.completeThrowable(CompletableFuture.java:320) ~[?:?]
	at java.util.concurrent.CompletableFuture$AsyncSupply.run(CompletableFuture.java:1770) ~[?:?]
	at java.util.concurrent.CompletableFuture$AsyncSupply.exec(CompletableFuture.java:1760) ~[?:?]
	at java.util.concurrent.ForkJoinTask.doExec(ForkJoinTask.java:373) ~[?:?]
	at java.util.concurrent.ForkJoinPool$WorkQueue.topLevelExec(ForkJoinPool.java:1182) ~[?:?]
	at java.util.concurrent.ForkJoinPool.scan(ForkJoinPool.java:1655) ~[?:?]
	at java.util.concurrent.ForkJoinPool.runWorker(ForkJoinPool.java:1622) ~[?:?]
	at java.util.concurrent.ForkJoinWorkerThread.run(ForkJoinWorkerThread.java:165) ~[?:?]
Caused by: java.lang.IllegalArgumentException: Whilst parsing command on line 1: Incorrect argument for command at position 3: tp <--[HERE]
	at net.minecraft.commands.CommandFunction.m_77984_(CommandFunction.java:63) ~[server-1.20.1-20230612.114412-srg.jar%23539!/:?]
	at net.minecraft.server.ServerFunctionLibrary.m_214320_(ServerFunctionLibrary.java:83) ~[server-1.20.1-20230612.114412-srg.jar%23539!/:?]
	at java.util.concurrent.CompletableFuture$AsyncSupply.run(CompletableFuture.java:1768) ~[?:?]
	... 6 more
[19Oct2025 17:23:59.699] [main/ERROR] [net.minecraft.server.ServerFunctionLibrary/]: Failed to load function watching:check
java.util.concurrent.CompletionException: java.lang.IllegalArgumentException: Whilst parsing command on line 1: Unknown or incomplete command, see below for error at position 0: <--[HERE]
	at java.util.concurrent.CompletableFuture.encodeThrowable(CompletableFuture.java:315) ~[?:?]
	at java.util.concurrent.CompletableFuture.completeThrowable(CompletableFuture.java:320) ~[?:?]
	at java.util.concurrent.CompletableFuture$AsyncSupply.run(CompletableFuture.java:1770) ~[?:?]
	at java.util.concurrent.CompletableFuture$AsyncSupply.exec(CompletableFuture.java:1760) ~[?:?]
	at java.util.concurrent.ForkJoinTask.doExec(ForkJoinTask.java:373) ~[?:?]
	at java.util.concurrent.ForkJoinPool$WorkQueue.topLevelExec(ForkJoinPool.java:1182) ~[?:?]
	at java.util.concurrent.ForkJoinPool.scan(ForkJoinPool.java:1655) ~[?:?]
	at java.util.concurrent.ForkJoinPool.runWorker(ForkJoinPool.java:1622) ~[?:?]
	at java.util.concurrent.ForkJoinWorkerThread.run(ForkJoinWorkerThread.java:165) ~[?:?]
Caused by: java.lang.IllegalArgumentException: Whilst parsing command on line 1: Unknown or incomplete command, see below for error at position 0: <--[HERE]
	at net.minecraft.commands.CommandFunction.m_77984_(CommandFunction.java:63) ~[server-1.20.1-20230612.114412-srg.jar%23539!/:?]
	at net.minecraft.server.ServerFunctionLibrary.m_214320_(ServerFunctionLibrary.java:83) ~[server-1.20.1-20230612.114412-srg.jar%23539!/:?]
	at java.util.concurrent.CompletableFuture$AsyncSupply.run(CompletableFuture.java:1768) ~[?:?]
	... 6 more
[19Oct2025 17:23:59.701] [main/ERROR] [net.minecraft.server.ServerFunctionLibrary/]: Failed to load function souls_like_bosses:bosses/spawn/rubeus_church/detect
java.util.concurrent.CompletionException: java.lang.IllegalArgumentException: Whilst parsing command on line 13: Invalid or unknown entity type 'whisperwoods:hidebehind' at position 79: ...y @e[type=<--[HERE]
	at java.util.concurrent.CompletableFuture.encodeThrowable(CompletableFuture.java:315) ~[?:?]
	at java.util.concurrent.CompletableFuture.completeThrowable(CompletableFuture.java:320) ~[?:?]
	at java.util.concurrent.CompletableFuture$AsyncSupply.run(CompletableFuture.java:1770) ~[?:?]
	at java.util.concurrent.CompletableFuture$AsyncSupply.exec(CompletableFuture.java:1760) ~[?:?]
	at java.util.concurrent.ForkJoinTask.doExec(ForkJoinTask.java:373) ~[?:?]
	at java.util.concurrent.ForkJoinPool$WorkQueue.topLevelExec(ForkJoinPool.java:1182) ~[?:?]
	at java.util.concurrent.ForkJoinPool.scan(ForkJoinPool.java:1655) ~[?:?]
	at java.util.concurrent.ForkJoinPool.runWorker(ForkJoinPool.java:1622) ~[?:?]
	at java.util.concurrent.ForkJoinWorkerThread.run(ForkJoinWorkerThread.java:165) ~[?:?]
Caused by: java.lang.IllegalArgumentException: Whilst parsing command on line 13: Invalid or unknown entity type 'whisperwoods:hidebehind' at position 79: ...y @e[type=<--[HERE]
	at net.minecraft.commands.CommandFunction.m_77984_(CommandFunction.java:63) ~[server-1.20.1-20230612.114412-srg.jar%23539!/:?]
	at net.minecraft.server.ServerFunctionLibrary.m_214320_(ServerFunctionLibrary.java:83) ~[server-1.20.1-20230612.114412-srg.jar%23539!/:?]
	at java.util.concurrent.CompletableFuture$AsyncSupply.run(CompletableFuture.java:1768) ~[?:?]
	... 6 more
[19Oct2025 17:23:59.805] [main/ERROR] [net.minecraft.server.ServerAdvancementManager/]: Parsing error loading custom advancement souls_like_bosses:attacked_rubeus: Unknown entity type 'whisperwoods:hidebehind', valid types are: alexsmobs:alligator_snapping_turtle, alexsmobs:anaconda, alexsmobs:anaconda_part, alexsmobs:anteater, alexsmobs:bald_eagle, alexsmobs:banana_slug, alexsmobs:bison, alexsmobs:blobfish, alexsmobs:blue_jay, alexsmobs:bone_serpent, alexsmobs:bone_serpent_part, alexsmobs:bunfungus, alexsmobs:cachalot_echo, alexsmobs:cachalot_whale, alexsmobs:caiman, alexsmobs:capuchin_monkey, alexsmobs:catfish, alexsmobs:centipede_body, alexsmobs:centipede_head, alexsmobs:centipede_tail, alexsmobs:cockroach, alexsmobs:cockroach_egg, alexsmobs:comb_jelly, alexsmobs:cosmaw, alexsmobs:cosmic_cod, alexsmobs:crimson_mosquito, alexsmobs:crocodile, alexsmobs:crow, alexsmobs:devils_hole_pupfish, alexsmobs:dropbear, alexsmobs:elephant, alexsmobs:emu, alexsmobs:emu_egg, alexsmobs:endergrade, alexsmobs:enderiophage, alexsmobs:enderiophage_rocket, alexsmobs:farseer, alexsmobs:fart, alexsmobs:flutter, alexsmobs:fly, alexsmobs:flying_fish, alexsmobs:frilled_shark, alexsmobs:froststalker, alexsmobs:gazelle, alexsmobs:gelada_monkey, alexsmobs:giant_squid, alexsmobs:gorilla, alexsmobs:grizzly_bear, alexsmobs:gust, alexsmobs:guster, alexsmobs:hammerhead_shark, alexsmobs:hemolymph, alexsmobs:hummingbird, alexsmobs:ice_shard, alexsmobs:jerboa, alexsmobs:kangaroo, alexsmobs:komodo_dragon, alexsmobs:laviathan, alexsmobs:leafcutter_ant, alexsmobs:lobster, alexsmobs:maned_wolf, alexsmobs:mantis_shrimp, alexsmobs:mimic_octopus, alexsmobs:mimicube, alexsmobs:moose, alexsmobs:mosquito_spit, alexsmobs:mud_ball, alexsmobs:mudskipper, alexsmobs:mungus, alexsmobs:murmur, alexsmobs:murmur_head, alexsmobs:orca, alexsmobs:platypus, alexsmobs:pollen_ball, alexsmobs:potoo, alexsmobs:raccoon, alexsmobs:rain_frog, alexsmobs:rattlesnake, alexsmobs:rhinoceros, alexsmobs:roadrunner, alexsmobs:rocky_roller, alexsmobs:sand_shot, alexsmobs:sea_bear, alexsmobs:seagull, alexsmobs:seal, alexsmobs:shark_tooth_arrow, alexsmobs:shoebill, alexsmobs:skelewag, alexsmobs:skreecher, alexsmobs:skunk, alexsmobs:snow_leopard, alexsmobs:soul_vulture, alexsmobs:spectre, alexsmobs:squid_grapple, alexsmobs:straddleboard, alexsmobs:straddler, alexsmobs:stradpole, alexsmobs:sugar_glider, alexsmobs:sunbird, alexsmobs:tarantula_hawk, alexsmobs:tasmanian_devil, alexsmobs:tendon_segment, alexsmobs:terrapin, alexsmobs:tiger, alexsmobs:tossed_item, alexsmobs:toucan, alexsmobs:triops, alexsmobs:tusklin, alexsmobs:underminer, alexsmobs:vine_lasso, alexsmobs:void_portal, alexsmobs:void_worm, alexsmobs:void_worm_part, alexsmobs:void_worm_shot, alexsmobs:warped_mosco, alexsmobs:warped_toad, allthemodium:piglich, amendments:falling_lantern, another_furniture:seat, apotheosis:broadhead_arrow, apotheosis:explosive_arrow, apotheosis:mining_arrow, apotheosis:obsidian_arrow, apugli:custom_area_effect_cloud, apugli:custom_projectile, ars_nouveau:ally_vex, ars_nouveau:amethyst_golem, ars_nouveau:an_lightning, ars_nouveau:animated_block, ars_nouveau:animated_head, ars_nouveau:arcing_spell_proj, ars_nouveau:blazing_weald_walker, ars_nouveau:bookwyrm, ars_nouveau:cascading_weald_walker, ars_nouveau:cinder, ars_nouveau:drygmy, ars_nouveau:dummy, ars_nouveau:enchanted_falling_block, ars_nouveau:enchanted_head_block, ars_nouveau:enchanted_mage_block, ars_nouveau:familiar_amethyst_golem, ars_nouveau:familiar_bookwyrm, ars_nouveau:familiar_drygmy, ars_nouveau:familiar_starbuncle, ars_nouveau:familiar_whirlisprig, ars_nouveau:familiar_wixie, ars_nouveau:fangs, ars_nouveau:flourishing_weald_walker, ars_nouveau:flying_item, ars_nouveau:follow_proj, ars_nouveau:gift_starby, ars_nouveau:homing_spell_proj, ars_nouveau:ice_shard, ars_nouveau:lily, ars_nouveau:linger, ars_nouveau:orbit, ars_nouveau:ritual, ars_nouveau:scryer_camera, ars_nouveau:spell_arrow, ars_nouveau:spell_proj, ars_nouveau:spike, ars_nouveau:starbuncle, ars_nouveau:summon_horse, ars_nouveau:summon_skeleton, ars_nouveau:summon_wolf, ars_nouveau:vexing_weald_walker, ars_nouveau:wall, ars_nouveau:whirlisprig, ars_nouveau:wilden_boss, ars_nouveau:wilden_guardian, ars_nouveau:wilden_hunter, ars_nouveau:wilden_stalker, ars_nouveau:wixie, biomesoplenty:boat, biomesoplenty:chest_boat, born_in_chaos_v1:baby_skeleton, born_in_chaos_v1:baby_skeleton_minion, born_in_chaos_v1:barrel_zombie, born_in_chaos_v1:bloody_gadfly, born_in_chaos_v1:bone_imp, born_in_chaos_v1:bone_imp_minion, born_in_chaos_v1:bonescaller, born_in_chaos_v1:bonescaller_not_despawn, born_in_chaos_v1:controlled_baby_skeleton, born_in_chaos_v1:controlled_spiritual_assistant, born_in_chaos_v1:corpse_fish, born_in_chaos_v1:corpse_fly, born_in_chaos_v1:dark_vortex, born_in_chaos_v1:decaying_zombie, born_in_chaos_v1:decaying_zombie_not_despawn, born_in_chaos_v1:decrepit_skeleton, born_in_chaos_v1:diamond_termite, born_in_chaos_v1:dire_hound_leader, born_in_chaos_v1:door_knight, born_in_chaos_v1:door_knight_not_despawn, born_in_chaos_v1:dread_hound, born_in_chaos_v1:dread_hound_not_despawn, born_in_chaos_v1:fallen_chaos_knight, born_in_chaos_v1:felsteed, born_in_chaos_v1:firelight, born_in_chaos_v1:firelight_not_despawn, born_in_chaos_v1:glutton_fish, born_in_chaos_v1:infernal_spirit, born_in_chaos_v1:intoxicatind_bomb_projectile, born_in_chaos_v1:lifestealer, born_in_chaos_v1:lifestealer_true_form, born_in_chaos_v1:lord_pumpkinhead, born_in_chaos_v1:lord_pumpkinhead_head, born_in_chaos_v1:lord_pumpkinhead_withouta_horse, born_in_chaos_v1:lord_the_headless, born_in_chaos_v1:lords_felsteed, born_in_chaos_v1:maggot, born_in_chaos_v1:missionary_charge, born_in_chaos_v1:missioner, born_in_chaos_v1:mr_pumpkin, born_in_chaos_v1:mr_pumpkin_controlled, born_in_chaos_v1:nightmare_stalker, born_in_chaos_v1:phantom_bomb_entity, born_in_chaos_v1:phantom_bomb_projectile, born_in_chaos_v1:phantom_creeper, born_in_chaos_v1:phantom_creeper_copy, born_in_chaos_v1:pumpkin_bomb, born_in_chaos_v1:pumpkin_pistol_2_projectile, born_in_chaos_v1:pumpkin_pistol_projectile, born_in_chaos_v1:pumpkin_spirit, born_in_chaos_v1:pumpkin_staff_2_projectile, born_in_chaos_v1:pumpkin_staff_projectile, born_in_chaos_v1:pumpkinhead, born_in_chaos_v1:restless_spirit, born_in_chaos_v1:riding_felsteed, born_in_chaos_v1:riding_lords_felsteed, born_in_chaos_v1:scarlet_persecutor, born_in_chaos_v1:seared_spirit, born_in_chaos_v1:seared_spirit_not_despawn, born_in_chaos_v1:senor_pumpkin, born_in_chaos_v1:siamese_skeletons, born_in_chaos_v1:siamese_skeletonsleft, born_in_chaos_v1:siamese_skeletonsright, born_in_chaos_v1:sir_pumpkinhead, born_in_chaos_v1:sir_pumpkinhead_without_horse, born_in_chaos_v1:sir_the_headless, born_in_chaos_v1:skeleton_demoman, born_in_chaos_v1:skeleton_thrasher, born_in_chaos_v1:skeleton_thrasher_not_despawn, born_in_chaos_v1:spirit_guide, born_in_chaos_v1:spirit_guide_assistant, born_in_chaos_v1:spiritof_chaos, born_in_chaos_v1:staffof_blindness_projectile, born_in_chaos_v1:staffof_magic_arrows_2_projectile, born_in_chaos_v1:staffof_magic_arrows_projectile, born_in_chaos_v1:stimulating_bombprojectile, born_in_chaos_v1:supreme_bonescaller, born_in_chaos_v1:supreme_bonescaller_not_despawn, born_in_chaos_v1:supreme_bonescaller_stage_2, born_in_chaos_v1:swarmer, born_in_chaos_v1:thornshell_crab, born_in_chaos_v1:zombie_bruiser, born_in_chaos_v1:zombie_clown, born_in_chaos_v1:zombie_clown_not_despawn, born_in_chaos_v1:zombie_fisherman, born_in_chaos_v1:zombie_lumberjack, bosses_of_mass_destruction:blue_fireball, bosses_of_mass_destruction:charged_ender_pearl, bosses_of_mass_destruction:comet, bosses_of_mass_destruction:gauntlet, bosses_of_mass_destruction:lich, bosses_of_mass_destruction:obsidilith, bosses_of_mass_destruction:petal_blade, bosses_of_mass_destruction:soul_star, bosses_of_mass_destruction:spore_ball, bosses_of_mass_destruction:void_blossom, cataclysm:abyss_blast, cataclysm:abyss_blast_portal, cataclysm:abyss_mark, cataclysm:abyss_mine, cataclysm:abyss_orb, cataclysm:abyss_portal, cataclysm:amethyst_cluster_projectile, cataclysm:amethyst_crab, cataclysm:ancient_desert_stele, cataclysm:ancient_remnant, cataclysm:ashen_breath, cataclysm:blazing_bone, cataclysm:cm_falling_block, cataclysm:coral_bardiche, cataclysm:coral_golem, cataclysm:coral_spear, cataclysm:coralssus, cataclysm:death_laser_beam, cataclysm:deepling, cataclysm:deepling_angler, cataclysm:deepling_brute, cataclysm:deepling_priest, cataclysm:deepling_warlock, cataclysm:dimensional_rift, cataclysm:earthquake, cataclysm:ender_golem, cataclysm:ender_guardian, cataclysm:ender_guardian_bullet, cataclysm:endermaptera, cataclysm:eye_of_dungeon, cataclysm:flame_strike, cataclysm:hold_attack, cataclysm:ignis, cataclysm:ignis_abyss_fireball, cataclysm:ignis_fireball, cataclysm:ignited_berserker, cataclysm:ignited_revenant, cataclysm:kobolediator, cataclysm:koboleton, cataclysm:laser_beam, cataclysm:lava_bomb, cataclysm:lionfish, cataclysm:lionfish_spike, cataclysm:mini_abyss_blast, cataclysm:modern_remnant, cataclysm:nameless_sorcerer, cataclysm:netherite_monstrosity, cataclysm:phantom_arrow, cataclysm:poison_dart, cataclysm:portal_abyss_blast, cataclysm:sandstorm, cataclysm:sandstorm_projectile, cataclysm:screen_shake, cataclysm:the_baby_leviathan, cataclysm:the_harbinger, cataclysm:the_leviathan, cataclysm:the_leviathan_tongue, cataclysm:the_prowler, cataclysm:the_watcher, cataclysm:tidal_hook, cataclysm:tidal_tentacle, cataclysm:void_howitzer, cataclysm:void_rune, cataclysm:void_scatter_arrow, cataclysm:void_shard, cataclysm:void_vortex, cataclysm:wadjet, cataclysm:wall_watcher, cataclysm:wither_homing_missile, cataclysm:wither_howitzer, cataclysm:wither_missile, cataclysm:wither_smoke_effect, crabbersdelight:crab, create:carriage_contraption, create:contraption, create:crafting_blueprint, create:gantry_contraption, create:potato_projectile, create:seat, create:stationary_contraption, create:super_glue, creeperoverhaul:badlands_creeper, creeperoverhaul:bamboo_creeper, creeperoverhaul:beach_creeper, creeperoverhaul:cave_creeper, creeperoverhaul:dark_oak_creeper, creeperoverhaul:desert_creeper, creeperoverhaul:dripstone_creeper, creeperoverhaul:hills_creeper, creeperoverhaul:jungle_creeper, creeperoverhaul:mushroom_creeper, creeperoverhaul:ocean_creeper, creeperoverhaul:savannah_creeper, creeperoverhaul:snowy_creeper, creeperoverhaul:spruce_creeper, creeperoverhaul:swamp_creeper, dungeons_plus:soul_fireball, dungeons_plus:warped_axe, enhancedai:fishing_hook, enhancedai:thrown_web, farmersdelight:rotten_tomato, friendsandfoes:copper_golem, friendsandfoes:glare, friendsandfoes:ice_chunk, friendsandfoes:iceologer, friendsandfoes:mauler, friendsandfoes:moobloom, friendsandfoes:player_illusion, friendsandfoes:rascal, friendsandfoes:tuff_golem, friendsandfoes:wildfire, goblintraders:goblin_trader, goblintraders:vein_goblin_trader, gravestone:player_ghost, graveyard:acolyte, graveyard:corrupted_pillager, graveyard:corrupted_vindicator, graveyard:falling_corpse, graveyard:ghoul, graveyard:ghouling, graveyard:lich, graveyard:nameless_hanged, graveyard:nightmare, graveyard:reaper, graveyard:revenant, graveyard:skeleton_creeper, graveyard:skull, graveyard:wraith, guardvillagers:guard, illusion_onslaught:blackhole, illusion_onslaught:chaos_explosion, illusion_onslaught:chaos_shockwave, illusion_onslaught:chaos_slash, illusion_onslaught:chaos_totem, illusion_onslaught:chaosbringer, illusion_onslaught:cultoliger, illusion_onslaught:cultoliger_shadows, illusion_onslaught:earth, illusion_onslaught:flail, illusion_onslaught:havocexplosion, illusion_onslaught:havocist, illusion_onslaught:havocist_clone, illusion_onslaught:ice_crystal, illusion_onslaught:illusioner, illusion_onslaught:meteorite, illusion_onslaught:projectile_bubble, illusion_onslaught:projectile_chaosbullet, illusion_onslaught:projectile_chaosbullet_strong, illusion_onslaught:projectile_combustion_beam_projektile, illusion_onslaught:projectile_cursed_skull, illusion_onslaught:projectile_dark_smoke, illusion_onslaught:projectile_earth_projektile, illusion_onslaught:projectile_electricbolt, illusion_onslaught:projectile_flameball, illusion_onslaught:projectile_flamethrower, illusion_onslaught:projectile_heat_ray, illusion_onslaught:projectile_ice_spike, illusion_onslaught:projectile_knockbeam_projektile, illusion_onslaught:projectile_life_ray, illusion_onslaught:projectile_shadowflameball, illusion_onslaught:projectile_spirit_projektile, illusion_onslaught:projectile_water_splash_bolt, illusion_onslaught:projectile_water_wave, illusion_onslaught:projectile_wind, illusion_onslaught:shockwave, illusion_onslaught:spirit, illusion_onslaught:spirit_support, illusion_onslaught:undead_sorcer, insanelib:area_effect_cloud_3d, irons_spellbooks:acid_orb, irons_spellbooks:apothecarist, irons_spellbooks:archevoker, irons_spellbooks:arrow_volley, irons_spellbooks:ball_lightning, irons_spellbooks:black_hole, irons_spellbooks:blood_needle, irons_spellbooks:blood_slash, irons_spellbooks:catacombs_zombie, irons_spellbooks:chain_lightning, irons_spellbooks:citadel_keeper, irons_spellbooks:comet, irons_spellbooks:cone_of_cold, irons_spellbooks:creeper_head, irons_spellbooks:cryomancer, irons_spellbooks:cultist, irons_spellbooks:dead_king, irons_spellbooks:dead_king_corpse, irons_spellbooks:debug_wizard, irons_spellbooks:devour_jaw, irons_spellbooks:dragon_breath, irons_spellbooks:dragon_breath_pool, irons_spellbooks:earthquake_aoe, irons_spellbooks:echoing_strike, irons_spellbooks:eldritch_blast, irons_spellbooks:electrocute, irons_spellbooks:fire_breath, irons_spellbooks:fire_field, irons_spellbooks:fireball, irons_spellbooks:firebolt, irons_spellbooks:firefly_swarm, irons_spellbooks:flame_strike, irons_spellbooks:frozen_humanoid, irons_spellbooks:guiding_bolt, irons_spellbooks:gust, irons_spellbooks:healing_aoe, irons_spellbooks:ice_block_projectile, irons_spellbooks:icicle, irons_spellbooks:lightning_lance, irons_spellbooks:lightning_strike, irons_spellbooks:magehunter_vindicator, irons_spellbooks:magic_arrow, irons_spellbooks:magic_missile, irons_spellbooks:magma_ball, irons_spellbooks:necromancer, irons_spellbooks:poison_arrow, irons_spellbooks:poison_breath, irons_spellbooks:poison_cloud, irons_spellbooks:poison_splash, irons_spellbooks:portal, irons_spellbooks:priest, irons_spellbooks:pyromancer, irons_spellbooks:ray_of_frost, irons_spellbooks:root, irons_spellbooks:sculk_tentacle, irons_spellbooks:shield, irons_spellbooks:small_fireball, irons_spellbooks:small_magic_arrow, irons_spellbooks:spectral_hammer, irons_spellbooks:spectral_steed, irons_spellbooks:stomp_aoe, irons_spellbooks:summoned_polar_bear, irons_spellbooks:summoned_skeleton, irons_spellbooks:summoned_vex, irons_spellbooks:summoned_zombie, irons_spellbooks:sunbeam, irons_spellbooks:target_area, irons_spellbooks:visual_falling_block, irons_spellbooks:wall_of_fire, irons_spellbooks:wisp, irons_spellbooks:wither_skull, iter_rpg:air_elemental, iter_rpg:arcane_blast, iter_rpg:arcane_bolt, iter_rpg:aura_boulder, iter_rpg:aura_mobspawn, iter_rpg:aura_soulfire, iter_rpg:aura_tearburst, iter_rpg:bloated, iter_rpg:blob, iter_rpg:bonb_projectile, iter_rpg:caltrop_thrown, iter_rpg:carcass, iter_rpg:chain_handle, iter_rpg:chaos_apparition, iter_rpg:debug_mobmorph, iter_rpg:demonblood_projectile, iter_rpg:demonspine, iter_rpg:droplet_projectile_projectile, iter_rpg:dwarf, iter_rpg:earth_boulder, iter_rpg:earth_elemental, iter_rpg:ember_proj, iter_rpg:event_spawn, iter_rpg:fiend, iter_rpg:fire_elemental, iter_rpg:fireball_projectile_projectile, iter_rpg:flamebolt, iter_rpg:forest_vines, iter_rpg:giant_spider, iter_rpg:goblin, iter_rpg:goblin_warrior, iter_rpg:griever, iter_rpg:grim_boulder, iter_rpg:grimace, iter_rpg:grimhook, iter_rpg:harvest_spiral, iter_rpg:hobgoblin, iter_rpg:homing_bubble, iter_rpg:homing_tear, iter_rpg:insatiable, iter_rpg:javelin_projectile, iter_rpg:marrow_projectile, iter_rpg:mournstone, iter_rpg:mudkin, iter_rpg:peeper, iter_rpg:revenant, iter_rpg:scab, iter_rpg:scallop, iter_rpg:sea_arrow, iter_rpg:small_scallop, iter_rpg:solsphere, iter_rpg:sorrowsealed, iter_rpg:spiderling, iter_rpg:unbound_soul, iter_rpg:void_elemental, iter_rpg:void_portal, iter_rpg:water_elemental, iter_rpg:weeper, iter_rpg:windswirl, legendary_monsters:ambusher, legendary_monsters:ancient_guardian, legendary_monsters:bomb, legendary_monsters:bomber, legendary_monsters:camera_shake, legendary_monsters:chorus_bomb, legendary_monsters:chorusling, legendary_monsters:cloud_golem, legendary_monsters:dark_cloud_golem, legendary_monsters:dune_sentinel, legendary_monsters:endersent, legendary_monsters:falling_cloud, legendary_monsters:falling_cloud_small, legendary_monsters:fire_breath, legendary_monsters:fire_pillar, legendary_monsters:frostbitten_golem, legendary_monsters:golden_halbert, legendary_monsters:guard, legendary_monsters:haunted_guard, legendary_monsters:haunted_knight, legendary_monsters:ice_spike, legendary_monsters:knights_armor, legendary_monsters:lava_eater, legendary_monsters:lm_falling_block, legendary_monsters:mossy_golem, legendary_monsters:overgrown_colossus, legendary_monsters:poison_shockwave, legendary_monsters:poison_shockwave_spawner, legendary_monsters:posessed_paladin, legendary_monsters:shockwave, legendary_monsters:shockwave_spawner, legendary_monsters:shulker_mimic, legendary_monsters:skeletosaurus, legendary_monsters:skeloraptor, legendary_monsters:soul_strike, legendary_monsters:spear, legendary_monsters:spiky_bug, legendary_monsters:warped_fungussus, legendary_monsters:withered_abomination, majruszsdifficulty:cerberus, majruszsdifficulty:creeperling, majruszsdifficulty:cursed_armor, majruszsdifficulty:giant, majruszsdifficulty:illusioner, majruszsdifficulty:tank, medievalorigins:summon_skeleton, medievalorigins:summon_wither_skeleton, medievalorigins:summon_zombie, minecraft:allay, minecraft:area_effect_cloud, minecraft:armor_stand, minecraft:arrow, minecraft:axolotl, minecraft:bat, minecraft:bee, minecraft:blaze, minecraft:block_display, minecraft:boat, minecraft:camel, minecraft:cat, minecraft:cave_spider, minecraft:chest_boat, minecraft:chest_minecart, minecraft:chicken, minecraft:cod, minecraft:command_block_minecart, minecraft:cow, minecraft:creeper, minecraft:dolphin, minecraft:donkey, minecraft:dragon_fireball, minecraft:drowned, minecraft:egg, minecraft:elder_guardian, minecraft:end_crystal, minecraft:ender_dragon, minecraft:ender_pearl, minecraft:enderman, minecraft:endermite, minecraft:evoker, minecraft:evoker_fangs, minecraft:experience_bottle, minecraft:experience_orb, minecraft:eye_of_ender, minecraft:falling_block, minecraft:fireball, minecraft:firework_rocket, minecraft:fishing_bobber, minecraft:fox, minecraft:frog, minecraft:furnace_minecart, minecraft:ghast, minecraft:giant, minecraft:glow_item_frame, minecraft:glow_squid, minecraft:goat, minecraft:guardian, minecraft:hoglin, minecraft:hopper_minecart, minecraft:horse, minecraft:husk, minecraft:illusioner, minecraft:interaction, minecraft:iron_golem, minecraft:item, minecraft:item_display, minecraft:item_frame, minecraft:leash_knot, minecraft:lightning_bolt, minecraft:llama, minecraft:llama_spit, minecraft:magma_cube, minecraft:marker, minecraft:minecart, minecraft:mooshroom, minecraft:mule, minecraft:ocelot, minecraft:painting, minecraft:panda, minecraft:parrot, minecraft:phantom, minecraft:pig, minecraft:piglin, minecraft:piglin_brute, minecraft:pillager, minecraft:player, minecraft:polar_bear, minecraft:potion, minecraft:pufferfish, minecraft:rabbit, minecraft:ravager, minecraft:salmon, minecraft:sheep, minecraft:shulker, minecraft:shulker_bullet, minecraft:silverfish, minecraft:skeleton, minecraft:skeleton_horse, minecraft:slime, minecraft:small_fireball, minecraft:sniffer, minecraft:snow_golem, minecraft:snowball, minecraft:spawner_minecart, minecraft:spectral_arrow, minecraft:spider, minecraft:squid, minecraft:stray, minecraft:strider, minecraft:tadpole, minecraft:text_display, minecraft:tnt, minecraft:tnt_minecart, minecraft:trader_llama, minecraft:trident, minecraft:tropical_fish, minecraft:turtle, minecraft:vex, minecraft:villager, minecraft:vindicator, minecraft:wandering_trader, minecraft:warden, minecraft:witch, minecraft:wither, minecraft:wither_skeleton, minecraft:wither_skull, minecraft:wolf, minecraft:zoglin, minecraft:zombie, minecraft:zombie_horse, minecraft:zombie_villager, minecraft:zombified_piglin, mowziesmobs:axe_attack, mowziesmobs:baby_foliaath, mowziesmobs:block_swapper, mowziesmobs:block_swapper_tunneling, mowziesmobs:bluff, mowziesmobs:boulder_platform, mowziesmobs:boulder_platform_crumbling, mowziesmobs:boulder_projectile, mowziesmobs:camera_shake, mowziesmobs:dart, mowziesmobs:earth_spike, mowziesmobs:falling_block, mowziesmobs:ferrous_wroughtnaut, mowziesmobs:fissure, mowziesmobs:fissure_piece, mowziesmobs:foliaath, mowziesmobs:frostmaw, mowziesmobs:frozen_controller, mowziesmobs:grottol, mowziesmobs:ice_ball, mowziesmobs:ice_breath, mowziesmobs:lantern, mowziesmobs:naga, mowziesmobs:pillar, mowziesmobs:pillar_piece, mowziesmobs:pillar_sculptor, mowziesmobs:poison_ball, mowziesmobs:rock_sling, mowziesmobs:sculptor, mowziesmobs:solar_beam, mowziesmobs:sunstrike, mowziesmobs:super_nova, mowziesmobs:umvuthana, mowziesmobs:umvuthana_crane, mowziesmobs:umvuthana_crane_player, mowziesmobs:umvuthana_follower_player, mowziesmobs:umvuthana_follower_raptor, mowziesmobs:umvuthana_raptor, mowziesmobs:umvuthi, origins:enderian_pearl, quark:crab, quark:dyed_item_frame, quark:flamerang, quark:forgotten, quark:foxhound, quark:glass_frame, quark:gravisand, quark:parrot_egg, quark:pickarang, quark:quark_boat, quark:quark_chest_boat, quark:shiba, quark:skull_pike, quark:soul_bead, quark:stoneling, quark:stool, quark:torch_arrow, quark:toretoise, quark:totem, quark:wraith, realmrpg_quests:angler, realmrpg_quests:cook, realmrpg_quests:headless_skeleton, realmrpg_quests:monster_hunter, realmrpg_quests:piglin_gambler, realmrpg_quests:trigger_zone_old_hut, refurbished_furniture:seat, sandworm_mod:worm_chain, sandworm_mod:worm_head_segment, sandworm_mod:worm_segment, simplyswords:battlestandard, simplyswords:battlestandarddark, simplyswords:simplybeeentity, sophisticatedbackpacks:everlasting_backpack_item, stalwart_dungeons:awful_ghast, stalwart_dungeons:giddy_blaze, stalwart_dungeons:incomplete_wither, stalwart_dungeons:nether_keeper, stalwart_dungeons:nether_wart_cocoon, stalwart_dungeons:projectile_awful_dungeon_spawner, stalwart_dungeons:projectile_awful_gun, stalwart_dungeons:projectile_cannon_pr, stalwart_dungeons:projectile_chorundum_shield, stalwart_dungeons:projectile_end_dungeon_spawner, stalwart_dungeons:projectile_keeping_castle_spawner, stalwart_dungeons:projectile_levitation_projectile, stalwart_dungeons:projectile_spore_bottle, stalwart_dungeons:projectile_tungsten_shield, stalwart_dungeons:projectile_warted_tungsten_shield, stalwart_dungeons:propulk, stalwart_dungeons:reinforced_blaze, stalwart_dungeons:shelterer, stalwart_dungeons:shelterer_without_armor, stalwart_dungeons:shulker_cannon, stalwart_dungeons:spore_projectile, supplementaries:bomb, supplementaries:brick_projectile, supplementaries:dispenser_minecart, supplementaries:falling_ash, supplementaries:falling_sack, supplementaries:falling_urn, supplementaries:hat_stand, supplementaries:pearl_marker, supplementaries:red_merchant, supplementaries:rope_arrow, supplementaries:slingshot_projectile, toomanyorigins:fireball_area_effect_cloud, toomanyorigins:small_dragon_fireball, undead_revamp2:acidsack_projectile, undead_revamp2:arapoholiaspray_projectile, undead_revamp2:axestrom, undead_revamp2:bigsucker, undead_revamp2:bomber, undead_revamp2:boulderthrow_projectile, undead_revamp2:clogger, undead_revamp2:coppertar, undead_revamp2:crackleball, undead_revamp2:deadclogger, undead_revamp2:f_iresack_projectile, undead_revamp2:flame, undead_revamp2:honniethrow_projectile, undead_revamp2:invisiblebidy, undead_revamp2:invisiclogger, undead_revamp2:invisiimmortal, undead_revamp2:neocrorines, undead_revamp2:pregnantnecc_projectile, undead_revamp2:propball_1, undead_revamp2:queenbeeperfume_projectile, undead_revamp2:skeeperthrowprojectile, undead_revamp2:slaveman, undead_revamp2:sleepsmokebomb, undead_revamp2:smokesmitter, undead_revamp2:spitternecc_projectile, undead_revamp2:sucker, undead_revamp2:the_moonflower, undead_revamp2:thebeartamer, undead_revamp2:thebidy, undead_revamp2:thebidyupside, undead_revamp2:thedungeon, undead_revamp2:thegliter, undead_revamp2:theheavy, undead_revamp2:thehorrors, undead_revamp2:thehorrorsdecoys, undead_revamp2:thehunter, undead_revamp2:theimmortal, undead_revamp2:thelurker, undead_revamp2:theordure, undead_revamp2:thepregnant, undead_revamp2:therod, undead_revamp2:theskeeper, undead_revamp2:thesmoker, undead_revamp2:thesomnolence, undead_revamp2:thespectre, undead_revamp2:thespitter, undead_revamp2:theswarmer, undead_revamp2:thewolf, undead_revamp2:windtext_projectile, undead_revamp2:witherball, valhelsia_furniture:seat, witherstormmod:block_cluster, witherstormmod:blue_flaming_wither_skull, witherstormmod:command_block, witherstormmod:flaming_wither_skull, witherstormmod:formidibomb, witherstormmod:sickened_bee, witherstormmod:sickened_cat, witherstormmod:sickened_chicken, witherstormmod:sickened_cow, witherstormmod:sickened_creeper, witherstormmod:sickened_iron_golem, witherstormmod:sickened_mushroom_cow, witherstormmod:sickened_parrot, witherstormmod:sickened_phantom, witherstormmod:sickened_pig, witherstormmod:sickened_pillager, witherstormmod:sickened_skeleton, witherstormmod:sickened_snow_golem, witherstormmod:sickened_spider, witherstormmod:sickened_villager, witherstormmod:sickened_vindicator, witherstormmod:sickened_wolf, witherstormmod:sickened_zombie, witherstormmod:super_tnt, witherstormmod:tainted_slime, witherstormmod:tentacle, witherstormmod:tentacle_spike, witherstormmod:wither_storm, witherstormmod:wither_storm_head, witherstormmod:wither_storm_segment, witherstormmod:withered_symbiont, zombieawareness:scent
[19Oct2025 17:23:59.837] [main/ERROR] [net.minecraft.server.ServerAdvancementManager/]: Parsing error loading custom advancement souls_like_bosses:killed_rubeus: Unknown entity type 'whisperwoods:hidebehind', valid types are: alexsmobs:alligator_snapping_turtle, alexsmobs:anaconda, alexsmobs:anaconda_part, alexsmobs:anteater, alexsmobs:bald_eagle, alexsmobs:banana_slug, alexsmobs:bison, alexsmobs:blobfish, alexsmobs:blue_jay, alexsmobs:bone_serpent, alexsmobs:bone_serpent_part, alexsmobs:bunfungus, alexsmobs:cachalot_echo, alexsmobs:cachalot_whale, alexsmobs:caiman, alexsmobs:capuchin_monkey, alexsmobs:catfish, alexsmobs:centipede_body, alexsmobs:centipede_head, alexsmobs:centipede_tail, alexsmobs:cockroach, alexsmobs:cockroach_egg, alexsmobs:comb_jelly, alexsmobs:cosmaw, alexsmobs:cosmic_cod, alexsmobs:crimson_mosquito, alexsmobs:crocodile, alexsmobs:crow, alexsmobs:devils_hole_pupfish, alexsmobs:dropbear, alexsmobs:elephant, alexsmobs:emu, alexsmobs:emu_egg, alexsmobs:endergrade, alexsmobs:enderiophage, alexsmobs:enderiophage_rocket, alexsmobs:farseer, alexsmobs:fart, alexsmobs:flutter, alexsmobs:fly, alexsmobs:flying_fish, alexsmobs:frilled_shark, alexsmobs:froststalker, alexsmobs:gazelle, alexsmobs:gelada_monkey, alexsmobs:giant_squid, alexsmobs:gorilla, alexsmobs:grizzly_bear, alexsmobs:gust, alexsmobs:guster, alexsmobs:hammerhead_shark, alexsmobs:hemolymph, alexsmobs:hummingbird, alexsmobs:ice_shard, alexsmobs:jerboa, alexsmobs:kangaroo, alexsmobs:komodo_dragon, alexsmobs:laviathan, alexsmobs:leafcutter_ant, alexsmobs:lobster, alexsmobs:maned_wolf, alexsmobs:mantis_shrimp, alexsmobs:mimic_octopus, alexsmobs:mimicube, alexsmobs:moose, alexsmobs:mosquito_spit, alexsmobs:mud_ball, alexsmobs:mudskipper, alexsmobs:mungus, alexsmobs:murmur, alexsmobs:murmur_head, alexsmobs:orca, alexsmobs:platypus, alexsmobs:pollen_ball, alexsmobs:potoo, alexsmobs:raccoon, alexsmobs:rain_frog, alexsmobs:rattlesnake, alexsmobs:rhinoceros, alexsmobs:roadrunner, alexsmobs:rocky_roller, alexsmobs:sand_shot, alexsmobs:sea_bear, alexsmobs:seagull, alexsmobs:seal, alexsmobs:shark_tooth_arrow, alexsmobs:shoebill, alexsmobs:skelewag, alexsmobs:skreecher, alexsmobs:skunk, alexsmobs:snow_leopard, alexsmobs:soul_vulture, alexsmobs:spectre, alexsmobs:squid_grapple, alexsmobs:straddleboard, alexsmobs:straddler, alexsmobs:stradpole, alexsmobs:sugar_glider, alexsmobs:sunbird, alexsmobs:tarantula_hawk, alexsmobs:tasmanian_devil, alexsmobs:tendon_segment, alexsmobs:terrapin, alexsmobs:tiger, alexsmobs:tossed_item, alexsmobs:toucan, alexsmobs:triops, alexsmobs:tusklin, alexsmobs:underminer, alexsmobs:vine_lasso, alexsmobs:void_portal, alexsmobs:void_worm, alexsmobs:void_worm_part, alexsmobs:void_worm_shot, alexsmobs:warped_mosco, alexsmobs:warped_toad, allthemodium:piglich, amendments:falling_lantern, another_furniture:seat, apotheosis:broadhead_arrow, apotheosis:explosive_arrow, apotheosis:mining_arrow, apotheosis:obsidian_arrow, apugli:custom_area_effect_cloud, apugli:custom_projectile, ars_nouveau:ally_vex, ars_nouveau:amethyst_golem, ars_nouveau:an_lightning, ars_nouveau:animated_block, ars_nouveau:animated_head, ars_nouveau:arcing_spell_proj, ars_nouveau:blazing_weald_walker, ars_nouveau:bookwyrm, ars_nouveau:cascading_weald_walker, ars_nouveau:cinder, ars_nouveau:drygmy, ars_nouveau:dummy, ars_nouveau:enchanted_falling_block, ars_nouveau:enchanted_head_block, ars_nouveau:enchanted_mage_block, ars_nouveau:familiar_amethyst_golem, ars_nouveau:familiar_bookwyrm, ars_nouveau:familiar_drygmy, ars_nouveau:familiar_starbuncle, ars_nouveau:familiar_whirlisprig, ars_nouveau:familiar_wixie, ars_nouveau:fangs, ars_nouveau:flourishing_weald_walker, ars_nouveau:flying_item, ars_nouveau:follow_proj, ars_nouveau:gift_starby, ars_nouveau:homing_spell_proj, ars_nouveau:ice_shard, ars_nouveau:lily, ars_nouveau:linger, ars_nouveau:orbit, ars_nouveau:ritual, ars_nouveau:scryer_camera, ars_nouveau:spell_arrow, ars_nouveau:spell_proj, ars_nouveau:spike, ars_nouveau:starbuncle, ars_nouveau:summon_horse, ars_nouveau:summon_skeleton, ars_nouveau:summon_wolf, ars_nouveau:vexing_weald_walker, ars_nouveau:wall, ars_nouveau:whirlisprig, ars_nouveau:wilden_boss, ars_nouveau:wilden_guardian, ars_nouveau:wilden_hunter, ars_nouveau:wilden_stalker, ars_nouveau:wixie, biomesoplenty:boat, biomesoplenty:chest_boat, born_in_chaos_v1:baby_skeleton, born_in_chaos_v1:baby_skeleton_minion, born_in_chaos_v1:barrel_zombie, born_in_chaos_v1:bloody_gadfly, born_in_chaos_v1:bone_imp, born_in_chaos_v1:bone_imp_minion, born_in_chaos_v1:bonescaller, born_in_chaos_v1:bonescaller_not_despawn, born_in_chaos_v1:controlled_baby_skeleton, born_in_chaos_v1:controlled_spiritual_assistant, born_in_chaos_v1:corpse_fish, born_in_chaos_v1:corpse_fly, born_in_chaos_v1:dark_vortex, born_in_chaos_v1:decaying_zombie, born_in_chaos_v1:decaying_zombie_not_despawn, born_in_chaos_v1:decrepit_skeleton, born_in_chaos_v1:diamond_termite, born_in_chaos_v1:dire_hound_leader, born_in_chaos_v1:door_knight, born_in_chaos_v1:door_knight_not_despawn, born_in_chaos_v1:dread_hound, born_in_chaos_v1:dread_hound_not_despawn, born_in_chaos_v1:fallen_chaos_knight, born_in_chaos_v1:felsteed, born_in_chaos_v1:firelight, born_in_chaos_v1:firelight_not_despawn, born_in_chaos_v1:glutton_fish, born_in_chaos_v1:infernal_spirit, born_in_chaos_v1:intoxicatind_bomb_projectile, born_in_chaos_v1:lifestealer, born_in_chaos_v1:lifestealer_true_form, born_in_chaos_v1:lord_pumpkinhead, born_in_chaos_v1:lord_pumpkinhead_head, born_in_chaos_v1:lord_pumpkinhead_withouta_horse, born_in_chaos_v1:lord_the_headless, born_in_chaos_v1:lords_felsteed, born_in_chaos_v1:maggot, born_in_chaos_v1:missionary_charge, born_in_chaos_v1:missioner, born_in_chaos_v1:mr_pumpkin, born_in_chaos_v1:mr_pumpkin_controlled, born_in_chaos_v1:nightmare_stalker, born_in_chaos_v1:phantom_bomb_entity, born_in_chaos_v1:phantom_bomb_projectile, born_in_chaos_v1:phantom_creeper, born_in_chaos_v1:phantom_creeper_copy, born_in_chaos_v1:pumpkin_bomb, born_in_chaos_v1:pumpkin_pistol_2_projectile, born_in_chaos_v1:pumpkin_pistol_projectile, born_in_chaos_v1:pumpkin_spirit, born_in_chaos_v1:pumpkin_staff_2_projectile, born_in_chaos_v1:pumpkin_staff_projectile, born_in_chaos_v1:pumpkinhead, born_in_chaos_v1:restless_spirit, born_in_chaos_v1:riding_felsteed, born_in_chaos_v1:riding_lords_felsteed, born_in_chaos_v1:scarlet_persecutor, born_in_chaos_v1:seared_spirit, born_in_chaos_v1:seared_spirit_not_despawn, born_in_chaos_v1:senor_pumpkin, born_in_chaos_v1:siamese_skeletons, born_in_chaos_v1:siamese_skeletonsleft, born_in_chaos_v1:siamese_skeletonsright, born_in_chaos_v1:sir_pumpkinhead, born_in_chaos_v1:sir_pumpkinhead_without_horse, born_in_chaos_v1:sir_the_headless, born_in_chaos_v1:skeleton_demoman, born_in_chaos_v1:skeleton_thrasher, born_in_chaos_v1:skeleton_thrasher_not_despawn, born_in_chaos_v1:spirit_guide, born_in_chaos_v1:spirit_guide_assistant, born_in_chaos_v1:spiritof_chaos, born_in_chaos_v1:staffof_blindness_projectile, born_in_chaos_v1:staffof_magic_arrows_2_projectile, born_in_chaos_v1:staffof_magic_arrows_projectile, born_in_chaos_v1:stimulating_bombprojectile, born_in_chaos_v1:supreme_bonescaller, born_in_chaos_v1:supreme_bonescaller_not_despawn, born_in_chaos_v1:supreme_bonescaller_stage_2, born_in_chaos_v1:swarmer, born_in_chaos_v1:thornshell_crab, born_in_chaos_v1:zombie_bruiser, born_in_chaos_v1:zombie_clown, born_in_chaos_v1:zombie_clown_not_despawn, born_in_chaos_v1:zombie_fisherman, born_in_chaos_v1:zombie_lumberjack, bosses_of_mass_destruction:blue_fireball, bosses_of_mass_destruction:charged_ender_pearl, bosses_of_mass_destruction:comet, bosses_of_mass_destruction:gauntlet, bosses_of_mass_destruction:lich, bosses_of_mass_destruction:obsidilith, bosses_of_mass_destruction:petal_blade, bosses_of_mass_destruction:soul_star, bosses_of_mass_destruction:spore_ball, bosses_of_mass_destruction:void_blossom, cataclysm:abyss_blast, cataclysm:abyss_blast_portal, cataclysm:abyss_mark, cataclysm:abyss_mine, cataclysm:abyss_orb, cataclysm:abyss_portal, cataclysm:amethyst_cluster_projectile, cataclysm:amethyst_crab, cataclysm:ancient_desert_stele, cataclysm:ancient_remnant, cataclysm:ashen_breath, cataclysm:blazing_bone, cataclysm:cm_falling_block, cataclysm:coral_bardiche, cataclysm:coral_golem, cataclysm:coral_spear, cataclysm:coralssus, cataclysm:death_laser_beam, cataclysm:deepling, cataclysm:deepling_angler, cataclysm:deepling_brute, cataclysm:deepling_priest, cataclysm:deepling_warlock, cataclysm:dimensional_rift, cataclysm:earthquake, cataclysm:ender_golem, cataclysm:ender_guardian, cataclysm:ender_guardian_bullet, cataclysm:endermaptera, cataclysm:eye_of_dungeon, cataclysm:flame_strike, cataclysm:hold_attack, cataclysm:ignis, cataclysm:ignis_abyss_fireball, cataclysm:ignis_fireball, cataclysm:ignited_berserker, cataclysm:ignited_revenant, cataclysm:kobolediator, cataclysm:koboleton, cataclysm:laser_beam, cataclysm:lava_bomb, cataclysm:lionfish, cataclysm:lionfish_spike, cataclysm:mini_abyss_blast, cataclysm:modern_remnant, cataclysm:nameless_sorcerer, cataclysm:netherite_monstrosity, cataclysm:phantom_arrow, cataclysm:poison_dart, cataclysm:portal_abyss_blast, cataclysm:sandstorm, cataclysm:sandstorm_projectile, cataclysm:screen_shake, cataclysm:the_baby_leviathan, cataclysm:the_harbinger, cataclysm:the_leviathan, cataclysm:the_leviathan_tongue, cataclysm:the_prowler, cataclysm:the_watcher, cataclysm:tidal_hook, cataclysm:tidal_tentacle, cataclysm:void_howitzer, cataclysm:void_rune, cataclysm:void_scatter_arrow, cataclysm:void_shard, cataclysm:void_vortex, cataclysm:wadjet, cataclysm:wall_watcher, cataclysm:wither_homing_missile, cataclysm:wither_howitzer, cataclysm:wither_missile, cataclysm:wither_smoke_effect, crabbersdelight:crab, create:carriage_contraption, create:contraption, create:crafting_blueprint, create:gantry_contraption, create:potato_projectile, create:seat, create:stationary_contraption, create:super_glue, creeperoverhaul:badlands_creeper, creeperoverhaul:bamboo_creeper, creeperoverhaul:beach_creeper, creeperoverhaul:cave_creeper, creeperoverhaul:dark_oak_creeper, creeperoverhaul:desert_creeper, creeperoverhaul:dripstone_creeper, creeperoverhaul:hills_creeper, creeperoverhaul:jungle_creeper, creeperoverhaul:mushroom_creeper, creeperoverhaul:ocean_creeper, creeperoverhaul:savannah_creeper, creeperoverhaul:snowy_creeper, creeperoverhaul:spruce_creeper, creeperoverhaul:swamp_creeper, dungeons_plus:soul_fireball, dungeons_plus:warped_axe, enhancedai:fishing_hook, enhancedai:thrown_web, farmersdelight:rotten_tomato, friendsandfoes:copper_golem, friendsandfoes:glare, friendsandfoes:ice_chunk, friendsandfoes:iceologer, friendsandfoes:mauler, friendsandfoes:moobloom, friendsandfoes:player_illusion, friendsandfoes:rascal, friendsandfoes:tuff_golem, friendsandfoes:wildfire, goblintraders:goblin_trader, goblintraders:vein_goblin_trader, gravestone:player_ghost, graveyard:acolyte, graveyard:corrupted_pillager, graveyard:corrupted_vindicator, graveyard:falling_corpse, graveyard:ghoul, graveyard:ghouling, graveyard:lich, graveyard:nameless_hanged, graveyard:nightmare, graveyard:reaper, graveyard:revenant, graveyard:skeleton_creeper, graveyard:skull, graveyard:wraith, guardvillagers:guard, illusion_onslaught:blackhole, illusion_onslaught:chaos_explosion, illusion_onslaught:chaos_shockwave, illusion_onslaught:chaos_slash, illusion_onslaught:chaos_totem, illusion_onslaught:chaosbringer, illusion_onslaught:cultoliger, illusion_onslaught:cultoliger_shadows, illusion_onslaught:earth, illusion_onslaught:flail, illusion_onslaught:havocexplosion, illusion_onslaught:havocist, illusion_onslaught:havocist_clone, illusion_onslaught:ice_crystal, illusion_onslaught:illusioner, illusion_onslaught:meteorite, illusion_onslaught:projectile_bubble, illusion_onslaught:projectile_chaosbullet, illusion_onslaught:projectile_chaosbullet_strong, illusion_onslaught:projectile_combustion_beam_projektile, illusion_onslaught:projectile_cursed_skull, illusion_onslaught:projectile_dark_smoke, illusion_onslaught:projectile_earth_projektile, illusion_onslaught:projectile_electricbolt, illusion_onslaught:projectile_flameball, illusion_onslaught:projectile_flamethrower, illusion_onslaught:projectile_heat_ray, illusion_onslaught:projectile_ice_spike, illusion_onslaught:projectile_knockbeam_projektile, illusion_onslaught:projectile_life_ray, illusion_onslaught:projectile_shadowflameball, illusion_onslaught:projectile_spirit_projektile, illusion_onslaught:projectile_water_splash_bolt, illusion_onslaught:projectile_water_wave, illusion_onslaught:projectile_wind, illusion_onslaught:shockwave, illusion_onslaught:spirit, illusion_onslaught:spirit_support, illusion_onslaught:undead_sorcer, insanelib:area_effect_cloud_3d, irons_spellbooks:acid_orb, irons_spellbooks:apothecarist, irons_spellbooks:archevoker, irons_spellbooks:arrow_volley, irons_spellbooks:ball_lightning, irons_spellbooks:black_hole, irons_spellbooks:blood_needle, irons_spellbooks:blood_slash, irons_spellbooks:catacombs_zombie, irons_spellbooks:chain_lightning, irons_spellbooks:citadel_keeper, irons_spellbooks:comet, irons_spellbooks:cone_of_cold, irons_spellbooks:creeper_head, irons_spellbooks:cryomancer, irons_spellbooks:cultist, irons_spellbooks:dead_king, irons_spellbooks:dead_king_corpse, irons_spellbooks:debug_wizard, irons_spellbooks:devour_jaw, irons_spellbooks:dragon_breath, irons_spellbooks:dragon_breath_pool, irons_spellbooks:earthquake_aoe, irons_spellbooks:echoing_strike, irons_spellbooks:eldritch_blast, irons_spellbooks:electrocute, irons_spellbooks:fire_breath, irons_spellbooks:fire_field, irons_spellbooks:fireball, irons_spellbooks:firebolt, irons_spellbooks:firefly_swarm, irons_spellbooks:flame_strike, irons_spellbooks:frozen_humanoid, irons_spellbooks:guiding_bolt, irons_spellbooks:gust, irons_spellbooks:healing_aoe, irons_spellbooks:ice_block_projectile, irons_spellbooks:icicle, irons_spellbooks:lightning_lance, irons_spellbooks:lightning_strike, irons_spellbooks:magehunter_vindicator, irons_spellbooks:magic_arrow, irons_spellbooks:magic_missile, irons_spellbooks:magma_ball, irons_spellbooks:necromancer, irons_spellbooks:poison_arrow, irons_spellbooks:poison_breath, irons_spellbooks:poison_cloud, irons_spellbooks:poison_splash, irons_spellbooks:portal, irons_spellbooks:priest, irons_spellbooks:pyromancer, irons_spellbooks:ray_of_frost, irons_spellbooks:root, irons_spellbooks:sculk_tentacle, irons_spellbooks:shield, irons_spellbooks:small_fireball, irons_spellbooks:small_magic_arrow, irons_spellbooks:spectral_hammer, irons_spellbooks:spectral_steed, irons_spellbooks:stomp_aoe, irons_spellbooks:summoned_polar_bear, irons_spellbooks:summoned_skeleton, irons_spellbooks:summoned_vex, irons_spellbooks:summoned_zombie, irons_spellbooks:sunbeam, irons_spellbooks:target_area, irons_spellbooks:visual_falling_block, irons_spellbooks:wall_of_fire, irons_spellbooks:wisp, irons_spellbooks:wither_skull, iter_rpg:air_elemental, iter_rpg:arcane_blast, iter_rpg:arcane_bolt, iter_rpg:aura_boulder, iter_rpg:aura_mobspawn, iter_rpg:aura_soulfire, iter_rpg:aura_tearburst, iter_rpg:bloated, iter_rpg:blob, iter_rpg:bonb_projectile, iter_rpg:caltrop_thrown, iter_rpg:carcass, iter_rpg:chain_handle, iter_rpg:chaos_apparition, iter_rpg:debug_mobmorph, iter_rpg:demonblood_projectile, iter_rpg:demonspine, iter_rpg:droplet_projectile_projectile, iter_rpg:dwarf, iter_rpg:earth_boulder, iter_rpg:earth_elemental, iter_rpg:ember_proj, iter_rpg:event_spawn, iter_rpg:fiend, iter_rpg:fire_elemental, iter_rpg:fireball_projectile_projectile, iter_rpg:flamebolt, iter_rpg:forest_vines, iter_rpg:giant_spider, iter_rpg:goblin, iter_rpg:goblin_warrior, iter_rpg:griever, iter_rpg:grim_boulder, iter_rpg:grimace, iter_rpg:grimhook, iter_rpg:harvest_spiral, iter_rpg:hobgoblin, iter_rpg:homing_bubble, iter_rpg:homing_tear, iter_rpg:insatiable, iter_rpg:javelin_projectile, iter_rpg:marrow_projectile, iter_rpg:mournstone, iter_rpg:mudkin, iter_rpg:peeper, iter_rpg:revenant, iter_rpg:scab, iter_rpg:scallop, iter_rpg:sea_arrow, iter_rpg:small_scallop, iter_rpg:solsphere, iter_rpg:sorrowsealed, iter_rpg:spiderling, iter_rpg:unbound_soul, iter_rpg:void_elemental, iter_rpg:void_portal, iter_rpg:water_elemental, iter_rpg:weeper, iter_rpg:windswirl, legendary_monsters:ambusher, legendary_monsters:ancient_guardian, legendary_monsters:bomb, legendary_monsters:bomber, legendary_monsters:camera_shake, legendary_monsters:chorus_bomb, legendary_monsters:chorusling, legendary_monsters:cloud_golem, legendary_monsters:dark_cloud_golem, legendary_monsters:dune_sentinel, legendary_monsters:endersent, legendary_monsters:falling_cloud, legendary_monsters:falling_cloud_small, legendary_monsters:fire_breath, legendary_monsters:fire_pillar, legendary_monsters:frostbitten_golem, legendary_monsters:golden_halbert, legendary_monsters:guard, legendary_monsters:haunted_guard, legendary_monsters:haunted_knight, legendary_monsters:ice_spike, legendary_monsters:knights_armor, legendary_monsters:lava_eater, legendary_monsters:lm_falling_block, legendary_monsters:mossy_golem, legendary_monsters:overgrown_colossus, legendary_monsters:poison_shockwave, legendary_monsters:poison_shockwave_spawner, legendary_monsters:posessed_paladin, legendary_monsters:shockwave, legendary_monsters:shockwave_spawner, legendary_monsters:shulker_mimic, legendary_monsters:skeletosaurus, legendary_monsters:skeloraptor, legendary_monsters:soul_strike, legendary_monsters:spear, legendary_monsters:spiky_bug, legendary_monsters:warped_fungussus, legendary_monsters:withered_abomination, majruszsdifficulty:cerberus, majruszsdifficulty:creeperling, majruszsdifficulty:cursed_armor, majruszsdifficulty:giant, majruszsdifficulty:illusioner, majruszsdifficulty:tank, medievalorigins:summon_skeleton, medievalorigins:summon_wither_skeleton, medievalorigins:summon_zombie, minecraft:allay, minecraft:area_effect_cloud, minecraft:armor_stand, minecraft:arrow, minecraft:axolotl, minecraft:bat, minecraft:bee, minecraft:blaze, minecraft:block_display, minecraft:boat, minecraft:camel, minecraft:cat, minecraft:cave_spider, minecraft:chest_boat, minecraft:chest_minecart, minecraft:chicken, minecraft:cod, minecraft:command_block_minecart, minecraft:cow, minecraft:creeper, minecraft:dolphin, minecraft:donkey, minecraft:dragon_fireball, minecraft:drowned, minecraft:egg, minecraft:elder_guardian, minecraft:end_crystal, minecraft:ender_dragon, minecraft:ender_pearl, minecraft:enderman, minecraft:endermite, minecraft:evoker, minecraft:evoker_fangs, minecraft:experience_bottle, minecraft:experience_orb, minecraft:eye_of_ender, minecraft:falling_block, minecraft:fireball, minecraft:firework_rocket, minecraft:fishing_bobber, minecraft:fox, minecraft:frog, minecraft:furnace_minecart, minecraft:ghast, minecraft:giant, minecraft:glow_item_frame, minecraft:glow_squid, minecraft:goat, minecraft:guardian, minecraft:hoglin, minecraft:hopper_minecart, minecraft:horse, minecraft:husk, minecraft:illusioner, minecraft:interaction, minecraft:iron_golem, minecraft:item, minecraft:item_display, minecraft:item_frame, minecraft:leash_knot, minecraft:lightning_bolt, minecraft:llama, minecraft:llama_spit, minecraft:magma_cube, minecraft:marker, minecraft:minecart, minecraft:mooshroom, minecraft:mule, minecraft:ocelot, minecraft:painting, minecraft:panda, minecraft:parrot, minecraft:phantom, minecraft:pig, minecraft:piglin, minecraft:piglin_brute, minecraft:pillager, minecraft:player, minecraft:polar_bear, minecraft:potion, minecraft:pufferfish, minecraft:rabbit, minecraft:ravager, minecraft:salmon, minecraft:sheep, minecraft:shulker, minecraft:shulker_bullet, minecraft:silverfish, minecraft:skeleton, minecraft:skeleton_horse, minecraft:slime, minecraft:small_fireball, minecraft:sniffer, minecraft:snow_golem, minecraft:snowball, minecraft:spawner_minecart, minecraft:spectral_arrow, minecraft:spider, minecraft:squid, minecraft:stray, minecraft:strider, minecraft:tadpole, minecraft:text_display, minecraft:tnt, minecraft:tnt_minecart, minecraft:trader_llama, minecraft:trident, minecraft:tropical_fish, minecraft:turtle, minecraft:vex, minecraft:villager, minecraft:vindicator, minecraft:wandering_trader, minecraft:warden, minecraft:witch, minecraft:wither, minecraft:wither_skeleton, minecraft:wither_skull, minecraft:wolf, minecraft:zoglin, minecraft:zombie, minecraft:zombie_horse, minecraft:zombie_villager, minecraft:zombified_piglin, mowziesmobs:axe_attack, mowziesmobs:baby_foliaath, mowziesmobs:block_swapper, mowziesmobs:block_swapper_tunneling, mowziesmobs:bluff, mowziesmobs:boulder_platform, mowziesmobs:boulder_platform_crumbling, mowziesmobs:boulder_projectile, mowziesmobs:camera_shake, mowziesmobs:dart, mowziesmobs:earth_spike, mowziesmobs:falling_block, mowziesmobs:ferrous_wroughtnaut, mowziesmobs:fissure, mowziesmobs:fissure_piece, mowziesmobs:foliaath, mowziesmobs:frostmaw, mowziesmobs:frozen_controller, mowziesmobs:grottol, mowziesmobs:ice_ball, mowziesmobs:ice_breath, mowziesmobs:lantern, mowziesmobs:naga, mowziesmobs:pillar, mowziesmobs:pillar_piece, mowziesmobs:pillar_sculptor, mowziesmobs:poison_ball, mowziesmobs:rock_sling, mowziesmobs:sculptor, mowziesmobs:solar_beam, mowziesmobs:sunstrike, mowziesmobs:super_nova, mowziesmobs:umvuthana, mowziesmobs:umvuthana_crane, mowziesmobs:umvuthana_crane_player, mowziesmobs:umvuthana_follower_player, mowziesmobs:umvuthana_follower_raptor, mowziesmobs:umvuthana_raptor, mowziesmobs:umvuthi, origins:enderian_pearl, quark:crab, quark:dyed_item_frame, quark:flamerang, quark:forgotten, quark:foxhound, quark:glass_frame, quark:gravisand, quark:parrot_egg, quark:pickarang, quark:quark_boat, quark:quark_chest_boat, quark:shiba, quark:skull_pike, quark:soul_bead, quark:stoneling, quark:stool, quark:torch_arrow, quark:toretoise, quark:totem, quark:wraith, realmrpg_quests:angler, realmrpg_quests:cook, realmrpg_quests:headless_skeleton, realmrpg_quests:monster_hunter, realmrpg_quests:piglin_gambler, realmrpg_quests:trigger_zone_old_hut, refurbished_furniture:seat, sandworm_mod:worm_chain, sandworm_mod:worm_head_segment, sandworm_mod:worm_segment, simplyswords:battlestandard, simplyswords:battlestandarddark, simplyswords:simplybeeentity, sophisticatedbackpacks:everlasting_backpack_item, stalwart_dungeons:awful_ghast, stalwart_dungeons:giddy_blaze, stalwart_dungeons:incomplete_wither, stalwart_dungeons:nether_keeper, stalwart_dungeons:nether_wart_cocoon, stalwart_dungeons:projectile_awful_dungeon_spawner, stalwart_dungeons:projectile_awful_gun, stalwart_dungeons:projectile_cannon_pr, stalwart_dungeons:projectile_chorundum_shield, stalwart_dungeons:projectile_end_dungeon_spawner, stalwart_dungeons:projectile_keeping_castle_spawner, stalwart_dungeons:projectile_levitation_projectile, stalwart_dungeons:projectile_spore_bottle, stalwart_dungeons:projectile_tungsten_shield, stalwart_dungeons:projectile_warted_tungsten_shield, stalwart_dungeons:propulk, stalwart_dungeons:reinforced_blaze, stalwart_dungeons:shelterer, stalwart_dungeons:shelterer_without_armor, stalwart_dungeons:shulker_cannon, stalwart_dungeons:spore_projectile, supplementaries:bomb, supplementaries:brick_projectile, supplementaries:dispenser_minecart, supplementaries:falling_ash, supplementaries:falling_sack, supplementaries:falling_urn, supplementaries:hat_stand, supplementaries:pearl_marker, supplementaries:red_merchant, supplementaries:rope_arrow, supplementaries:slingshot_projectile, toomanyorigins:fireball_area_effect_cloud, toomanyorigins:small_dragon_fireball, undead_revamp2:acidsack_projectile, undead_revamp2:arapoholiaspray_projectile, undead_revamp2:axestrom, undead_revamp2:bigsucker, undead_revamp2:bomber, undead_revamp2:boulderthrow_projectile, undead_revamp2:clogger, undead_revamp2:coppertar, undead_revamp2:crackleball, undead_revamp2:deadclogger, undead_revamp2:f_iresack_projectile, undead_revamp2:flame, undead_revamp2:honniethrow_projectile, undead_revamp2:invisiblebidy, undead_revamp2:invisiclogger, undead_revamp2:invisiimmortal, undead_revamp2:neocrorines, undead_revamp2:pregnantnecc_projectile, undead_revamp2:propball_1, undead_revamp2:queenbeeperfume_projectile, undead_revamp2:skeeperthrowprojectile, undead_revamp2:slaveman, undead_revamp2:sleepsmokebomb, undead_revamp2:smokesmitter, undead_revamp2:spitternecc_projectile, undead_revamp2:sucker, undead_revamp2:the_moonflower, undead_revamp2:thebeartamer, undead_revamp2:thebidy, undead_revamp2:thebidyupside, undead_revamp2:thedungeon, undead_revamp2:thegliter, undead_revamp2:theheavy, undead_revamp2:thehorrors, undead_revamp2:thehorrorsdecoys, undead_revamp2:thehunter, undead_revamp2:theimmortal, undead_revamp2:thelurker, undead_revamp2:theordure, undead_revamp2:thepregnant, undead_revamp2:therod, undead_revamp2:theskeeper, undead_revamp2:thesmoker, undead_revamp2:thesomnolence, undead_revamp2:thespectre, undead_revamp2:thespitter, undead_revamp2:theswarmer, undead_revamp2:thewolf, undead_revamp2:windtext_projectile, undead_revamp2:witherball, valhelsia_furniture:seat, witherstormmod:block_cluster, witherstormmod:blue_flaming_wither_skull, witherstormmod:command_block, witherstormmod:flaming_wither_skull, witherstormmod:formidibomb, witherstormmod:sickened_bee, witherstormmod:sickened_cat, witherstormmod:sickened_chicken, witherstormmod:sickened_cow, witherstormmod:sickened_creeper, witherstormmod:sickened_iron_golem, witherstormmod:sickened_mushroom_cow, witherstormmod:sickened_parrot, witherstormmod:sickened_phantom, witherstormmod:sickened_pig, witherstormmod:sickened_pillager, witherstormmod:sickened_skeleton, witherstormmod:sickened_snow_golem, witherstormmod:sickened_spider, witherstormmod:sickened_villager, witherstormmod:sickened_vindicator, witherstormmod:sickened_wolf, witherstormmod:sickened_zombie, witherstormmod:super_tnt, witherstormmod:tainted_slime, witherstormmod:tentacle, witherstormmod:tentacle_spike, witherstormmod:wither_storm, witherstormmod:wither_storm_head, witherstormmod:wither_storm_segment, witherstormmod:withered_symbiont, zombieawareness:scent
[19Oct2025 17:23:59.894] [main/INFO] [net.minecraft.advancements.AdvancementList/]: Loaded 6817 advancements
[19Oct2025 17:23:59.910] [main/INFO] [placebo/]: Registered 26 additional recipes.
[19Oct2025 17:23:59.949] [main/INFO] [top.theillusivec4.curios.Curios/]: Loaded 14 curio slots
[19Oct2025 17:23:59.971] [main/INFO] [top.theillusivec4.curios.Curios/]: Loaded 1 curio entities
[19Oct2025 17:23:59.973] [main/ERROR] [bettervillage/]: More Villagers compatibility is not enabled for Better Village and More Villagers is present in your mod list.
     - Please install the datapack for better compatibility between Better Villages and More Villagers.
     - You can find the datapack URL in the `compatibility` section of the Better Villages description.
     - URL=https://www.curseforge.com/minecraft/mc-mods/better-village-forge
[19Oct2025 17:23:59.975] [main/INFO] [com.teampotato.redirector.Redirector/]: Redirecting dev/xkmc/l2library/serial/config/CollectType
[19Oct2025 17:23:59.977] [main/INFO] [com.teampotato.redirector.Redirector/]: Redirecting dev/xkmc/cuisinedelight/content/logic/transform/Stage
[19Oct2025 17:23:59.983] [main/ERROR] [com.craisinlord.integrated_api.IntegratedAPI/]: Integrated API Error: Couldn't parse spawner mob list idas:dread_citadel
java.lang.Exception: Error: iceandfire:dread_lich is not a valid entity ID!
	at com.craisinlord.integrated_api.misc.mobspawners.MobSpawnerObj.setEntityType(MobSpawnerObj.java:37) ~[integrated_api-1.5.1+1.20.1-forge.jar%23422!/:?]
	at com.craisinlord.integrated_api.misc.mobspawners.MobSpawnerManager.lambda$apply$0(MobSpawnerManager.java:41) ~[integrated_api-1.5.1+1.20.1-forge.jar%23422!/:?]
	at java.util.HashMap.forEach(HashMap.java:1421) ~[?:?]
	at com.craisinlord.integrated_api.misc.mobspawners.MobSpawnerManager.apply(MobSpawnerManager.java:36) ~[integrated_api-1.5.1+1.20.1-forge.jar%23422!/:?]
	at com.craisinlord.integrated_api.misc.mobspawners.MobSpawnerManager.m_5787_(MobSpawnerManager.java:23) ~[integrated_api-1.5.1+1.20.1-forge.jar%23422!/:?]
	at net.minecraft.server.packs.resources.SimplePreparableReloadListener.m_10789_(SimplePreparableReloadListener.java:13) ~[server-1.20.1-20230612.114412-srg.jar%23539!/:?]
	at java.util.concurrent.CompletableFuture$UniAccept.tryFire(CompletableFuture.java:718) ~[?:?]
	at java.util.concurrent.CompletableFuture$Completion.run(CompletableFuture.java:482) ~[?:?]
	at net.minecraft.server.packs.resources.SimpleReloadInstance.m_143940_(SimpleReloadInstance.java:69) ~[server-1.20.1-20230612.114412-srg.jar%23539!/:?]
	at net.minecraft.Util.m_214652_(Util.java:783) ~[server-1.20.1-20230612.114412-srg.jar%23539!/:?]
	at net.minecraft.Util.m_214679_(Util.java:772) ~[server-1.20.1-20230612.114412-srg.jar%23539!/:?]
	at net.minecraft.server.Main.main(Main.java:166) ~[server-1.20.1-20230612.114412-srg.jar%23539!/:?]
	at jdk.internal.reflect.NativeMethodAccessorImpl.invoke0(Native Method) ~[?:?]
	at jdk.internal.reflect.NativeMethodAccessorImpl.invoke(NativeMethodAccessorImpl.java:77) ~[?:?]
	at jdk.internal.reflect.DelegatingMethodAccessorImpl.invoke(DelegatingMethodAccessorImpl.java:43) ~[?:?]
	at java.lang.reflect.Method.invoke(Method.java:569) ~[?:?]
	at net.minecraftforge.fml.loading.targets.CommonLaunchHandler.runTarget(CommonLaunchHandler.java:111) ~[fmlloader-1.20.1-47.4.10.jar%2369!/:?]
	at net.minecraftforge.fml.loading.targets.CommonLaunchHandler.serverService(CommonLaunchHandler.java:103) ~[fmlloader-1.20.1-47.4.10.jar%2369!/:?]
	at net.minecraftforge.fml.loading.targets.CommonServerLaunchHandler.lambda$makeService$0(CommonServerLaunchHandler.java:27) ~[fmlloader-1.20.1-47.4.10.jar%2369!/:?]
	at cpw.mods.modlauncher.LaunchServiceHandlerDecorator.launch(LaunchServiceHandlerDecorator.java:30) ~[modlauncher-10.0.9.jar%2355!/:?]
	at cpw.mods.modlauncher.LaunchServiceHandler.launch(LaunchServiceHandler.java:53) ~[modlauncher-10.0.9.jar%2355!/:?]
	at cpw.mods.modlauncher.LaunchServiceHandler.launch(LaunchServiceHandler.java:71) ~[modlauncher-10.0.9.jar%2355!/:?]
	at cpw.mods.modlauncher.Launcher.run(Launcher.java:108) ~[modlauncher-10.0.9.jar%2355!/:?]
	at cpw.mods.modlauncher.Launcher.main(Launcher.java:78) ~[modlauncher-10.0.9.jar%2355!/:?]
	at cpw.mods.modlauncher.BootstrapLaunchConsumer.accept(BootstrapLaunchConsumer.java:26) ~[modlauncher-10.0.9.jar%2355!/:?]
	at cpw.mods.modlauncher.BootstrapLaunchConsumer.accept(BootstrapLaunchConsumer.java:23) ~[modlauncher-10.0.9.jar%2355!/:?]
	at cpw.mods.bootstraplauncher.BootstrapLauncher.main(BootstrapLauncher.java:141) ~[bootstraplauncher-1.1.2.jar:?]
[19Oct2025 17:23:59.985] [main/INFO] [com.teampotato.redirector.Redirector/]: Redirecting com/craisinlord/integrated_api/misc/maptrades/WanderingTraderMapObj$TRADE_TYPE
[19Oct2025 17:24:00.018] [main/WARN] [net.minecraftforge.common.loot.LootModifierManager/]: Could not decode GlobalLootModifier with json id corn_delight:village_house - error: Unknown registry key in ResourceKey[minecraft:root / forge:global_loot_modifier_serializers]: mmlib:add_loot_table
[19Oct2025 17:24:00.018] [main/WARN] [net.minecraftforge.common.loot.LootModifierManager/]: Could not decode GlobalLootModifier with json id corn_delight:shipwreck_loot - error: Unknown registry key in ResourceKey[minecraft:root / forge:global_loot_modifier_serializers]: mmlib:add_loot_table
[19Oct2025 17:24:00.018] [main/WARN] [net.minecraftforge.common.loot.LootModifierManager/]: Unable to decode loot conditions
com.google.gson.JsonSyntaxException: Unknown type 'minecraft:alternatives'
	at net.minecraft.world.level.storage.loot.GsonAdapterFactory$JsonAdapter.deserialize(GsonAdapterFactory.java:99) ~[server-1.20.1-20230612.114412-srg.jar%23539!/:?]
	at com.google.gson.internal.bind.TreeTypeAdapter.read(TreeTypeAdapter.java:76) ~[gson-2.10.jar%2372!/:?]
	at com.google.gson.internal.bind.TypeAdapterRuntimeTypeWrapper.read(TypeAdapterRuntimeTypeWrapper.java:40) ~[gson-2.10.jar%2372!/:?]
	at com.google.gson.internal.bind.ArrayTypeAdapter.read(ArrayTypeAdapter.java:72) ~[gson-2.10.jar%2372!/:?]
	at com.google.gson.Gson.fromJson(Gson.java:1214) ~[gson-2.10.jar%2372!/:?]
	at com.google.gson.Gson.fromJson(Gson.java:1319) ~[gson-2.10.jar%2372!/:?]
	at com.google.gson.Gson.fromJson(Gson.java:1261) ~[gson-2.10.jar%2372!/:?]
	at net.minecraftforge.common.loot.IGlobalLootModifier.lambda$static$1(IGlobalLootModifier.java:39) ~[forge-1.20.1-47.4.10-universal.jar%23544!/:?]
	at com.mojang.serialization.Decoder$1.lambda$decode$1(Decoder.java:49) ~[datafixerupper-6.0.8.jar%2377!/:?]
	at com.mojang.serialization.DataResult.lambda$flatMap$11(DataResult.java:139) ~[datafixerupper-6.0.8.jar%2377!/:?]
	at com.mojang.datafixers.util.Either$Left.map(Either.java:38) ~[datafixerupper-6.0.8.jar%2377!/:?]
	at com.mojang.serialization.DataResult.flatMap(DataResult.java:137) ~[datafixerupper-6.0.8.jar%2377!/:?]
	at com.mojang.serialization.Decoder$1.decode(Decoder.java:49) ~[datafixerupper-6.0.8.jar%2377!/:?]
	at com.mojang.serialization.Codec$2.decode(Codec.java:71) ~[datafixerupper-6.0.8.jar%2377!/:?]
	at com.mojang.serialization.Decoder.parse(Decoder.java:18) ~[datafixerupper-6.0.8.jar%2377!/:?]
	at com.mojang.serialization.codecs.FieldDecoder.decode(FieldDecoder.java:29) ~[datafixerupper-6.0.8.jar%2377!/:?]
	at com.mojang.serialization.MapCodec$1.decode(MapCodec.java:34) ~[datafixerupper-6.0.8.jar%2377!/:?]
	at com.mojang.serialization.codecs.RecordCodecBuilder$Instance$5.decode(RecordCodecBuilder.java:323) ~[datafixerupper-6.0.8.jar%2377!/:?]
	at com.mojang.serialization.codecs.RecordCodecBuilder$2.decode(RecordCodecBuilder.java:107) ~[datafixerupper-6.0.8.jar%2377!/:?]
	at com.mojang.serialization.codecs.KeyDispatchCodec.lambda$decode$3(KeyDispatchCodec.java:67) ~[datafixerupper-6.0.8.jar%2377!/:?]
	at com.mojang.serialization.DataResult.lambda$flatMap$11(DataResult.java:139) ~[datafixerupper-6.0.8.jar%2377!/:?]
	at com.mojang.datafixers.util.Either$Left.map(Either.java:38) ~[datafixerupper-6.0.8.jar%2377!/:?]
	at com.mojang.serialization.DataResult.flatMap(DataResult.java:137) ~[datafixerupper-6.0.8.jar%2377!/:?]
	at com.mojang.serialization.codecs.KeyDispatchCodec.lambda$decode$4(KeyDispatchCodec.java:58) ~[datafixerupper-6.0.8.jar%2377!/:?]
	at com.mojang.serialization.DataResult.lambda$flatMap$11(DataResult.java:139) ~[datafixerupper-6.0.8.jar%2377!/:?]
	at com.mojang.datafixers.util.Either$Left.map(Either.java:38) ~[datafixerupper-6.0.8.jar%2377!/:?]
	at com.mojang.serialization.DataResult.flatMap(DataResult.java:137) ~[datafixerupper-6.0.8.jar%2377!/:?]
	at com.mojang.serialization.codecs.KeyDispatchCodec.decode(KeyDispatchCodec.java:56) ~[datafixerupper-6.0.8.jar%2377!/:?]
	at com.mojang.serialization.MapDecoder.lambda$compressedDecode$1(MapDecoder.java:52) ~[datafixerupper-6.0.8.jar%2377!/:?]
	at com.mojang.serialization.DataResult.lambda$flatMap$11(DataResult.java:139) ~[datafixerupper-6.0.8.jar%2377!/:?]
	at com.mojang.datafixers.util.Either$Left.map(Either.java:38) ~[datafixerupper-6.0.8.jar%2377!/:?]
	at com.mojang.serialization.DataResult.flatMap(DataResult.java:137) ~[datafixerupper-6.0.8.jar%2377!/:?]
	at com.mojang.serialization.MapDecoder.compressedDecode(MapDecoder.java:52) ~[datafixerupper-6.0.8.jar%2377!/:?]
	at com.mojang.serialization.MapCodec$MapCodecCodec.decode(MapCodec.java:91) ~[datafixerupper-6.0.8.jar%2377!/:?]
	at com.mojang.serialization.Decoder.parse(Decoder.java:18) ~[datafixerupper-6.0.8.jar%2377!/:?]
	at net.minecraftforge.common.loot.LootModifierManager.apply(LootModifierManager.java:79) ~[forge-1.20.1-47.4.10-universal.jar%23544!/:?]
	at net.minecraftforge.common.loot.LootModifierManager.m_5787_(LootModifierManager.java:38) ~[forge-1.20.1-47.4.10-universal.jar%23544!/:?]
	at net.minecraft.server.packs.resources.SimplePreparableReloadListener.m_10789_(SimplePreparableReloadListener.java:13) ~[server-1.20.1-20230612.114412-srg.jar%23539!/:?]
	at java.util.concurrent.CompletableFuture$UniAccept.tryFire(CompletableFuture.java:718) ~[?:?]
	at java.util.concurrent.CompletableFuture$Completion.run(CompletableFuture.java:482) ~[?:?]
	at net.minecraft.server.packs.resources.SimpleReloadInstance.m_143940_(SimpleReloadInstance.java:69) ~[server-1.20.1-20230612.114412-srg.jar%23539!/:?]
	at net.minecraft.Util.m_214652_(Util.java:783) ~[server-1.20.1-20230612.114412-srg.jar%23539!/:?]
	at net.minecraft.Util.m_214679_(Util.java:772) ~[server-1.20.1-20230612.114412-srg.jar%23539!/:?]
	at net.minecraft.server.Main.main(Main.java:166) ~[server-1.20.1-20230612.114412-srg.jar%23539!/:?]
	at jdk.internal.reflect.NativeMethodAccessorImpl.invoke0(Native Method) ~[?:?]
	at jdk.internal.reflect.NativeMethodAccessorImpl.invoke(NativeMethodAccessorImpl.java:77) ~[?:?]
	at jdk.internal.reflect.DelegatingMethodAccessorImpl.invoke(DelegatingMethodAccessorImpl.java:43) ~[?:?]
	at java.lang.reflect.Method.invoke(Method.java:569) ~[?:?]
	at net.minecraftforge.fml.loading.targets.CommonLaunchHandler.runTarget(CommonLaunchHandler.java:111) ~[fmlloader-1.20.1-47.4.10.jar%2369!/:?]
	at net.minecraftforge.fml.loading.targets.CommonLaunchHandler.serverService(CommonLaunchHandler.java:103) ~[fmlloader-1.20.1-47.4.10.jar%2369!/:?]
	at net.minecraftforge.fml.loading.targets.CommonServerLaunchHandler.lambda$makeService$0(CommonServerLaunchHandler.java:27) ~[fmlloader-1.20.1-47.4.10.jar%2369!/:?]
	at cpw.mods.modlauncher.LaunchServiceHandlerDecorator.launch(LaunchServiceHandlerDecorator.java:30) ~[modlauncher-10.0.9.jar%2355!/:?]
	at cpw.mods.modlauncher.LaunchServiceHandler.launch(LaunchServiceHandler.java:53) ~[modlauncher-10.0.9.jar%2355!/:?]
	at cpw.mods.modlauncher.LaunchServiceHandler.launch(LaunchServiceHandler.java:71) ~[modlauncher-10.0.9.jar%2355!/:?]
	at cpw.mods.modlauncher.Launcher.run(Launcher.java:108) ~[modlauncher-10.0.9.jar%2355!/:?]
	at cpw.mods.modlauncher.Launcher.main(Launcher.java:78) ~[modlauncher-10.0.9.jar%2355!/:?]
	at cpw.mods.modlauncher.BootstrapLaunchConsumer.accept(BootstrapLaunchConsumer.java:26) ~[modlauncher-10.0.9.jar%2355!/:?]
	at cpw.mods.modlauncher.BootstrapLaunchConsumer.accept(BootstrapLaunchConsumer.java:23) ~[modlauncher-10.0.9.jar%2355!/:?]
	at cpw.mods.bootstraplauncher.BootstrapLauncher.main(BootstrapLauncher.java:141) ~[bootstraplauncher-1.1.2.jar:?]
[19Oct2025 17:24:00.020] [main/WARN] [net.minecraftforge.common.loot.LootModifierManager/]: Could not decode GlobalLootModifier with json id nethersdelight:chopping_leather - error: Unknown type 'minecraft:alternatives'
[19Oct2025 17:24:00.021] [main/WARN] [net.minecraftforge.common.loot.LootModifierManager/]: Unable to decode loot conditions
com.google.gson.JsonSyntaxException: Unknown type 'minecraft:alternative'
	at net.minecraft.world.level.storage.loot.GsonAdapterFactory$JsonAdapter.deserialize(GsonAdapterFactory.java:99) ~[server-1.20.1-20230612.114412-srg.jar%23539!/:?]
	at com.google.gson.internal.bind.TreeTypeAdapter.read(TreeTypeAdapter.java:76) ~[gson-2.10.jar%2372!/:?]
	at com.google.gson.internal.bind.TypeAdapterRuntimeTypeWrapper.read(TypeAdapterRuntimeTypeWrapper.java:40) ~[gson-2.10.jar%2372!/:?]
	at com.google.gson.internal.bind.ArrayTypeAdapter.read(ArrayTypeAdapter.java:72) ~[gson-2.10.jar%2372!/:?]
	at com.google.gson.Gson.fromJson(Gson.java:1214) ~[gson-2.10.jar%2372!/:?]
	at com.google.gson.Gson.fromJson(Gson.java:1319) ~[gson-2.10.jar%2372!/:?]
	at com.google.gson.Gson.fromJson(Gson.java:1261) ~[gson-2.10.jar%2372!/:?]
	at net.minecraftforge.common.loot.IGlobalLootModifier.lambda$static$1(IGlobalLootModifier.java:39) ~[forge-1.20.1-47.4.10-universal.jar%23544!/:?]
	at com.mojang.serialization.Decoder$1.lambda$decode$1(Decoder.java:49) ~[datafixerupper-6.0.8.jar%2377!/:?]
	at com.mojang.serialization.DataResult.lambda$flatMap$11(DataResult.java:139) ~[datafixerupper-6.0.8.jar%2377!/:?]
	at com.mojang.datafixers.util.Either$Left.map(Either.java:38) ~[datafixerupper-6.0.8.jar%2377!/:?]
	at com.mojang.serialization.DataResult.flatMap(DataResult.java:137) ~[datafixerupper-6.0.8.jar%2377!/:?]
	at com.mojang.serialization.Decoder$1.decode(Decoder.java:49) ~[datafixerupper-6.0.8.jar%2377!/:?]
	at com.mojang.serialization.Codec$2.decode(Codec.java:71) ~[datafixerupper-6.0.8.jar%2377!/:?]
	at com.mojang.serialization.Decoder.parse(Decoder.java:18) ~[datafixerupper-6.0.8.jar%2377!/:?]
	at com.mojang.serialization.codecs.FieldDecoder.decode(FieldDecoder.java:29) ~[datafixerupper-6.0.8.jar%2377!/:?]
	at com.mojang.serialization.MapCodec$1.decode(MapCodec.java:34) ~[datafixerupper-6.0.8.jar%2377!/:?]
	at com.mojang.serialization.codecs.RecordCodecBuilder$Instance$5.decode(RecordCodecBuilder.java:323) ~[datafixerupper-6.0.8.jar%2377!/:?]
	at com.mojang.serialization.codecs.RecordCodecBuilder$2.decode(RecordCodecBuilder.java:107) ~[datafixerupper-6.0.8.jar%2377!/:?]
	at com.mojang.serialization.codecs.KeyDispatchCodec.lambda$decode$3(KeyDispatchCodec.java:67) ~[datafixerupper-6.0.8.jar%2377!/:?]
	at com.mojang.serialization.DataResult.lambda$flatMap$11(DataResult.java:139) ~[datafixerupper-6.0.8.jar%2377!/:?]
	at com.mojang.datafixers.util.Either$Left.map(Either.java:38) ~[datafixerupper-6.0.8.jar%2377!/:?]
	at com.mojang.serialization.DataResult.flatMap(DataResult.java:137) ~[datafixerupper-6.0.8.jar%2377!/:?]
	at com.mojang.serialization.codecs.KeyDispatchCodec.lambda$decode$4(KeyDispatchCodec.java:58) ~[datafixerupper-6.0.8.jar%2377!/:?]
	at com.mojang.serialization.DataResult.lambda$flatMap$11(DataResult.java:139) ~[datafixerupper-6.0.8.jar%2377!/:?]
	at com.mojang.datafixers.util.Either$Left.map(Either.java:38) ~[datafixerupper-6.0.8.jar%2377!/:?]
	at com.mojang.serialization.DataResult.flatMap(DataResult.java:137) ~[datafixerupper-6.0.8.jar%2377!/:?]
	at com.mojang.serialization.codecs.KeyDispatchCodec.decode(KeyDispatchCodec.java:56) ~[datafixerupper-6.0.8.jar%2377!/:?]
	at com.mojang.serialization.MapDecoder.lambda$compressedDecode$1(MapDecoder.java:52) ~[datafixerupper-6.0.8.jar%2377!/:?]
	at com.mojang.serialization.DataResult.lambda$flatMap$11(DataResult.java:139) ~[datafixerupper-6.0.8.jar%2377!/:?]
	at com.mojang.datafixers.util.Either$Left.map(Either.java:38) ~[datafixerupper-6.0.8.jar%2377!/:?]
	at com.mojang.serialization.DataResult.flatMap(DataResult.java:137) ~[datafixerupper-6.0.8.jar%2377!/:?]
	at com.mojang.serialization.MapDecoder.compressedDecode(MapDecoder.java:52) ~[datafixerupper-6.0.8.jar%2377!/:?]
	at com.mojang.serialization.MapCodec$MapCodecCodec.decode(MapCodec.java:91) ~[datafixerupper-6.0.8.jar%2377!/:?]
	at com.mojang.serialization.Decoder.parse(Decoder.java:18) ~[datafixerupper-6.0.8.jar%2377!/:?]
	at net.minecraftforge.common.loot.LootModifierManager.apply(LootModifierManager.java:79) ~[forge-1.20.1-47.4.10-universal.jar%23544!/:?]
	at net.minecraftforge.common.loot.LootModifierManager.m_5787_(LootModifierManager.java:38) ~[forge-1.20.1-47.4.10-universal.jar%23544!/:?]
	at net.minecraft.server.packs.resources.SimplePreparableReloadListener.m_10789_(SimplePreparableReloadListener.java:13) ~[server-1.20.1-20230612.114412-srg.jar%23539!/:?]
	at java.util.concurrent.CompletableFuture$UniAccept.tryFire(CompletableFuture.java:718) ~[?:?]
	at java.util.concurrent.CompletableFuture$Completion.run(CompletableFuture.java:482) ~[?:?]
	at net.minecraft.server.packs.resources.SimpleReloadInstance.m_143940_(SimpleReloadInstance.java:69) ~[server-1.20.1-20230612.114412-srg.jar%23539!/:?]
	at net.minecraft.Util.m_214652_(Util.java:783) ~[server-1.20.1-20230612.114412-srg.jar%23539!/:?]
	at net.minecraft.Util.m_214679_(Util.java:772) ~[server-1.20.1-20230612.114412-srg.jar%23539!/:?]
	at net.minecraft.server.Main.main(Main.java:166) ~[server-1.20.1-20230612.114412-srg.jar%23539!/:?]
	at jdk.internal.reflect.NativeMethodAccessorImpl.invoke0(Native Method) ~[?:?]
	at jdk.internal.reflect.NativeMethodAccessorImpl.invoke(NativeMethodAccessorImpl.java:77) ~[?:?]
	at jdk.internal.reflect.DelegatingMethodAccessorImpl.invoke(DelegatingMethodAccessorImpl.java:43) ~[?:?]
	at java.lang.reflect.Method.invoke(Method.java:569) ~[?:?]
	at net.minecraftforge.fml.loading.targets.CommonLaunchHandler.runTarget(CommonLaunchHandler.java:111) ~[fmlloader-1.20.1-47.4.10.jar%2369!/:?]
	at net.minecraftforge.fml.loading.targets.CommonLaunchHandler.serverService(CommonLaunchHandler.java:103) ~[fmlloader-1.20.1-47.4.10.jar%2369!/:?]
	at net.minecraftforge.fml.loading.targets.CommonServerLaunchHandler.lambda$makeService$0(CommonServerLaunchHandler.java:27) ~[fmlloader-1.20.1-47.4.10.jar%2369!/:?]
	at cpw.mods.modlauncher.LaunchServiceHandlerDecorator.launch(LaunchServiceHandlerDecorator.java:30) ~[modlauncher-10.0.9.jar%2355!/:?]
	at cpw.mods.modlauncher.LaunchServiceHandler.launch(LaunchServiceHandler.java:53) ~[modlauncher-10.0.9.jar%2355!/:?]
	at cpw.mods.modlauncher.LaunchServiceHandler.launch(LaunchServiceHandler.java:71) ~[modlauncher-10.0.9.jar%2355!/:?]
	at cpw.mods.modlauncher.Launcher.run(Launcher.java:108) ~[modlauncher-10.0.9.jar%2355!/:?]
	at cpw.mods.modlauncher.Launcher.main(Launcher.java:78) ~[modlauncher-10.0.9.jar%2355!/:?]
	at cpw.mods.modlauncher.BootstrapLaunchConsumer.accept(BootstrapLaunchConsumer.java:26) ~[modlauncher-10.0.9.jar%2355!/:?]
	at cpw.mods.modlauncher.BootstrapLaunchConsumer.accept(BootstrapLaunchConsumer.java:23) ~[modlauncher-10.0.9.jar%2355!/:?]
	at cpw.mods.bootstraplauncher.BootstrapLauncher.main(BootstrapLauncher.java:141) ~[bootstraplauncher-1.1.2.jar:?]
[19Oct2025 17:24:00.022] [main/WARN] [net.minecraftforge.common.loot.LootModifierManager/]: Could not decode GlobalLootModifier with json id nethersdelight:chopping_string - error: Unknown type 'minecraft:alternative'
[19Oct2025 17:24:00.024] [main/WARN] [net.minecraftforge.common.loot.LootModifierManager/]: Unable to decode loot conditions
com.google.gson.JsonSyntaxException: Unknown type 'alternative'
	at net.minecraft.world.level.storage.loot.GsonAdapterFactory$JsonAdapter.deserialize(GsonAdapterFactory.java:99) ~[server-1.20.1-20230612.114412-srg.jar%23539!/:?]
	at com.google.gson.internal.bind.TreeTypeAdapter.read(TreeTypeAdapter.java:76) ~[gson-2.10.jar%2372!/:?]
	at com.google.gson.internal.bind.TypeAdapterRuntimeTypeWrapper.read(TypeAdapterRuntimeTypeWrapper.java:40) ~[gson-2.10.jar%2372!/:?]
	at com.google.gson.internal.bind.ArrayTypeAdapter.read(ArrayTypeAdapter.java:72) ~[gson-2.10.jar%2372!/:?]
	at com.google.gson.Gson.fromJson(Gson.java:1214) ~[gson-2.10.jar%2372!/:?]
	at com.google.gson.Gson.fromJson(Gson.java:1319) ~[gson-2.10.jar%2372!/:?]
	at com.google.gson.Gson.fromJson(Gson.java:1261) ~[gson-2.10.jar%2372!/:?]
	at net.minecraftforge.common.loot.IGlobalLootModifier.lambda$static$1(IGlobalLootModifier.java:39) ~[forge-1.20.1-47.4.10-universal.jar%23544!/:?]
	at com.mojang.serialization.Decoder$1.lambda$decode$1(Decoder.java:49) ~[datafixerupper-6.0.8.jar%2377!/:?]
	at com.mojang.serialization.DataResult.lambda$flatMap$11(DataResult.java:139) ~[datafixerupper-6.0.8.jar%2377!/:?]
	at com.mojang.datafixers.util.Either$Left.map(Either.java:38) ~[datafixerupper-6.0.8.jar%2377!/:?]
	at com.mojang.serialization.DataResult.flatMap(DataResult.java:137) ~[datafixerupper-6.0.8.jar%2377!/:?]
	at com.mojang.serialization.Decoder$1.decode(Decoder.java:49) ~[datafixerupper-6.0.8.jar%2377!/:?]
	at com.mojang.serialization.Codec$2.decode(Codec.java:71) ~[datafixerupper-6.0.8.jar%2377!/:?]
	at com.mojang.serialization.Decoder.parse(Decoder.java:18) ~[datafixerupper-6.0.8.jar%2377!/:?]
	at com.mojang.serialization.codecs.FieldDecoder.decode(FieldDecoder.java:29) ~[datafixerupper-6.0.8.jar%2377!/:?]
	at com.mojang.serialization.MapCodec$1.decode(MapCodec.java:34) ~[datafixerupper-6.0.8.jar%2377!/:?]
	at com.mojang.serialization.codecs.RecordCodecBuilder$Instance$7.decode(RecordCodecBuilder.java:406) ~[datafixerupper-6.0.8.jar%2377!/:?]
	at com.mojang.serialization.codecs.RecordCodecBuilder$2.decode(RecordCodecBuilder.java:107) ~[datafixerupper-6.0.8.jar%2377!/:?]
	at com.mojang.serialization.codecs.KeyDispatchCodec.lambda$decode$3(KeyDispatchCodec.java:67) ~[datafixerupper-6.0.8.jar%2377!/:?]
	at com.mojang.serialization.DataResult.lambda$flatMap$11(DataResult.java:139) ~[datafixerupper-6.0.8.jar%2377!/:?]
	at com.mojang.datafixers.util.Either$Left.map(Either.java:38) ~[datafixerupper-6.0.8.jar%2377!/:?]
	at com.mojang.serialization.DataResult.flatMap(DataResult.java:137) ~[datafixerupper-6.0.8.jar%2377!/:?]
	at com.mojang.serialization.codecs.KeyDispatchCodec.lambda$decode$4(KeyDispatchCodec.java:58) ~[datafixerupper-6.0.8.jar%2377!/:?]
	at com.mojang.serialization.DataResult.lambda$flatMap$11(DataResult.java:139) ~[datafixerupper-6.0.8.jar%2377!/:?]
	at com.mojang.datafixers.util.Either$Left.map(Either.java:38) ~[datafixerupper-6.0.8.jar%2377!/:?]
	at com.mojang.serialization.DataResult.flatMap(DataResult.java:137) ~[datafixerupper-6.0.8.jar%2377!/:?]
	at com.mojang.serialization.codecs.KeyDispatchCodec.decode(KeyDispatchCodec.java:56) ~[datafixerupper-6.0.8.jar%2377!/:?]
	at com.mojang.serialization.MapDecoder.lambda$compressedDecode$1(MapDecoder.java:52) ~[datafixerupper-6.0.8.jar%2377!/:?]
	at com.mojang.serialization.DataResult.lambda$flatMap$11(DataResult.java:139) ~[datafixerupper-6.0.8.jar%2377!/:?]
	at com.mojang.datafixers.util.Either$Left.map(Either.java:38) ~[datafixerupper-6.0.8.jar%2377!/:?]
	at com.mojang.serialization.DataResult.flatMap(DataResult.java:137) ~[datafixerupper-6.0.8.jar%2377!/:?]
	at com.mojang.serialization.MapDecoder.compressedDecode(MapDecoder.java:52) ~[datafixerupper-6.0.8.jar%2377!/:?]
	at com.mojang.serialization.MapCodec$MapCodecCodec.decode(MapCodec.java:91) ~[datafixerupper-6.0.8.jar%2377!/:?]
	at com.mojang.serialization.Decoder.parse(Decoder.java:18) ~[datafixerupper-6.0.8.jar%2377!/:?]
	at net.minecraftforge.common.loot.LootModifierManager.apply(LootModifierManager.java:79) ~[forge-1.20.1-47.4.10-universal.jar%23544!/:?]
	at net.minecraftforge.common.loot.LootModifierManager.m_5787_(LootModifierManager.java:38) ~[forge-1.20.1-47.4.10-universal.jar%23544!/:?]
	at net.minecraft.server.packs.resources.SimplePreparableReloadListener.m_10789_(SimplePreparableReloadListener.java:13) ~[server-1.20.1-20230612.114412-srg.jar%23539!/:?]
	at java.util.concurrent.CompletableFuture$UniAccept.tryFire(CompletableFuture.java:718) ~[?:?]
	at java.util.concurrent.CompletableFuture$Completion.run(CompletableFuture.java:482) ~[?:?]
	at net.minecraft.server.packs.resources.SimpleReloadInstance.m_143940_(SimpleReloadInstance.java:69) ~[server-1.20.1-20230612.114412-srg.jar%23539!/:?]
	at net.minecraft.Util.m_214652_(Util.java:783) ~[server-1.20.1-20230612.114412-srg.jar%23539!/:?]
	at net.minecraft.Util.m_214679_(Util.java:772) ~[server-1.20.1-20230612.114412-srg.jar%23539!/:?]
	at net.minecraft.server.Main.main(Main.java:166) ~[server-1.20.1-20230612.114412-srg.jar%23539!/:?]
	at jdk.internal.reflect.NativeMethodAccessorImpl.invoke0(Native Method) ~[?:?]
	at jdk.internal.reflect.NativeMethodAccessorImpl.invoke(NativeMethodAccessorImpl.java:77) ~[?:?]
	at jdk.internal.reflect.DelegatingMethodAccessorImpl.invoke(DelegatingMethodAccessorImpl.java:43) ~[?:?]
	at java.lang.reflect.Method.invoke(Method.java:569) ~[?:?]
	at net.minecraftforge.fml.loading.targets.CommonLaunchHandler.runTarget(CommonLaunchHandler.java:111) ~[fmlloader-1.20.1-47.4.10.jar%2369!/:?]
	at net.minecraftforge.fml.loading.targets.CommonLaunchHandler.serverService(CommonLaunchHandler.java:103) ~[fmlloader-1.20.1-47.4.10.jar%2369!/:?]
	at net.minecraftforge.fml.loading.targets.CommonServerLaunchHandler.lambda$makeService$0(CommonServerLaunchHandler.java:27) ~[fmlloader-1.20.1-47.4.10.jar%2369!/:?]
	at cpw.mods.modlauncher.LaunchServiceHandlerDecorator.launch(LaunchServiceHandlerDecorator.java:30) ~[modlauncher-10.0.9.jar%2355!/:?]
	at cpw.mods.modlauncher.LaunchServiceHandler.launch(LaunchServiceHandler.java:53) ~[modlauncher-10.0.9.jar%2355!/:?]
	at cpw.mods.modlauncher.LaunchServiceHandler.launch(LaunchServiceHandler.java:71) ~[modlauncher-10.0.9.jar%2355!/:?]
	at cpw.mods.modlauncher.Launcher.run(Launcher.java:108) ~[modlauncher-10.0.9.jar%2355!/:?]
	at cpw.mods.modlauncher.Launcher.main(Launcher.java:78) ~[modlauncher-10.0.9.jar%2355!/:?]
	at cpw.mods.modlauncher.BootstrapLaunchConsumer.accept(BootstrapLaunchConsumer.java:26) ~[modlauncher-10.0.9.jar%2355!/:?]
	at cpw.mods.modlauncher.BootstrapLaunchConsumer.accept(BootstrapLaunchConsumer.java:23) ~[modlauncher-10.0.9.jar%2355!/:?]
	at cpw.mods.bootstraplauncher.BootstrapLauncher.main(BootstrapLauncher.java:141) ~[bootstraplauncher-1.1.2.jar:?]
[19Oct2025 17:24:00.026] [main/WARN] [net.minecraftforge.common.loot.LootModifierManager/]: Could not decode GlobalLootModifier with json id miners_delight:scavenging_tentacles - error: Unknown type 'alternative'
[19Oct2025 17:24:00.026] [main/WARN] [net.minecraftforge.common.loot.LootModifierManager/]: Unable to decode loot conditions
com.google.gson.JsonSyntaxException: Unknown type 'alternative'
	at net.minecraft.world.level.storage.loot.GsonAdapterFactory$JsonAdapter.deserialize(GsonAdapterFactory.java:99) ~[server-1.20.1-20230612.114412-srg.jar%23539!/:?]
	at com.google.gson.internal.bind.TreeTypeAdapter.read(TreeTypeAdapter.java:76) ~[gson-2.10.jar%2372!/:?]
	at com.google.gson.internal.bind.TypeAdapterRuntimeTypeWrapper.read(TypeAdapterRuntimeTypeWrapper.java:40) ~[gson-2.10.jar%2372!/:?]
	at com.google.gson.internal.bind.ArrayTypeAdapter.read(ArrayTypeAdapter.java:72) ~[gson-2.10.jar%2372!/:?]
	at com.google.gson.Gson.fromJson(Gson.java:1214) ~[gson-2.10.jar%2372!/:?]
	at com.google.gson.Gson.fromJson(Gson.java:1319) ~[gson-2.10.jar%2372!/:?]
	at com.google.gson.Gson.fromJson(Gson.java:1261) ~[gson-2.10.jar%2372!/:?]
	at net.minecraftforge.common.loot.IGlobalLootModifier.lambda$static$1(IGlobalLootModifier.java:39) ~[forge-1.20.1-47.4.10-universal.jar%23544!/:?]
	at com.mojang.serialization.Decoder$1.lambda$decode$1(Decoder.java:49) ~[datafixerupper-6.0.8.jar%2377!/:?]
	at com.mojang.serialization.DataResult.lambda$flatMap$11(DataResult.java:139) ~[datafixerupper-6.0.8.jar%2377!/:?]
	at com.mojang.datafixers.util.Either$Left.map(Either.java:38) ~[datafixerupper-6.0.8.jar%2377!/:?]
	at com.mojang.serialization.DataResult.flatMap(DataResult.java:137) ~[datafixerupper-6.0.8.jar%2377!/:?]
	at com.mojang.serialization.Decoder$1.decode(Decoder.java:49) ~[datafixerupper-6.0.8.jar%2377!/:?]
	at com.mojang.serialization.Codec$2.decode(Codec.java:71) ~[datafixerupper-6.0.8.jar%2377!/:?]
	at com.mojang.serialization.Decoder.parse(Decoder.java:18) ~[datafixerupper-6.0.8.jar%2377!/:?]
	at com.mojang.serialization.codecs.FieldDecoder.decode(FieldDecoder.java:29) ~[datafixerupper-6.0.8.jar%2377!/:?]
	at com.mojang.serialization.MapCodec$1.decode(MapCodec.java:34) ~[datafixerupper-6.0.8.jar%2377!/:?]
	at com.mojang.serialization.codecs.RecordCodecBuilder$Instance$5.decode(RecordCodecBuilder.java:323) ~[datafixerupper-6.0.8.jar%2377!/:?]
	at com.mojang.serialization.codecs.RecordCodecBuilder$2.decode(RecordCodecBuilder.java:107) ~[datafixerupper-6.0.8.jar%2377!/:?]
	at com.mojang.serialization.codecs.KeyDispatchCodec.lambda$decode$3(KeyDispatchCodec.java:67) ~[datafixerupper-6.0.8.jar%2377!/:?]
	at com.mojang.serialization.DataResult.lambda$flatMap$11(DataResult.java:139) ~[datafixerupper-6.0.8.jar%2377!/:?]
	at com.mojang.datafixers.util.Either$Left.map(Either.java:38) ~[datafixerupper-6.0.8.jar%2377!/:?]
	at com.mojang.serialization.DataResult.flatMap(DataResult.java:137) ~[datafixerupper-6.0.8.jar%2377!/:?]
	at com.mojang.serialization.codecs.KeyDispatchCodec.lambda$decode$4(KeyDispatchCodec.java:58) ~[datafixerupper-6.0.8.jar%2377!/:?]
	at com.mojang.serialization.DataResult.lambda$flatMap$11(DataResult.java:139) ~[datafixerupper-6.0.8.jar%2377!/:?]
	at com.mojang.datafixers.util.Either$Left.map(Either.java:38) ~[datafixerupper-6.0.8.jar%2377!/:?]
	at com.mojang.serialization.DataResult.flatMap(DataResult.java:137) ~[datafixerupper-6.0.8.jar%2377!/:?]
	at com.mojang.serialization.codecs.KeyDispatchCodec.decode(KeyDispatchCodec.java:56) ~[datafixerupper-6.0.8.jar%2377!/:?]
	at com.mojang.serialization.MapDecoder.lambda$compressedDecode$1(MapDecoder.java:52) ~[datafixerupper-6.0.8.jar%2377!/:?]
	at com.mojang.serialization.DataResult.lambda$flatMap$11(DataResult.java:139) ~[datafixerupper-6.0.8.jar%2377!/:?]
	at com.mojang.datafixers.util.Either$Left.map(Either.java:38) ~[datafixerupper-6.0.8.jar%2377!/:?]
	at com.mojang.serialization.DataResult.flatMap(DataResult.java:137) ~[datafixerupper-6.0.8.jar%2377!/:?]
	at com.mojang.serialization.MapDecoder.compressedDecode(MapDecoder.java:52) ~[datafixerupper-6.0.8.jar%2377!/:?]
	at com.mojang.serialization.MapCodec$MapCodecCodec.decode(MapCodec.java:91) ~[datafixerupper-6.0.8.jar%2377!/:?]
	at com.mojang.serialization.Decoder.parse(Decoder.java:18) ~[datafixerupper-6.0.8.jar%2377!/:?]
	at net.minecraftforge.common.loot.LootModifierManager.apply(LootModifierManager.java:79) ~[forge-1.20.1-47.4.10-universal.jar%23544!/:?]
	at net.minecraftforge.common.loot.LootModifierManager.m_5787_(LootModifierManager.java:38) ~[forge-1.20.1-47.4.10-universal.jar%23544!/:?]
	at net.minecraft.server.packs.resources.SimplePreparableReloadListener.m_10789_(SimplePreparableReloadListener.java:13) ~[server-1.20.1-20230612.114412-srg.jar%23539!/:?]
	at java.util.concurrent.CompletableFuture$UniAccept.tryFire(CompletableFuture.java:718) ~[?:?]
	at java.util.concurrent.CompletableFuture$Completion.run(CompletableFuture.java:482) ~[?:?]
	at net.minecraft.server.packs.resources.SimpleReloadInstance.m_143940_(SimpleReloadInstance.java:69) ~[server-1.20.1-20230612.114412-srg.jar%23539!/:?]
	at net.minecraft.Util.m_214652_(Util.java:783) ~[server-1.20.1-20230612.114412-srg.jar%23539!/:?]
	at net.minecraft.Util.m_214679_(Util.java:772) ~[server-1.20.1-20230612.114412-srg.jar%23539!/:?]
	at net.minecraft.server.Main.main(Main.java:166) ~[server-1.20.1-20230612.114412-srg.jar%23539!/:?]
	at jdk.internal.reflect.NativeMethodAccessorImpl.invoke0(Native Method) ~[?:?]
	at jdk.internal.reflect.NativeMethodAccessorImpl.invoke(NativeMethodAccessorImpl.java:77) ~[?:?]
	at jdk.internal.reflect.DelegatingMethodAccessorImpl.invoke(DelegatingMethodAccessorImpl.java:43) ~[?:?]
	at java.lang.reflect.Method.invoke(Method.java:569) ~[?:?]
	at net.minecraftforge.fml.loading.targets.CommonLaunchHandler.runTarget(CommonLaunchHandler.java:111) ~[fmlloader-1.20.1-47.4.10.jar%2369!/:?]
	at net.minecraftforge.fml.loading.targets.CommonLaunchHandler.serverService(CommonLaunchHandler.java:103) ~[fmlloader-1.20.1-47.4.10.jar%2369!/:?]
	at net.minecraftforge.fml.loading.targets.CommonServerLaunchHandler.lambda$makeService$0(CommonServerLaunchHandler.java:27) ~[fmlloader-1.20.1-47.4.10.jar%2369!/:?]
	at cpw.mods.modlauncher.LaunchServiceHandlerDecorator.launch(LaunchServiceHandlerDecorator.java:30) ~[modlauncher-10.0.9.jar%2355!/:?]
	at cpw.mods.modlauncher.LaunchServiceHandler.launch(LaunchServiceHandler.java:53) ~[modlauncher-10.0.9.jar%2355!/:?]
	at cpw.mods.modlauncher.LaunchServiceHandler.launch(LaunchServiceHandler.java:71) ~[modlauncher-10.0.9.jar%2355!/:?]
	at cpw.mods.modlauncher.Launcher.run(Launcher.java:108) ~[modlauncher-10.0.9.jar%2355!/:?]
	at cpw.mods.modlauncher.Launcher.main(Launcher.java:78) ~[modlauncher-10.0.9.jar%2355!/:?]
	at cpw.mods.modlauncher.BootstrapLaunchConsumer.accept(BootstrapLaunchConsumer.java:26) ~[modlauncher-10.0.9.jar%2355!/:?]
	at cpw.mods.modlauncher.BootstrapLaunchConsumer.accept(BootstrapLaunchConsumer.java:23) ~[modlauncher-10.0.9.jar%2355!/:?]
	at cpw.mods.bootstraplauncher.BootstrapLauncher.main(BootstrapLauncher.java:141) ~[bootstraplauncher-1.1.2.jar:?]
[19Oct2025 17:24:00.027] [main/WARN] [net.minecraftforge.common.loot.LootModifierManager/]: Could not decode GlobalLootModifier with json id miners_delight:scavenging_silverfish - error: Unknown type 'alternative'
[19Oct2025 17:24:00.079] [main/ERROR] [io.github.apace100.apoli.Apoli/]: Error loading power "strictly:sun_strength": Input does not contain a key [type]: MapLike[{"entity_action":{"type":"origins:apply_effect","effect":{"effect":"minecraft:strength","is_ambient":true,"show_particles":false,"show_icon":false,"amplifier":1,"duration":1000}},"interval":200}]
[19Oct2025 17:24:00.080] [main/ERROR] [io.github.apace100.apoli.Apoli/]: Loading for all instances of power strictly:sun_strength failed.
[19Oct2025 17:24:00.082] [main/ERROR] [io.github.apace100.apoli.Apoli/]: Error loading power "strictly:thick_fur_cont": At EntityType: Identifier "minecraft:tipped_arrow" was not registered in registry "minecraft:entity_type"., At ResourceLocation: JsonObject
[19Oct2025 17:24:00.083] [main/ERROR] [io.github.apace100.apoli.Apoli/]: Loading for all instances of power strictly:thick_fur_cont failed.
[19Oct2025 17:24:00.201] [main/ERROR] [io.github.apace100.apoli.Apoli/]: Error loading power "rpg_origins:stealthy_invis": At MobEffectInstance: Error reading status effect: could not find status effect with id: minecraft:invisiblity
[19Oct2025 17:24:00.201] [main/ERROR] [io.github.apace100.apoli.Apoli/]: Loading for all instances of power rpg_origins:stealthy_invis failed.
[19Oct2025 17:24:00.214] [main/WARN] [io.github.apace100.apoli.Apoli/]: Power "medievalorigins:high_elf/gear_spawn" will only be partially loaded: At Item: Identifier "runes:frost_stone" was not registered in registry "minecraft:item"., At ResourceLocation: JsonObject; At Item: Identifier "wizards:wand_frost" was not registered in registry "minecraft:item"., At ResourceLocation: JsonObject, At ResourceLocation: JsonObject
[19Oct2025 17:24:00.285] [main/WARN] [io.github.apace100.apoli.Apoli/]: Power "additions:mercury/cookie" will only be partially loaded: Failed to read fields: At Ingredient: Unknown item 'scme:dark_chocolate_bar', At ResourceLocation: JsonObject
[19Oct2025 17:24:00.298] [main/WARN] [io.github.apace100.apoli.Apoli/]: Power "medievalorigins:dwarf/mythril_resonance" will only be partially loaded: Failed to read fields: At Attribute: Identifier "reach-entity-attributes:reach" was not registered in registry "minecraft:attribute".
[19Oct2025 17:24:00.373] [main/WARN] [io.github.apace100.apoli.Apoli/]: Power "strictly:new_diet" will only be partially loaded: Failed to read fields: No key conditions in MapLike[{"type":"origins:and"}]
[19Oct2025 17:24:00.408] [main/INFO] [com.cupboard.Cupboard/]: Loaded config for: connectivity.json
[19Oct2025 17:24:00.408] [main/WARN] [io.github.apace100.apoli.Apoli/]: Power "additions:blacksmith/spawn" will only be partially loaded: Failed to read fields: At ResourceKey: Incorrect number of `:` in identifier: \"minecraft:minecraft:village_taiga\".
[19Oct2025 17:24:00.438] [main/WARN] [io.github.apace100.apoli.Apoli/]: Power "land_chidori:extra_reach_land_chidori" will only be partially loaded: At Attribute: Identifier "reach-entity-attributes:attack_range" was not registered in registry "minecraft:attribute".; At Attribute: Identifier "reach-entity-attributes:reach" was not registered in registry "minecraft:attribute".
[19Oct2025 17:24:00.450] [main/WARN] [io.github.apace100.apoli.Apoli/]: Power "additions:krpto/stats" will only be partially loaded: Failed to read fields: Unknown registry key: origins:resource, At ResourceLocation: JsonObject, At ResourceLocation: JsonObject
[19Oct2025 17:24:00.491] [main/WARN] [io.github.apace100.apoli.Apoli/]: Power "strictly:skull_wand" will only be partially loaded: At Item: Identifier "orcz:skullwand" was not registered in registry "minecraft:item"., At ResourceLocation: JsonObject, At ResourceLocation: JsonObject
[19Oct2025 17:24:00.523] [main/WARN] [io.github.apace100.apoli.Apoli/]: Power "strictly:cloak" will only be partially loaded: At Item: Identifier "blue_skies:bag_of_spoils" was not registered in registry "minecraft:item"., At ResourceLocation: JsonObject, At ResourceLocation: JsonObject
[19Oct2025 17:24:00.549] [main/ERROR] [io.github.apace100.apoli.Apoli/]: Error loading power "strictly:slowwalker": No key duration_per_stack in MapLike[{"type":"origins:stacking_status_effect","entity_action":{"type":"origins:apply_effect","effects":[{"effect":"minecraft:luck","duration":-1,"is_ambient":false,"show_particles":false,"show_icon":false},{"effect":"minecraft:slowness","duration":-1,"is_ambient":false,"show_particles":false,"show_icon":true}]}}]; No key max_stacks in MapLike[{"type":"origins:stacking_status_effect","entity_action":{"type":"origins:apply_effect","effects":[{"effect":"minecraft:luck","duration":-1,"is_ambient":false,"show_particles":false,"show_icon":false},{"effect":"minecraft:slowness","duration":-1,"is_ambient":false,"show_particles":false,"show_icon":true}]}}]; No key min_stacks in MapLike[{"type":"origins:stacking_status_effect","entity_action":{"type":"origins:apply_effect","effects":[{"effect":"minecraft:luck","duration":-1,"is_ambient":false,"show_particles":false,"show_icon":false},{"effect":"minecraft:slowness","duration":-1,"is_ambient":false,"show_particles":false,"show_icon":true}]}}]
[19Oct2025 17:24:00.550] [main/ERROR] [io.github.apace100.apoli.Apoli/]: Loading for all instances of power strictly:slowwalker failed.
[19Oct2025 17:24:00.569] [main/ERROR] [io.github.apace100.apoli.Apoli/]: Error loading power "strictly:holy_shield": At MobEffectInstance: Error reading status effect: could not find status effect with id: dungeons_gear:shielding, At ResourceLocation: JsonObject; At MobEffect: Identifier "dungeons_gear:shielding" was not registered in registry "minecraft:mob_effect"., At ResourceLocation: JsonObject; At MobEffect: Identifier "dungeons_gear:shielding" was not registered in registry "minecraft:mob_effect"., At ResourceLocation: JsonObject
[19Oct2025 17:24:00.569] [main/ERROR] [io.github.apace100.apoli.Apoli/]: Loading for all instances of power strictly:holy_shield failed.
[19Oct2025 17:24:00.588] [main/WARN] [io.github.apace100.apoli.Apoli/]: Power "medievalorigins:goblin/greedy" will only be partially loaded: Failed to read fields: At Attribute: Identifier "additionalentityattributes:generic.dig_speed" was not registered in registry "minecraft:attribute".; At Attribute: Identifier "reach-entity-attributes:reach" was not registered in registry "minecraft:attribute".
[19Oct2025 17:24:00.600] [main/WARN] [io.github.apace100.apoli.Apoli/]: Power "strictly:durendal" will only be partially loaded: At Item: Identifier "pmmo_xp_bottles:combat" was not registered in registry "minecraft:item"., At ResourceLocation: JsonObject, At ResourceLocation: JsonObject
[19Oct2025 17:24:00.608] [main/ERROR] [io.github.apace100.apoli.Apoli/]: Error loading power "medievalorigins:revenant/summon_scaling": At Attribute: Identifier "spell_power:soul" was not registered in registry "minecraft:attribute".; No key update_health in MapLike[{"type":"medievalorigins:owner_attribute_transfer","owner_attribute":"spell_power:soul","modifiers":[{"attribute":"minecraft:generic.max_health","operation":"addition","value":5.0},{"attribute":"minecraft:generic.attack_damage","operation":"addition","value":0.5},{"attribute":"minecraft:generic.armor","operation":"addition","value":1},{"attribute":"generic.movement_speed","operation":"addition","value":0.001}]}]; No key tick_rate in MapLike[{"type":"medievalorigins:owner_attribute_transfer","owner_attribute":"spell_power:soul","modifiers":[{"attribute":"minecraft:generic.max_health","operation":"addition","value":5.0},{"attribute":"minecraft:generic.attack_damage","operation":"addition","value":0.5},{"attribute":"minecraft:generic.armor","operation":"addition","value":1},{"attribute":"generic.movement_speed","operation":"addition","value":0.001}]}]
[19Oct2025 17:24:00.609] [main/ERROR] [io.github.apace100.apoli.Apoli/]: Loading for all instances of power medievalorigins:revenant/summon_scaling failed.
[19Oct2025 17:24:00.627] [main/WARN] [io.github.apace100.apoli.Apoli/]: Power "strictly:spider_like" will only be partially loaded: Input does not contain a key [type]: MapLike[{"key":"key.jump","continuous":true}], At ResourceLocation: JsonObject
[19Oct2025 17:24:00.630] [main/WARN] [io.github.apace100.apoli.Apoli/]: Power "strictly:skofnung" will only be partially loaded: At Item: Identifier "pmmo_xp_bottles:endurance" was not registered in registry "minecraft:item"., At ResourceLocation: JsonObject, At ResourceLocation: JsonObject
[19Oct2025 17:24:00.665] [main/ERROR] [io.github.apace100.apoli.Apoli/]: Error loading power "medievalorigins:valkyrie/wings": Unknown registry key: medievalorigins:icarus_wings
[19Oct2025 17:24:00.665] [main/ERROR] [io.github.apace100.apoli.Apoli/]: Loading for all instances of power medievalorigins:valkyrie/wings failed.
[19Oct2025 17:24:00.670] [main/WARN] [io.github.apace100.apoli.Apoli/]: Power "strictly:scholar" will only be partially loaded: At Item: Identifier "relics:holy_locket" was not registered in registry "minecraft:item"., At ResourceLocation: JsonObject, At ResourceLocation: JsonObject
[19Oct2025 17:24:00.673] [main/WARN] [io.github.apace100.apoli.Apoli/]: Power "strictly:smoke_sickness" will only be partially loaded: Failed to read fields: Unknown registry key: origins:stacking_status_effect, At ResourceLocation: JsonObject; Unknown registry key: origins:stacking_status_effect, At ResourceLocation: JsonObject, At ResourceLocation: JsonObject
[19Oct2025 17:24:00.715] [main/WARN] [io.github.apace100.apoli.Apoli/]: Power "strictly:withers_immunity" will only be partially loaded: At MobEffect: Identifier "orcz:stunspam" was not registered in registry "minecraft:mob_effect".; At MobEffect: Identifier "orcz:stunlock" was not registered in registry "minecraft:mob_effect".
[19Oct2025 17:24:00.727] [main/WARN] [io.github.apace100.apoli.Apoli/]: Power "additions:aqua/stats" will only be partially loaded: Failed to read fields: Unknown registry key: origins:resource, At ResourceLocation: JsonObject, At ResourceLocation: JsonObject
[19Oct2025 17:24:00.742] [main/WARN] [io.github.apace100.apoli.Apoli/]: Power "strictly:shaman_hood" will only be partially loaded: At Item: Identifier "skillcloaks:slayer_hood" was not registered in registry "minecraft:item"., At ResourceLocation: JsonObject, At ResourceLocation: JsonObject
[19Oct2025 17:24:00.748] [main/WARN] [io.github.apace100.apoli.Apoli/]: Power "medievalorigins:valkyrie/vanquisher" will only be partially loaded: Failed to read fields: At Attribute: Identifier "spell_power:healing" was not registered in registry "minecraft:attribute".
[19Oct2025 17:24:00.762] [main/ERROR] [io.github.apace100.origins.Origins/]: There was a problem reading Origin file strictly:orcs_shaman (skipping): Identifier "orcz:skullwand" was not registered in registry "minecraft:item".
[19Oct2025 17:24:00.762] [main/ERROR] [io.github.apace100.origins.Origins/]: All instances of origin strictly:orcs_shaman failed to load. Skipped
[19Oct2025 17:24:00.768] [main/ERROR] [io.github.apace100.origins.Origins/]: There was a problem reading Origin file strictly:priest (skipping): At Item: Identifier "relics:holy_locket" was not registered in registry "minecraft:item".
[19Oct2025 17:24:00.768] [main/ERROR] [io.github.apace100.origins.Origins/]: All instances of origin strictly:priest failed to load. Skipped
[19Oct2025 17:24:00.797] [main/ERROR] [io.github.apace100.origins.Origins/]: Removed 1 missing powers from medievalorigins:revenant
[19Oct2025 17:24:00.798] [main/ERROR] [io.github.apace100.origins.Origins/]: Removed 1 missing powers from medievalorigins:gorgon
[19Oct2025 17:24:00.802] [main/ERROR] [io.github.apace100.origins.Origins/]: Removed 4 missing powers from medievalorigins:high_elf
[19Oct2025 17:24:00.803] [main/ERROR] [io.github.apace100.origins.Origins/]: Removed 1 missing powers from medievalorigins:banshee
[19Oct2025 17:24:00.803] [main/ERROR] [io.github.apace100.origins.Origins/]: Removed 1 missing powers from strictly:birdofparadise
[19Oct2025 17:24:00.805] [main/ERROR] [io.github.apace100.origins.Origins/]: Removed 1 missing powers from medievalorigins:ogre
[19Oct2025 17:24:00.805] [main/ERROR] [io.github.apace100.origins.Origins/]: Removed 1 missing powers from strictly:umvuthi
[19Oct2025 17:24:00.807] [main/ERROR] [io.github.apace100.origins.Origins/]: Removed 4 missing powers from rpg_origins:brute
[19Oct2025 17:24:00.808] [main/ERROR] [io.github.apace100.origins.Origins/]: Removed 2 missing powers from rpg_origins:bard
[19Oct2025 17:24:00.808] [main/ERROR] [io.github.apace100.origins.Origins/]: Removed 5 missing powers from medievalorigins:siren
[19Oct2025 17:24:00.808] [main/ERROR] [io.github.apace100.origins.Origins/]: Removed 7 missing powers from medievalorigins:incubus
[19Oct2025 17:24:00.809] [main/ERROR] [io.github.apace100.origins.Origins/]: Removed 2 missing powers from strictly:otter
[19Oct2025 17:24:00.809] [main/ERROR] [io.github.apace100.origins.Origins/]: Removed 4 missing powers from medievalorigins:troll
[19Oct2025 17:24:00.810] [main/ERROR] [io.github.apace100.origins.Origins/]: Removed 1 missing powers from medievalorigins:plague_victim
[19Oct2025 17:24:00.810] [main/ERROR] [io.github.apace100.origins.Origins/]: Removed 1 missing powers from medievalorigins:valkyrie
[19Oct2025 17:24:00.810] [main/ERROR] [io.github.apace100.origins.Origins/]: Removed 1 missing powers from strictly:adapted_raccoon
[19Oct2025 17:24:00.810] [main/ERROR] [io.github.apace100.origins.Origins/]: Removed 2 missing powers from medievalorigins:wood_elf
[19Oct2025 17:24:00.811] [main/ERROR] [io.github.apace100.origins.Origins/]: Removed 1 missing powers from medievalorigins:moon_elf
[19Oct2025 17:24:00.812] [main/ERROR] [io.github.apace100.origins.Origins/]: Removed 4 missing powers from medievalorigins:yeti
[19Oct2025 17:24:00.959] [main/INFO] [atomicstryker.dynamiclights.server.ItemLightLevels/]: Clearing item tag to light level mapping cache
[19Oct2025 17:24:00.961] [main/INFO] [com.lootintegrations.LootintegrationsMod/]: Parsing loot modifiers for:lootintegrations:dungeonloot_nether with loottable: lootintegrations:chests/nether
[19Oct2025 17:24:00.961] [main/INFO] [com.lootintegrations.LootintegrationsMod/]: Parsing loot modifiers for:lootintegrations:denh_villageloot_house with loottable: minecraft:chests/village/village_plains_house
[19Oct2025 17:24:00.961] [main/INFO] [com.lootintegrations.LootintegrationsMod/]: Parsing loot modifiers for:lootintegrations:denh_dungeonloot_easy with loottable: minecraft:chests/simple_dungeon
[19Oct2025 17:24:00.961] [main/INFO] [com.lootintegrations.LootintegrationsMod/]: Parsing loot modifiers for:lootintegrations:dungeonloot_hard with loottable: lootintegrations:chests/hard
[19Oct2025 17:24:00.961] [main/INFO] [com.lootintegrations.LootintegrationsMod/]: Parsing loot modifiers for:lootintegrations:dungeonloot_water with loottable: lootintegrations:chests/water
[19Oct2025 17:24:00.962] [main/INFO] [com.lootintegrations.LootintegrationsMod/]: Parsing loot modifiers for:lootintegrations:denh_dungeonloot_medium with loottable: minecraft:chests/stronghold_crossing
[19Oct2025 17:24:00.962] [main/INFO] [com.lootintegrations.LootintegrationsMod/]: Parsing loot modifiers for:lootintegrations:denh_dungeonloot_water with loottable: minecraft:chests/underwater_ruin_big
[19Oct2025 17:24:00.962] [main/INFO] [com.lootintegrations.LootintegrationsMod/]: Parsing loot modifiers for:lootintegrations:dungeonloot_medium with loottable: lootintegrations:chests/medium
[19Oct2025 17:24:00.962] [main/INFO] [com.lootintegrations.LootintegrationsMod/]: Parsing loot modifiers for:lootintegrations:villageloot_house with loottable: lootintegrations:chests/village
[19Oct2025 17:24:00.962] [main/INFO] [com.lootintegrations.LootintegrationsMod/]: Parsing loot modifiers for:lootintegrations:dungeonloot_easy with loottable: lootintegrations:chests/easy
[19Oct2025 17:24:00.962] [main/INFO] [com.lootintegrations.LootintegrationsMod/]: Parsing loot modifiers for:lootintegrations:dungeonloot_no_overflow with loottable: minecraft:chests/simple_dungeon
[19Oct2025 17:24:00.976] [main/INFO] [Dungeon Crawl/]: Loading data...
[19Oct2025 17:24:01.003] [main/INFO] [com.teampotato.redirector.Redirector/]: Redirecting xiroc/dungeoncrawl/dungeon/model/DungeonModelBlockType
[19Oct2025 17:24:01.219] [main/INFO] [com.teampotato.redirector.Redirector/]: Redirecting xiroc/dungeoncrawl/dungeon/DungeonLayerType
[19Oct2025 17:24:01.418] [main/INFO] [Dungeon Crawl/]: Done.
[19Oct2025 17:24:01.421] [main/INFO] [quark-zeta/]: Modified advancement minecraft:husbandry/wax_on with 2 patches
[19Oct2025 17:24:01.421] [main/INFO] [quark-zeta/]: Modified advancement minecraft:adventure/kill_a_mob with 3 patches
[19Oct2025 17:24:01.421] [main/INFO] [quark-zeta/]: Modified advancement minecraft:husbandry/bred_all_animals with 3 patches
[19Oct2025 17:24:01.421] [main/INFO] [quark-zeta/]: Modified advancement minecraft:adventure/kill_all_mobs with 3 patches
[19Oct2025 17:24:01.422] [main/INFO] [quark-zeta/]: Modified advancement minecraft:husbandry/balanced_diet with 3 patches
[19Oct2025 17:24:01.422] [main/INFO] [quark-zeta/]: Modified advancement minecraft:husbandry/plant_seed with 1 patches
[19Oct2025 17:24:01.422] [main/INFO] [quark-zeta/]: Modified advancement minecraft:nether/all_effects with 2 patches
[19Oct2025 17:24:01.422] [main/INFO] [quark-zeta/]: Modified advancement minecraft:husbandry/wax_off with 2 patches
[19Oct2025 17:24:01.422] [main/INFO] [quark-zeta/]: Modified advancement minecraft:adventure/adventuring_time with 1 patches
[19Oct2025 17:24:01.422] [main/INFO] [quark-zeta/]: Modified advancement minecraft:nether/all_potions with 1 patches
[19Oct2025 17:24:01.429] [main/INFO] [com.teampotato.redirector.Redirector/]: Redirecting daripher/skilltree/skill/bonus/condition/item/EquipmentCondition$Type
[19Oct2025 17:24:01.434] [main/INFO] [com.teampotato.redirector.Redirector/]: Redirecting daripher/skilltree/skill/bonus/condition/enchantment/NoneEnchantmentCondition
[19Oct2025 17:24:01.438] [main/INFO] [com.teampotato.redirector.Redirector/]: Redirecting daripher/skilltree/skill/bonus/SkillBonus$Target
[19Oct2025 17:24:01.440] [main/INFO] [com.teampotato.redirector.Redirector/]: Redirecting daripher/skilltree/skill/bonus/player/GainedExperienceBonus$ExperienceSource
[19Oct2025 17:24:01.467] [main/INFO] [com.teampotato.redirector.Redirector/]: Redirecting daripher/skilltree/skill/bonus/condition/item/NoneItemCondition
[19Oct2025 17:24:01.486] [main/INFO] [Supplementaries/]: Loaded 27 flute songs
[19Oct2025 17:24:01.491] [main/INFO] [com.teampotato.redirector.Redirector/]: Redirecting net/mehvahdjukaar/supplementaries/common/misc/mob_container/BuiltinAnimation$Type
[19Oct2025 17:24:01.492] [main/INFO] [com.teampotato.redirector.Redirector/]: Redirecting net/mehvahdjukaar/supplementaries/common/misc/mob_container/DataDefinedCatchableMob$TickMode
[19Oct2025 17:24:01.502] [main/INFO] [Apotheosis : Enchantment/]: Registered 34 enchanting_stats.
[19Oct2025 17:24:01.507] [main/INFO] [Apotheosis : Adventure/]: Registered 6 rarities.
[19Oct2025 17:24:01.521] [main/INFO] [Apotheosis : Adventure/]: Registered 104 affixes.
[19Oct2025 17:24:01.526] [main/ERROR] [Apotheosis : Adventure/]: Insufficient number of affixes to satisfy the loot rules (ignoring backup rules) of rarity apotheosis:rare for category curios:spellbookRequired: 2; Provided: 0
[19Oct2025 17:24:01.526] [main/ERROR] [Apotheosis : Adventure/]: Insufficient number of affixes to satisfy the loot rules (ignoring backup rules) of rarity apotheosis:rare for category curios:necklaceRequired: 2; Provided: 1
[19Oct2025 17:24:01.526] [main/ERROR] [Apotheosis : Adventure/]: Insufficient number of affixes to satisfy the loot rules (ignoring backup rules) of rarity apotheosis:rare for category curios:ringRequired: 2; Provided: 0
[19Oct2025 17:24:01.528] [main/ERROR] [Apotheosis : Adventure/]: Insufficient number of affixes to satisfy the loot rules (ignoring backup rules) of rarity apotheosis:epic for category curios:spellbookRequired: 2; Provided: 0
[19Oct2025 17:24:01.528] [main/ERROR] [Apotheosis : Adventure/]: Insufficient number of affixes to satisfy the loot rules (ignoring backup rules) of rarity apotheosis:epic for category curios:necklaceRequired: 2; Provided: 1
[19Oct2025 17:24:01.529] [main/ERROR] [Apotheosis : Adventure/]: Insufficient number of affixes to satisfy the loot rules (ignoring backup rules) of rarity apotheosis:epic for category curios:ringRequired: 2; Provided: 0
[19Oct2025 17:24:01.529] [main/ERROR] [Apotheosis : Adventure/]: Insufficient number of affixes to satisfy the loot rules (ignoring backup rules) of rarity apotheosis:mythic for category helmetRequired: 3; Provided: 2
[19Oct2025 17:24:01.530] [main/ERROR] [Apotheosis : Adventure/]: Insufficient number of affixes to satisfy the loot rules (ignoring backup rules) of rarity apotheosis:mythic for category bootsRequired: 3; Provided: 2
[19Oct2025 17:24:01.530] [main/ERROR] [Apotheosis : Adventure/]: Insufficient number of affixes to satisfy the loot rules (ignoring backup rules) of rarity apotheosis:mythic for category curios:spellbookRequired: 3; Provided: 0
[19Oct2025 17:24:01.530] [main/ERROR] [Apotheosis : Adventure/]: Insufficient number of affixes to satisfy the loot rules (ignoring backup rules) of rarity apotheosis:mythic for category curios:necklaceRequired: 3; Provided: 1
[19Oct2025 17:24:01.530] [main/ERROR] [Apotheosis : Adventure/]: Insufficient number of affixes to satisfy the loot rules (ignoring backup rules) of rarity apotheosis:mythic for category curios:ringRequired: 3; Provided: 0
[19Oct2025 17:24:01.531] [main/ERROR] [Apotheosis : Adventure/]: Insufficient number of affixes to satisfy the loot rules (ignoring backup rules) of rarity apotheosis:ancient for category helmetRequired: 4; Provided: 2
[19Oct2025 17:24:01.532] [main/ERROR] [Apotheosis : Adventure/]: Insufficient number of affixes to satisfy the loot rules (ignoring backup rules) of rarity apotheosis:ancient for category bootsRequired: 4; Provided: 2
[19Oct2025 17:24:01.532] [main/ERROR] [Apotheosis : Adventure/]: Insufficient number of affixes to satisfy the loot rules (ignoring backup rules) of rarity apotheosis:ancient for category curios:spellbookRequired: 4; Provided: 0
[19Oct2025 17:24:01.532] [main/ERROR] [Apotheosis : Adventure/]: Insufficient number of affixes to satisfy the loot rules (ignoring backup rules) of rarity apotheosis:ancient for category curios:necklaceRequired: 4; Provided: 1
[19Oct2025 17:24:01.532] [main/ERROR] [Apotheosis : Adventure/]: Insufficient number of affixes to satisfy the loot rules (ignoring backup rules) of rarity apotheosis:ancient for category curios:ringRequired: 4; Provided: 0
[19Oct2025 17:24:01.532] [main/ERROR] [Apotheosis : Adventure/]: Insufficient number of affixes to satisfy the loot rules (ignoring backup rules) of rarity apotheosis:ancient for category bowRequired: 5; Provided: 4
[19Oct2025 17:24:01.532] [main/ERROR] [Apotheosis : Adventure/]: Insufficient number of affixes to satisfy the loot rules (ignoring backup rules) of rarity apotheosis:ancient for category crossbowRequired: 5; Provided: 4
[19Oct2025 17:24:01.532] [main/ERROR] [Apotheosis : Adventure/]: Insufficient number of affixes to satisfy the loot rules (ignoring backup rules) of rarity apotheosis:ancient for category pickaxeRequired: 5; Provided: 4
[19Oct2025 17:24:01.533] [main/ERROR] [Apotheosis : Adventure/]: Insufficient number of affixes to satisfy the loot rules (ignoring backup rules) of rarity apotheosis:ancient for category shovelRequired: 5; Provided: 4
[19Oct2025 17:24:01.533] [main/ERROR] [Apotheosis : Adventure/]: Insufficient number of affixes to satisfy the loot rules (ignoring backup rules) of rarity apotheosis:ancient for category curios:ringRequired: 5; Provided: 4
[19Oct2025 17:24:01.554] [main/ERROR] [Apotheosis : Adventure/]: Failed parsing gems file skilltree:sapphire_2.
[19Oct2025 17:24:01.554] [main/ERROR] [Apotheosis : Adventure/]: Underlying Exception: 
java.lang.NullPointerException: Element not found: amount
	at java.util.Objects.requireNonNull(Objects.java:235) ~[?:?]
	at daripher.skilltree.data.serializers.SerializationHelper.getElement(SerializationHelper.java:579) ~[PassiveSkillTree-1.20.1-BETA-0.6.14a-all.jar%23473!/:0.6.14a]
	at daripher.skilltree.skill.bonus.item.ItemDurabilityBonus$Serializer.deserialize(ItemDurabilityBonus.java:124) ~[PassiveSkillTree-1.20.1-BETA-0.6.14a-all.jar%23473!/:0.6.14a]
	at daripher.skilltree.skill.bonus.item.ItemDurabilityBonus$Serializer.deserialize(ItemDurabilityBonus.java:121) ~[PassiveSkillTree-1.20.1-BETA-0.6.14a-all.jar%23473!/:0.6.14a]
	at daripher.skilltree.data.serializers.SerializationHelper.deserializeItemBonus(SerializationHelper.java:62) ~[PassiveSkillTree-1.20.1-BETA-0.6.14a-all.jar%23473!/:0.6.14a]
	at daripher.skilltree.compat.apotheosis.gem.PSTGemBonus$1.decode(PSTGemBonus.java:32) ~[PassiveSkillTree-1.20.1-BETA-0.6.14a-all.jar%23473!/:0.6.14a]
	at com.mojang.serialization.Decoder.parse(Decoder.java:18) ~[datafixerupper-6.0.8.jar%2377!/:?]
	at com.mojang.serialization.codecs.FieldDecoder.decode(FieldDecoder.java:29) ~[datafixerupper-6.0.8.jar%2377!/:?]
	at com.mojang.serialization.MapCodec$1.decode(MapCodec.java:34) ~[datafixerupper-6.0.8.jar%2377!/:?]
	at com.mojang.serialization.codecs.RecordCodecBuilder$Instance$3.decode(RecordCodecBuilder.java:249) ~[datafixerupper-6.0.8.jar%2377!/:?]
	at com.mojang.serialization.codecs.RecordCodecBuilder$2.decode(RecordCodecBuilder.java:107) ~[datafixerupper-6.0.8.jar%2377!/:?]
	at com.mojang.serialization.MapDecoder.lambda$compressedDecode$1(MapDecoder.java:52) ~[datafixerupper-6.0.8.jar%2377!/:?]
	at com.mojang.serialization.DataResult.lambda$flatMap$11(DataResult.java:139) ~[datafixerupper-6.0.8.jar%2377!/:?]
	at com.mojang.datafixers.util.Either$Left.map(Either.java:38) ~[datafixerupper-6.0.8.jar%2377!/:?]
	at com.mojang.serialization.DataResult.flatMap(DataResult.java:137) ~[datafixerupper-6.0.8.jar%2377!/:?]
	at com.mojang.serialization.MapDecoder.compressedDecode(MapDecoder.java:52) ~[datafixerupper-6.0.8.jar%2377!/:?]
	at com.mojang.serialization.MapCodec$MapCodecCodec.decode(MapCodec.java:91) ~[datafixerupper-6.0.8.jar%2377!/:?]
	at dev.shadowsoffire.placebo.codec.MapBackedCodec.decode(MapBackedCodec.java:54) ~[Placebo-1.20.1-8.6.2.jar%23477!/:8.6.2]
	at dev.shadowsoffire.placebo.codec.CodecMap.decode(CodecMap.java:116) ~[Placebo-1.20.1-8.6.2.jar%23477!/:8.6.2]
	at com.mojang.serialization.codecs.ListCodec.lambda$decode$2(ListCodec.java:46) ~[datafixerupper-6.0.8.jar%2377!/:?]
	at com.mojang.serialization.JsonOps.lambda$getList$21(JsonOps.java:292) ~[datafixerupper-6.0.8.jar%2377!/:?]
	at com.mojang.serialization.codecs.ListCodec.lambda$decode$4(ListCodec.java:45) ~[datafixerupper-6.0.8.jar%2377!/:?]
	at com.mojang.serialization.DataResult.lambda$flatMap$11(DataResult.java:139) ~[datafixerupper-6.0.8.jar%2377!/:?]
	at com.mojang.datafixers.util.Either$Left.map(Either.java:38) ~[datafixerupper-6.0.8.jar%2377!/:?]
	at com.mojang.serialization.DataResult.flatMap(DataResult.java:137) ~[datafixerupper-6.0.8.jar%2377!/:?]
	at com.mojang.serialization.codecs.ListCodec.decode(ListCodec.java:39) ~[datafixerupper-6.0.8.jar%2377!/:?]
	at com.mojang.serialization.Decoder.parse(Decoder.java:18) ~[datafixerupper-6.0.8.jar%2377!/:?]
	at com.mojang.serialization.codecs.FieldDecoder.decode(FieldDecoder.java:29) ~[datafixerupper-6.0.8.jar%2377!/:?]
	at com.mojang.serialization.MapCodec$1.decode(MapCodec.java:34) ~[datafixerupper-6.0.8.jar%2377!/:?]
	at com.mojang.serialization.codecs.RecordCodecBuilder$Instance$7.decode(RecordCodecBuilder.java:407) ~[datafixerupper-6.0.8.jar%2377!/:?]
	at com.mojang.serialization.codecs.RecordCodecBuilder$2.decode(RecordCodecBuilder.java:107) ~[datafixerupper-6.0.8.jar%2377!/:?]
	at com.mojang.serialization.MapDecoder.lambda$compressedDecode$1(MapDecoder.java:52) ~[datafixerupper-6.0.8.jar%2377!/:?]
	at com.mojang.serialization.DataResult.lambda$flatMap$11(DataResult.java:139) ~[datafixerupper-6.0.8.jar%2377!/:?]
	at com.mojang.datafixers.util.Either$Left.map(Either.java:38) ~[datafixerupper-6.0.8.jar%2377!/:?]
	at com.mojang.serialization.DataResult.flatMap(DataResult.java:137) ~[datafixerupper-6.0.8.jar%2377!/:?]
	at com.mojang.serialization.MapDecoder.compressedDecode(MapDecoder.java:52) ~[datafixerupper-6.0.8.jar%2377!/:?]
	at com.mojang.serialization.MapCodec$MapCodecCodec.decode(MapCodec.java:91) ~[datafixerupper-6.0.8.jar%2377!/:?]
	at dev.shadowsoffire.placebo.codec.MapBackedCodec.decode(MapBackedCodec.java:54) ~[Placebo-1.20.1-8.6.2.jar%23477!/:8.6.2]
	at dev.shadowsoffire.placebo.codec.CodecMap.decode(CodecMap.java:116) ~[Placebo-1.20.1-8.6.2.jar%23477!/:8.6.2]
	at dev.shadowsoffire.placebo.reload.DynamicRegistry.lambda$apply$0(DynamicRegistry.java:140) ~[Placebo-1.20.1-8.6.2.jar%23477!/:8.6.2]
	at java.util.HashMap.forEach(HashMap.java:1421) ~[?:?]
	at dev.shadowsoffire.placebo.reload.DynamicRegistry.apply(DynamicRegistry.java:136) ~[Placebo-1.20.1-8.6.2.jar%23477!/:8.6.2]
	at dev.shadowsoffire.placebo.reload.DynamicRegistry.m_5787_(DynamicRegistry.java:62) ~[Placebo-1.20.1-8.6.2.jar%23477!/:8.6.2]
	at net.minecraft.server.packs.resources.SimplePreparableReloadListener.m_10789_(SimplePreparableReloadListener.java:13) ~[server-1.20.1-20230612.114412-srg.jar%23539!/:?]
	at java.util.concurrent.CompletableFuture$UniAccept.tryFire(CompletableFuture.java:718) ~[?:?]
	at java.util.concurrent.CompletableFuture$Completion.run(CompletableFuture.java:482) ~[?:?]
	at net.minecraft.server.packs.resources.SimpleReloadInstance.m_143940_(SimpleReloadInstance.java:69) ~[server-1.20.1-20230612.114412-srg.jar%23539!/:?]
	at net.minecraft.Util.m_214652_(Util.java:783) ~[server-1.20.1-20230612.114412-srg.jar%23539!/:?]
	at net.minecraft.Util.m_214679_(Util.java:772) ~[server-1.20.1-20230612.114412-srg.jar%23539!/:?]
	at net.minecraft.server.Main.main(Main.java:166) ~[server-1.20.1-20230612.114412-srg.jar%23539!/:?]
	at jdk.internal.reflect.NativeMethodAccessorImpl.invoke0(Native Method) ~[?:?]
	at jdk.internal.reflect.NativeMethodAccessorImpl.invoke(NativeMethodAccessorImpl.java:77) ~[?:?]
	at jdk.internal.reflect.DelegatingMethodAccessorImpl.invoke(DelegatingMethodAccessorImpl.java:43) ~[?:?]
	at java.lang.reflect.Method.invoke(Method.java:569) ~[?:?]
	at net.minecraftforge.fml.loading.targets.CommonLaunchHandler.runTarget(CommonLaunchHandler.java:111) ~[fmlloader-1.20.1-47.4.10.jar%2369!/:?]
	at net.minecraftforge.fml.loading.targets.CommonLaunchHandler.serverService(CommonLaunchHandler.java:103) ~[fmlloader-1.20.1-47.4.10.jar%2369!/:?]
	at net.minecraftforge.fml.loading.targets.CommonServerLaunchHandler.lambda$makeService$0(CommonServerLaunchHandler.java:27) ~[fmlloader-1.20.1-47.4.10.jar%2369!/:?]
	at cpw.mods.modlauncher.LaunchServiceHandlerDecorator.launch(LaunchServiceHandlerDecorator.java:30) ~[modlauncher-10.0.9.jar%2355!/:?]
	at cpw.mods.modlauncher.LaunchServiceHandler.launch(LaunchServiceHandler.java:53) ~[modlauncher-10.0.9.jar%2355!/:?]
	at cpw.mods.modlauncher.LaunchServiceHandler.launch(LaunchServiceHandler.java:71) ~[modlauncher-10.0.9.jar%2355!/:?]
	at cpw.mods.modlauncher.Launcher.run(Launcher.java:108) ~[modlauncher-10.0.9.jar%2355!/:?]
	at cpw.mods.modlauncher.Launcher.main(Launcher.java:78) ~[modlauncher-10.0.9.jar%2355!/:?]
	at cpw.mods.modlauncher.BootstrapLaunchConsumer.accept(BootstrapLaunchConsumer.java:26) ~[modlauncher-10.0.9.jar%2355!/:?]
	at cpw.mods.modlauncher.BootstrapLaunchConsumer.accept(BootstrapLaunchConsumer.java:23) ~[modlauncher-10.0.9.jar%2355!/:?]
	at cpw.mods.bootstraplauncher.BootstrapLauncher.main(BootstrapLauncher.java:141) ~[bootstraplauncher-1.1.2.jar:?]
[19Oct2025 17:24:01.556] [main/ERROR] [Apotheosis : Adventure/]: Failed parsing gems file skilltree:sapphire_3.
[19Oct2025 17:24:01.556] [main/ERROR] [Apotheosis : Adventure/]: Underlying Exception: 
java.lang.NullPointerException: Element not found: amount
	at java.util.Objects.requireNonNull(Objects.java:235) ~[?:?]
	at daripher.skilltree.data.serializers.SerializationHelper.getElement(SerializationHelper.java:579) ~[PassiveSkillTree-1.20.1-BETA-0.6.14a-all.jar%23473!/:0.6.14a]
	at daripher.skilltree.skill.bonus.item.ItemDurabilityBonus$Serializer.deserialize(ItemDurabilityBonus.java:124) ~[PassiveSkillTree-1.20.1-BETA-0.6.14a-all.jar%23473!/:0.6.14a]
	at daripher.skilltree.skill.bonus.item.ItemDurabilityBonus$Serializer.deserialize(ItemDurabilityBonus.java:121) ~[PassiveSkillTree-1.20.1-BETA-0.6.14a-all.jar%23473!/:0.6.14a]
	at daripher.skilltree.data.serializers.SerializationHelper.deserializeItemBonus(SerializationHelper.java:62) ~[PassiveSkillTree-1.20.1-BETA-0.6.14a-all.jar%23473!/:0.6.14a]
	at daripher.skilltree.compat.apotheosis.gem.PSTGemBonus$1.decode(PSTGemBonus.java:32) ~[PassiveSkillTree-1.20.1-BETA-0.6.14a-all.jar%23473!/:0.6.14a]
	at com.mojang.serialization.Decoder.parse(Decoder.java:18) ~[datafixerupper-6.0.8.jar%2377!/:?]
	at com.mojang.serialization.codecs.FieldDecoder.decode(FieldDecoder.java:29) ~[datafixerupper-6.0.8.jar%2377!/:?]
	at com.mojang.serialization.MapCodec$1.decode(MapCodec.java:34) ~[datafixerupper-6.0.8.jar%2377!/:?]
	at com.mojang.serialization.codecs.RecordCodecBuilder$Instance$3.decode(RecordCodecBuilder.java:249) ~[datafixerupper-6.0.8.jar%2377!/:?]
	at com.mojang.serialization.codecs.RecordCodecBuilder$2.decode(RecordCodecBuilder.java:107) ~[datafixerupper-6.0.8.jar%2377!/:?]
	at com.mojang.serialization.MapDecoder.lambda$compressedDecode$1(MapDecoder.java:52) ~[datafixerupper-6.0.8.jar%2377!/:?]
	at com.mojang.serialization.DataResult.lambda$flatMap$11(DataResult.java:139) ~[datafixerupper-6.0.8.jar%2377!/:?]
	at com.mojang.datafixers.util.Either$Left.map(Either.java:38) ~[datafixerupper-6.0.8.jar%2377!/:?]
	at com.mojang.serialization.DataResult.flatMap(DataResult.java:137) ~[datafixerupper-6.0.8.jar%2377!/:?]
	at com.mojang.serialization.MapDecoder.compressedDecode(MapDecoder.java:52) ~[datafixerupper-6.0.8.jar%2377!/:?]
	at com.mojang.serialization.MapCodec$MapCodecCodec.decode(MapCodec.java:91) ~[datafixerupper-6.0.8.jar%2377!/:?]
	at dev.shadowsoffire.placebo.codec.MapBackedCodec.decode(MapBackedCodec.java:54) ~[Placebo-1.20.1-8.6.2.jar%23477!/:8.6.2]
	at dev.shadowsoffire.placebo.codec.CodecMap.decode(CodecMap.java:116) ~[Placebo-1.20.1-8.6.2.jar%23477!/:8.6.2]
	at com.mojang.serialization.codecs.ListCodec.lambda$decode$2(ListCodec.java:46) ~[datafixerupper-6.0.8.jar%2377!/:?]
	at com.mojang.serialization.JsonOps.lambda$getList$21(JsonOps.java:292) ~[datafixerupper-6.0.8.jar%2377!/:?]
	at com.mojang.serialization.codecs.ListCodec.lambda$decode$4(ListCodec.java:45) ~[datafixerupper-6.0.8.jar%2377!/:?]
	at com.mojang.serialization.DataResult.lambda$flatMap$11(DataResult.java:139) ~[datafixerupper-6.0.8.jar%2377!/:?]
	at com.mojang.datafixers.util.Either$Left.map(Either.java:38) ~[datafixerupper-6.0.8.jar%2377!/:?]
	at com.mojang.serialization.DataResult.flatMap(DataResult.java:137) ~[datafixerupper-6.0.8.jar%2377!/:?]
	at com.mojang.serialization.codecs.ListCodec.decode(ListCodec.java:39) ~[datafixerupper-6.0.8.jar%2377!/:?]
	at com.mojang.serialization.Decoder.parse(Decoder.java:18) ~[datafixerupper-6.0.8.jar%2377!/:?]
	at com.mojang.serialization.codecs.FieldDecoder.decode(FieldDecoder.java:29) ~[datafixerupper-6.0.8.jar%2377!/:?]
	at com.mojang.serialization.MapCodec$1.decode(MapCodec.java:34) ~[datafixerupper-6.0.8.jar%2377!/:?]
	at com.mojang.serialization.codecs.RecordCodecBuilder$Instance$7.decode(RecordCodecBuilder.java:407) ~[datafixerupper-6.0.8.jar%2377!/:?]
	at com.mojang.serialization.codecs.RecordCodecBuilder$2.decode(RecordCodecBuilder.java:107) ~[datafixerupper-6.0.8.jar%2377!/:?]
	at com.mojang.serialization.MapDecoder.lambda$compressedDecode$1(MapDecoder.java:52) ~[datafixerupper-6.0.8.jar%2377!/:?]
	at com.mojang.serialization.DataResult.lambda$flatMap$11(DataResult.java:139) ~[datafixerupper-6.0.8.jar%2377!/:?]
	at com.mojang.datafixers.util.Either$Left.map(Either.java:38) ~[datafixerupper-6.0.8.jar%2377!/:?]
	at com.mojang.serialization.DataResult.flatMap(DataResult.java:137) ~[datafixerupper-6.0.8.jar%2377!/:?]
	at com.mojang.serialization.MapDecoder.compressedDecode(MapDecoder.java:52) ~[datafixerupper-6.0.8.jar%2377!/:?]
	at com.mojang.serialization.MapCodec$MapCodecCodec.decode(MapCodec.java:91) ~[datafixerupper-6.0.8.jar%2377!/:?]
	at dev.shadowsoffire.placebo.codec.MapBackedCodec.decode(MapBackedCodec.java:54) ~[Placebo-1.20.1-8.6.2.jar%23477!/:8.6.2]
	at dev.shadowsoffire.placebo.codec.CodecMap.decode(CodecMap.java:116) ~[Placebo-1.20.1-8.6.2.jar%23477!/:8.6.2]
	at dev.shadowsoffire.placebo.reload.DynamicRegistry.lambda$apply$0(DynamicRegistry.java:140) ~[Placebo-1.20.1-8.6.2.jar%23477!/:8.6.2]
	at java.util.HashMap.forEach(HashMap.java:1421) ~[?:?]
	at dev.shadowsoffire.placebo.reload.DynamicRegistry.apply(DynamicRegistry.java:136) ~[Placebo-1.20.1-8.6.2.jar%23477!/:8.6.2]
	at dev.shadowsoffire.placebo.reload.DynamicRegistry.m_5787_(DynamicRegistry.java:62) ~[Placebo-1.20.1-8.6.2.jar%23477!/:8.6.2]
	at net.minecraft.server.packs.resources.SimplePreparableReloadListener.m_10789_(SimplePreparableReloadListener.java:13) ~[server-1.20.1-20230612.114412-srg.jar%23539!/:?]
	at java.util.concurrent.CompletableFuture$UniAccept.tryFire(CompletableFuture.java:718) ~[?:?]
	at java.util.concurrent.CompletableFuture$Completion.run(CompletableFuture.java:482) ~[?:?]
	at net.minecraft.server.packs.resources.SimpleReloadInstance.m_143940_(SimpleReloadInstance.java:69) ~[server-1.20.1-20230612.114412-srg.jar%23539!/:?]
	at net.minecraft.Util.m_214652_(Util.java:783) ~[server-1.20.1-20230612.114412-srg.jar%23539!/:?]
	at net.minecraft.Util.m_214679_(Util.java:772) ~[server-1.20.1-20230612.114412-srg.jar%23539!/:?]
	at net.minecraft.server.Main.main(Main.java:166) ~[server-1.20.1-20230612.114412-srg.jar%23539!/:?]
	at jdk.internal.reflect.NativeMethodAccessorImpl.invoke0(Native Method) ~[?:?]
	at jdk.internal.reflect.NativeMethodAccessorImpl.invoke(NativeMethodAccessorImpl.java:77) ~[?:?]
	at jdk.internal.reflect.DelegatingMethodAccessorImpl.invoke(DelegatingMethodAccessorImpl.java:43) ~[?:?]
	at java.lang.reflect.Method.invoke(Method.java:569) ~[?:?]
	at net.minecraftforge.fml.loading.targets.CommonLaunchHandler.runTarget(CommonLaunchHandler.java:111) ~[fmlloader-1.20.1-47.4.10.jar%2369!/:?]
	at net.minecraftforge.fml.loading.targets.CommonLaunchHandler.serverService(CommonLaunchHandler.java:103) ~[fmlloader-1.20.1-47.4.10.jar%2369!/:?]
	at net.minecraftforge.fml.loading.targets.CommonServerLaunchHandler.lambda$makeService$0(CommonServerLaunchHandler.java:27) ~[fmlloader-1.20.1-47.4.10.jar%2369!/:?]
	at cpw.mods.modlauncher.LaunchServiceHandlerDecorator.launch(LaunchServiceHandlerDecorator.java:30) ~[modlauncher-10.0.9.jar%2355!/:?]
	at cpw.mods.modlauncher.LaunchServiceHandler.launch(LaunchServiceHandler.java:53) ~[modlauncher-10.0.9.jar%2355!/:?]
	at cpw.mods.modlauncher.LaunchServiceHandler.launch(LaunchServiceHandler.java:71) ~[modlauncher-10.0.9.jar%2355!/:?]
	at cpw.mods.modlauncher.Launcher.run(Launcher.java:108) ~[modlauncher-10.0.9.jar%2355!/:?]
	at cpw.mods.modlauncher.Launcher.main(Launcher.java:78) ~[modlauncher-10.0.9.jar%2355!/:?]
	at cpw.mods.modlauncher.BootstrapLaunchConsumer.accept(BootstrapLaunchConsumer.java:26) ~[modlauncher-10.0.9.jar%2355!/:?]
	at cpw.mods.modlauncher.BootstrapLaunchConsumer.accept(BootstrapLaunchConsumer.java:23) ~[modlauncher-10.0.9.jar%2355!/:?]
	at cpw.mods.bootstraplauncher.BootstrapLauncher.main(BootstrapLauncher.java:141) ~[bootstraplauncher-1.1.2.jar:?]
[19Oct2025 17:24:01.558] [main/ERROR] [Apotheosis : Adventure/]: Failed parsing gems file skilltree:sapphire_0.
[19Oct2025 17:24:01.558] [main/ERROR] [Apotheosis : Adventure/]: Underlying Exception: 
java.lang.NullPointerException: Element not found: amount
	at java.util.Objects.requireNonNull(Objects.java:235) ~[?:?]
	at daripher.skilltree.data.serializers.SerializationHelper.getElement(SerializationHelper.java:579) ~[PassiveSkillTree-1.20.1-BETA-0.6.14a-all.jar%23473!/:0.6.14a]
	at daripher.skilltree.skill.bonus.item.ItemDurabilityBonus$Serializer.deserialize(ItemDurabilityBonus.java:124) ~[PassiveSkillTree-1.20.1-BETA-0.6.14a-all.jar%23473!/:0.6.14a]
	at daripher.skilltree.skill.bonus.item.ItemDurabilityBonus$Serializer.deserialize(ItemDurabilityBonus.java:121) ~[PassiveSkillTree-1.20.1-BETA-0.6.14a-all.jar%23473!/:0.6.14a]
	at daripher.skilltree.data.serializers.SerializationHelper.deserializeItemBonus(SerializationHelper.java:62) ~[PassiveSkillTree-1.20.1-BETA-0.6.14a-all.jar%23473!/:0.6.14a]
	at daripher.skilltree.compat.apotheosis.gem.PSTGemBonus$1.decode(PSTGemBonus.java:32) ~[PassiveSkillTree-1.20.1-BETA-0.6.14a-all.jar%23473!/:0.6.14a]
	at com.mojang.serialization.Decoder.parse(Decoder.java:18) ~[datafixerupper-6.0.8.jar%2377!/:?]
	at com.mojang.serialization.codecs.FieldDecoder.decode(FieldDecoder.java:29) ~[datafixerupper-6.0.8.jar%2377!/:?]
	at com.mojang.serialization.MapCodec$1.decode(MapCodec.java:34) ~[datafixerupper-6.0.8.jar%2377!/:?]
	at com.mojang.serialization.codecs.RecordCodecBuilder$Instance$3.decode(RecordCodecBuilder.java:249) ~[datafixerupper-6.0.8.jar%2377!/:?]
	at com.mojang.serialization.codecs.RecordCodecBuilder$2.decode(RecordCodecBuilder.java:107) ~[datafixerupper-6.0.8.jar%2377!/:?]
	at com.mojang.serialization.MapDecoder.lambda$compressedDecode$1(MapDecoder.java:52) ~[datafixerupper-6.0.8.jar%2377!/:?]
	at com.mojang.serialization.DataResult.lambda$flatMap$11(DataResult.java:139) ~[datafixerupper-6.0.8.jar%2377!/:?]
	at com.mojang.datafixers.util.Either$Left.map(Either.java:38) ~[datafixerupper-6.0.8.jar%2377!/:?]
	at com.mojang.serialization.DataResult.flatMap(DataResult.java:137) ~[datafixerupper-6.0.8.jar%2377!/:?]
	at com.mojang.serialization.MapDecoder.compressedDecode(MapDecoder.java:52) ~[datafixerupper-6.0.8.jar%2377!/:?]
	at com.mojang.serialization.MapCodec$MapCodecCodec.decode(MapCodec.java:91) ~[datafixerupper-6.0.8.jar%2377!/:?]
	at dev.shadowsoffire.placebo.codec.MapBackedCodec.decode(MapBackedCodec.java:54) ~[Placebo-1.20.1-8.6.2.jar%23477!/:8.6.2]
	at dev.shadowsoffire.placebo.codec.CodecMap.decode(CodecMap.java:116) ~[Placebo-1.20.1-8.6.2.jar%23477!/:8.6.2]
	at com.mojang.serialization.codecs.ListCodec.lambda$decode$2(ListCodec.java:46) ~[datafixerupper-6.0.8.jar%2377!/:?]
	at com.mojang.serialization.JsonOps.lambda$getList$21(JsonOps.java:292) ~[datafixerupper-6.0.8.jar%2377!/:?]
	at com.mojang.serialization.codecs.ListCodec.lambda$decode$4(ListCodec.java:45) ~[datafixerupper-6.0.8.jar%2377!/:?]
	at com.mojang.serialization.DataResult.lambda$flatMap$11(DataResult.java:139) ~[datafixerupper-6.0.8.jar%2377!/:?]
	at com.mojang.datafixers.util.Either$Left.map(Either.java:38) ~[datafixerupper-6.0.8.jar%2377!/:?]
	at com.mojang.serialization.DataResult.flatMap(DataResult.java:137) ~[datafixerupper-6.0.8.jar%2377!/:?]
	at com.mojang.serialization.codecs.ListCodec.decode(ListCodec.java:39) ~[datafixerupper-6.0.8.jar%2377!/:?]
	at com.mojang.serialization.Decoder.parse(Decoder.java:18) ~[datafixerupper-6.0.8.jar%2377!/:?]
	at com.mojang.serialization.codecs.FieldDecoder.decode(FieldDecoder.java:29) ~[datafixerupper-6.0.8.jar%2377!/:?]
	at com.mojang.serialization.MapCodec$1.decode(MapCodec.java:34) ~[datafixerupper-6.0.8.jar%2377!/:?]
	at com.mojang.serialization.codecs.RecordCodecBuilder$Instance$7.decode(RecordCodecBuilder.java:407) ~[datafixerupper-6.0.8.jar%2377!/:?]
	at com.mojang.serialization.codecs.RecordCodecBuilder$2.decode(RecordCodecBuilder.java:107) ~[datafixerupper-6.0.8.jar%2377!/:?]
	at com.mojang.serialization.MapDecoder.lambda$compressedDecode$1(MapDecoder.java:52) ~[datafixerupper-6.0.8.jar%2377!/:?]
	at com.mojang.serialization.DataResult.lambda$flatMap$11(DataResult.java:139) ~[datafixerupper-6.0.8.jar%2377!/:?]
	at com.mojang.datafixers.util.Either$Left.map(Either.java:38) ~[datafixerupper-6.0.8.jar%2377!/:?]
	at com.mojang.serialization.DataResult.flatMap(DataResult.java:137) ~[datafixerupper-6.0.8.jar%2377!/:?]
	at com.mojang.serialization.MapDecoder.compressedDecode(MapDecoder.java:52) ~[datafixerupper-6.0.8.jar%2377!/:?]
	at com.mojang.serialization.MapCodec$MapCodecCodec.decode(MapCodec.java:91) ~[datafixerupper-6.0.8.jar%2377!/:?]
	at dev.shadowsoffire.placebo.codec.MapBackedCodec.decode(MapBackedCodec.java:54) ~[Placebo-1.20.1-8.6.2.jar%23477!/:8.6.2]
	at dev.shadowsoffire.placebo.codec.CodecMap.decode(CodecMap.java:116) ~[Placebo-1.20.1-8.6.2.jar%23477!/:8.6.2]
	at dev.shadowsoffire.placebo.reload.DynamicRegistry.lambda$apply$0(DynamicRegistry.java:140) ~[Placebo-1.20.1-8.6.2.jar%23477!/:8.6.2]
	at java.util.HashMap.forEach(HashMap.java:1421) ~[?:?]
	at dev.shadowsoffire.placebo.reload.DynamicRegistry.apply(DynamicRegistry.java:136) ~[Placebo-1.20.1-8.6.2.jar%23477!/:8.6.2]
	at dev.shadowsoffire.placebo.reload.DynamicRegistry.m_5787_(DynamicRegistry.java:62) ~[Placebo-1.20.1-8.6.2.jar%23477!/:8.6.2]
	at net.minecraft.server.packs.resources.SimplePreparableReloadListener.m_10789_(SimplePreparableReloadListener.java:13) ~[server-1.20.1-20230612.114412-srg.jar%23539!/:?]
	at java.util.concurrent.CompletableFuture$UniAccept.tryFire(CompletableFuture.java:718) ~[?:?]
	at java.util.concurrent.CompletableFuture$Completion.run(CompletableFuture.java:482) ~[?:?]
	at net.minecraft.server.packs.resources.SimpleReloadInstance.m_143940_(SimpleReloadInstance.java:69) ~[server-1.20.1-20230612.114412-srg.jar%23539!/:?]
	at net.minecraft.Util.m_214652_(Util.java:783) ~[server-1.20.1-20230612.114412-srg.jar%23539!/:?]
	at net.minecraft.Util.m_214679_(Util.java:772) ~[server-1.20.1-20230612.114412-srg.jar%23539!/:?]
	at net.minecraft.server.Main.main(Main.java:166) ~[server-1.20.1-20230612.114412-srg.jar%23539!/:?]
	at jdk.internal.reflect.NativeMethodAccessorImpl.invoke0(Native Method) ~[?:?]
	at jdk.internal.reflect.NativeMethodAccessorImpl.invoke(NativeMethodAccessorImpl.java:77) ~[?:?]
	at jdk.internal.reflect.DelegatingMethodAccessorImpl.invoke(DelegatingMethodAccessorImpl.java:43) ~[?:?]
	at java.lang.reflect.Method.invoke(Method.java:569) ~[?:?]
	at net.minecraftforge.fml.loading.targets.CommonLaunchHandler.runTarget(CommonLaunchHandler.java:111) ~[fmlloader-1.20.1-47.4.10.jar%2369!/:?]
	at net.minecraftforge.fml.loading.targets.CommonLaunchHandler.serverService(CommonLaunchHandler.java:103) ~[fmlloader-1.20.1-47.4.10.jar%2369!/:?]
	at net.minecraftforge.fml.loading.targets.CommonServerLaunchHandler.lambda$makeService$0(CommonServerLaunchHandler.java:27) ~[fmlloader-1.20.1-47.4.10.jar%2369!/:?]
	at cpw.mods.modlauncher.LaunchServiceHandlerDecorator.launch(LaunchServiceHandlerDecorator.java:30) ~[modlauncher-10.0.9.jar%2355!/:?]
	at cpw.mods.modlauncher.LaunchServiceHandler.launch(LaunchServiceHandler.java:53) ~[modlauncher-10.0.9.jar%2355!/:?]
	at cpw.mods.modlauncher.LaunchServiceHandler.launch(LaunchServiceHandler.java:71) ~[modlauncher-10.0.9.jar%2355!/:?]
	at cpw.mods.modlauncher.Launcher.run(Launcher.java:108) ~[modlauncher-10.0.9.jar%2355!/:?]
	at cpw.mods.modlauncher.Launcher.main(Launcher.java:78) ~[modlauncher-10.0.9.jar%2355!/:?]
	at cpw.mods.modlauncher.BootstrapLaunchConsumer.accept(BootstrapLaunchConsumer.java:26) ~[modlauncher-10.0.9.jar%2355!/:?]
	at cpw.mods.modlauncher.BootstrapLaunchConsumer.accept(BootstrapLaunchConsumer.java:23) ~[modlauncher-10.0.9.jar%2355!/:?]
	at cpw.mods.bootstraplauncher.BootstrapLauncher.main(BootstrapLauncher.java:141) ~[bootstraplauncher-1.1.2.jar:?]
[19Oct2025 17:24:01.560] [main/ERROR] [Apotheosis : Adventure/]: Failed parsing gems file skilltree:sapphire_1.
[19Oct2025 17:24:01.560] [main/ERROR] [Apotheosis : Adventure/]: Underlying Exception: 
java.lang.NullPointerException: Element not found: amount
	at java.util.Objects.requireNonNull(Objects.java:235) ~[?:?]
	at daripher.skilltree.data.serializers.SerializationHelper.getElement(SerializationHelper.java:579) ~[PassiveSkillTree-1.20.1-BETA-0.6.14a-all.jar%23473!/:0.6.14a]
	at daripher.skilltree.skill.bonus.item.ItemDurabilityBonus$Serializer.deserialize(ItemDurabilityBonus.java:124) ~[PassiveSkillTree-1.20.1-BETA-0.6.14a-all.jar%23473!/:0.6.14a]
	at daripher.skilltree.skill.bonus.item.ItemDurabilityBonus$Serializer.deserialize(ItemDurabilityBonus.java:121) ~[PassiveSkillTree-1.20.1-BETA-0.6.14a-all.jar%23473!/:0.6.14a]
	at daripher.skilltree.data.serializers.SerializationHelper.deserializeItemBonus(SerializationHelper.java:62) ~[PassiveSkillTree-1.20.1-BETA-0.6.14a-all.jar%23473!/:0.6.14a]
	at daripher.skilltree.compat.apotheosis.gem.PSTGemBonus$1.decode(PSTGemBonus.java:32) ~[PassiveSkillTree-1.20.1-BETA-0.6.14a-all.jar%23473!/:0.6.14a]
	at com.mojang.serialization.Decoder.parse(Decoder.java:18) ~[datafixerupper-6.0.8.jar%2377!/:?]
	at com.mojang.serialization.codecs.FieldDecoder.decode(FieldDecoder.java:29) ~[datafixerupper-6.0.8.jar%2377!/:?]
	at com.mojang.serialization.MapCodec$1.decode(MapCodec.java:34) ~[datafixerupper-6.0.8.jar%2377!/:?]
	at com.mojang.serialization.codecs.RecordCodecBuilder$Instance$3.decode(RecordCodecBuilder.java:249) ~[datafixerupper-6.0.8.jar%2377!/:?]
	at com.mojang.serialization.codecs.RecordCodecBuilder$2.decode(RecordCodecBuilder.java:107) ~[datafixerupper-6.0.8.jar%2377!/:?]
	at com.mojang.serialization.MapDecoder.lambda$compressedDecode$1(MapDecoder.java:52) ~[datafixerupper-6.0.8.jar%2377!/:?]
	at com.mojang.serialization.DataResult.lambda$flatMap$11(DataResult.java:139) ~[datafixerupper-6.0.8.jar%2377!/:?]
	at com.mojang.datafixers.util.Either$Left.map(Either.java:38) ~[datafixerupper-6.0.8.jar%2377!/:?]
	at com.mojang.serialization.DataResult.flatMap(DataResult.java:137) ~[datafixerupper-6.0.8.jar%2377!/:?]
	at com.mojang.serialization.MapDecoder.compressedDecode(MapDecoder.java:52) ~[datafixerupper-6.0.8.jar%2377!/:?]
	at com.mojang.serialization.MapCodec$MapCodecCodec.decode(MapCodec.java:91) ~[datafixerupper-6.0.8.jar%2377!/:?]
	at dev.shadowsoffire.placebo.codec.MapBackedCodec.decode(MapBackedCodec.java:54) ~[Placebo-1.20.1-8.6.2.jar%23477!/:8.6.2]
	at dev.shadowsoffire.placebo.codec.CodecMap.decode(CodecMap.java:116) ~[Placebo-1.20.1-8.6.2.jar%23477!/:8.6.2]
	at com.mojang.serialization.codecs.ListCodec.lambda$decode$2(ListCodec.java:46) ~[datafixerupper-6.0.8.jar%2377!/:?]
	at com.mojang.serialization.JsonOps.lambda$getList$21(JsonOps.java:292) ~[datafixerupper-6.0.8.jar%2377!/:?]
	at com.mojang.serialization.codecs.ListCodec.lambda$decode$4(ListCodec.java:45) ~[datafixerupper-6.0.8.jar%2377!/:?]
	at com.mojang.serialization.DataResult.lambda$flatMap$11(DataResult.java:139) ~[datafixerupper-6.0.8.jar%2377!/:?]
	at com.mojang.datafixers.util.Either$Left.map(Either.java:38) ~[datafixerupper-6.0.8.jar%2377!/:?]
	at com.mojang.serialization.DataResult.flatMap(DataResult.java:137) ~[datafixerupper-6.0.8.jar%2377!/:?]
	at com.mojang.serialization.codecs.ListCodec.decode(ListCodec.java:39) ~[datafixerupper-6.0.8.jar%2377!/:?]
	at com.mojang.serialization.Decoder.parse(Decoder.java:18) ~[datafixerupper-6.0.8.jar%2377!/:?]
	at com.mojang.serialization.codecs.FieldDecoder.decode(FieldDecoder.java:29) ~[datafixerupper-6.0.8.jar%2377!/:?]
	at com.mojang.serialization.MapCodec$1.decode(MapCodec.java:34) ~[datafixerupper-6.0.8.jar%2377!/:?]
	at com.mojang.serialization.codecs.RecordCodecBuilder$Instance$7.decode(RecordCodecBuilder.java:407) ~[datafixerupper-6.0.8.jar%2377!/:?]
	at com.mojang.serialization.codecs.RecordCodecBuilder$2.decode(RecordCodecBuilder.java:107) ~[datafixerupper-6.0.8.jar%2377!/:?]
	at com.mojang.serialization.MapDecoder.lambda$compressedDecode$1(MapDecoder.java:52) ~[datafixerupper-6.0.8.jar%2377!/:?]
	at com.mojang.serialization.DataResult.lambda$flatMap$11(DataResult.java:139) ~[datafixerupper-6.0.8.jar%2377!/:?]
	at com.mojang.datafixers.util.Either$Left.map(Either.java:38) ~[datafixerupper-6.0.8.jar%2377!/:?]
	at com.mojang.serialization.DataResult.flatMap(DataResult.java:137) ~[datafixerupper-6.0.8.jar%2377!/:?]
	at com.mojang.serialization.MapDecoder.compressedDecode(MapDecoder.java:52) ~[datafixerupper-6.0.8.jar%2377!/:?]
	at com.mojang.serialization.MapCodec$MapCodecCodec.decode(MapCodec.java:91) ~[datafixerupper-6.0.8.jar%2377!/:?]
	at dev.shadowsoffire.placebo.codec.MapBackedCodec.decode(MapBackedCodec.java:54) ~[Placebo-1.20.1-8.6.2.jar%23477!/:8.6.2]
	at dev.shadowsoffire.placebo.codec.CodecMap.decode(CodecMap.java:116) ~[Placebo-1.20.1-8.6.2.jar%23477!/:8.6.2]
	at dev.shadowsoffire.placebo.reload.DynamicRegistry.lambda$apply$0(DynamicRegistry.java:140) ~[Placebo-1.20.1-8.6.2.jar%23477!/:8.6.2]
	at java.util.HashMap.forEach(HashMap.java:1421) ~[?:?]
	at dev.shadowsoffire.placebo.reload.DynamicRegistry.apply(DynamicRegistry.java:136) ~[Placebo-1.20.1-8.6.2.jar%23477!/:8.6.2]
	at dev.shadowsoffire.placebo.reload.DynamicRegistry.m_5787_(DynamicRegistry.java:62) ~[Placebo-1.20.1-8.6.2.jar%23477!/:8.6.2]
	at net.minecraft.server.packs.resources.SimplePreparableReloadListener.m_10789_(SimplePreparableReloadListener.java:13) ~[server-1.20.1-20230612.114412-srg.jar%23539!/:?]
	at java.util.concurrent.CompletableFuture$UniAccept.tryFire(CompletableFuture.java:718) ~[?:?]
	at java.util.concurrent.CompletableFuture$Completion.run(CompletableFuture.java:482) ~[?:?]
	at net.minecraft.server.packs.resources.SimpleReloadInstance.m_143940_(SimpleReloadInstance.java:69) ~[server-1.20.1-20230612.114412-srg.jar%23539!/:?]
	at net.minecraft.Util.m_214652_(Util.java:783) ~[server-1.20.1-20230612.114412-srg.jar%23539!/:?]
	at net.minecraft.Util.m_214679_(Util.java:772) ~[server-1.20.1-20230612.114412-srg.jar%23539!/:?]
	at net.minecraft.server.Main.main(Main.java:166) ~[server-1.20.1-20230612.114412-srg.jar%23539!/:?]
	at jdk.internal.reflect.NativeMethodAccessorImpl.invoke0(Native Method) ~[?:?]
	at jdk.internal.reflect.NativeMethodAccessorImpl.invoke(NativeMethodAccessorImpl.java:77) ~[?:?]
	at jdk.internal.reflect.DelegatingMethodAccessorImpl.invoke(DelegatingMethodAccessorImpl.java:43) ~[?:?]
	at java.lang.reflect.Method.invoke(Method.java:569) ~[?:?]
	at net.minecraftforge.fml.loading.targets.CommonLaunchHandler.runTarget(CommonLaunchHandler.java:111) ~[fmlloader-1.20.1-47.4.10.jar%2369!/:?]
	at net.minecraftforge.fml.loading.targets.CommonLaunchHandler.serverService(CommonLaunchHandler.java:103) ~[fmlloader-1.20.1-47.4.10.jar%2369!/:?]
	at net.minecraftforge.fml.loading.targets.CommonServerLaunchHandler.lambda$makeService$0(CommonServerLaunchHandler.java:27) ~[fmlloader-1.20.1-47.4.10.jar%2369!/:?]
	at cpw.mods.modlauncher.LaunchServiceHandlerDecorator.launch(LaunchServiceHandlerDecorator.java:30) ~[modlauncher-10.0.9.jar%2355!/:?]
	at cpw.mods.modlauncher.LaunchServiceHandler.launch(LaunchServiceHandler.java:53) ~[modlauncher-10.0.9.jar%2355!/:?]
	at cpw.mods.modlauncher.LaunchServiceHandler.launch(LaunchServiceHandler.java:71) ~[modlauncher-10.0.9.jar%2355!/:?]
	at cpw.mods.modlauncher.Launcher.run(Launcher.java:108) ~[modlauncher-10.0.9.jar%2355!/:?]
	at cpw.mods.modlauncher.Launcher.main(Launcher.java:78) ~[modlauncher-10.0.9.jar%2355!/:?]
	at cpw.mods.modlauncher.BootstrapLaunchConsumer.accept(BootstrapLaunchConsumer.java:26) ~[modlauncher-10.0.9.jar%2355!/:?]
	at cpw.mods.modlauncher.BootstrapLaunchConsumer.accept(BootstrapLaunchConsumer.java:23) ~[modlauncher-10.0.9.jar%2355!/:?]
	at cpw.mods.bootstraplauncher.BootstrapLauncher.main(BootstrapLauncher.java:141) ~[bootstraplauncher-1.1.2.jar:?]
[19Oct2025 17:24:01.563] [main/ERROR] [Apotheosis : Adventure/]: Failed parsing gems file skilltree:sapphire_4.
[19Oct2025 17:24:01.563] [main/ERROR] [Apotheosis : Adventure/]: Underlying Exception: 
java.lang.NullPointerException: Element not found: amount
	at java.util.Objects.requireNonNull(Objects.java:235) ~[?:?]
	at daripher.skilltree.data.serializers.SerializationHelper.getElement(SerializationHelper.java:579) ~[PassiveSkillTree-1.20.1-BETA-0.6.14a-all.jar%23473!/:0.6.14a]
	at daripher.skilltree.skill.bonus.item.ItemDurabilityBonus$Serializer.deserialize(ItemDurabilityBonus.java:124) ~[PassiveSkillTree-1.20.1-BETA-0.6.14a-all.jar%23473!/:0.6.14a]
	at daripher.skilltree.skill.bonus.item.ItemDurabilityBonus$Serializer.deserialize(ItemDurabilityBonus.java:121) ~[PassiveSkillTree-1.20.1-BETA-0.6.14a-all.jar%23473!/:0.6.14a]
	at daripher.skilltree.data.serializers.SerializationHelper.deserializeItemBonus(SerializationHelper.java:62) ~[PassiveSkillTree-1.20.1-BETA-0.6.14a-all.jar%23473!/:0.6.14a]
	at daripher.skilltree.compat.apotheosis.gem.PSTGemBonus$1.decode(PSTGemBonus.java:32) ~[PassiveSkillTree-1.20.1-BETA-0.6.14a-all.jar%23473!/:0.6.14a]
	at com.mojang.serialization.Decoder.parse(Decoder.java:18) ~[datafixerupper-6.0.8.jar%2377!/:?]
	at com.mojang.serialization.codecs.FieldDecoder.decode(FieldDecoder.java:29) ~[datafixerupper-6.0.8.jar%2377!/:?]
	at com.mojang.serialization.MapCodec$1.decode(MapCodec.java:34) ~[datafixerupper-6.0.8.jar%2377!/:?]
	at com.mojang.serialization.codecs.RecordCodecBuilder$Instance$3.decode(RecordCodecBuilder.java:249) ~[datafixerupper-6.0.8.jar%2377!/:?]
	at com.mojang.serialization.codecs.RecordCodecBuilder$2.decode(RecordCodecBuilder.java:107) ~[datafixerupper-6.0.8.jar%2377!/:?]
	at com.mojang.serialization.MapDecoder.lambda$compressedDecode$1(MapDecoder.java:52) ~[datafixerupper-6.0.8.jar%2377!/:?]
	at com.mojang.serialization.DataResult.lambda$flatMap$11(DataResult.java:139) ~[datafixerupper-6.0.8.jar%2377!/:?]
	at com.mojang.datafixers.util.Either$Left.map(Either.java:38) ~[datafixerupper-6.0.8.jar%2377!/:?]
	at com.mojang.serialization.DataResult.flatMap(DataResult.java:137) ~[datafixerupper-6.0.8.jar%2377!/:?]
	at com.mojang.serialization.MapDecoder.compressedDecode(MapDecoder.java:52) ~[datafixerupper-6.0.8.jar%2377!/:?]
	at com.mojang.serialization.MapCodec$MapCodecCodec.decode(MapCodec.java:91) ~[datafixerupper-6.0.8.jar%2377!/:?]
	at dev.shadowsoffire.placebo.codec.MapBackedCodec.decode(MapBackedCodec.java:54) ~[Placebo-1.20.1-8.6.2.jar%23477!/:8.6.2]
	at dev.shadowsoffire.placebo.codec.CodecMap.decode(CodecMap.java:116) ~[Placebo-1.20.1-8.6.2.jar%23477!/:8.6.2]
	at com.mojang.serialization.codecs.ListCodec.lambda$decode$2(ListCodec.java:46) ~[datafixerupper-6.0.8.jar%2377!/:?]
	at com.mojang.serialization.JsonOps.lambda$getList$21(JsonOps.java:292) ~[datafixerupper-6.0.8.jar%2377!/:?]
	at com.mojang.serialization.codecs.ListCodec.lambda$decode$4(ListCodec.java:45) ~[datafixerupper-6.0.8.jar%2377!/:?]
	at com.mojang.serialization.DataResult.lambda$flatMap$11(DataResult.java:139) ~[datafixerupper-6.0.8.jar%2377!/:?]
	at com.mojang.datafixers.util.Either$Left.map(Either.java:38) ~[datafixerupper-6.0.8.jar%2377!/:?]
	at com.mojang.serialization.DataResult.flatMap(DataResult.java:137) ~[datafixerupper-6.0.8.jar%2377!/:?]
	at com.mojang.serialization.codecs.ListCodec.decode(ListCodec.java:39) ~[datafixerupper-6.0.8.jar%2377!/:?]
	at com.mojang.serialization.Decoder.parse(Decoder.java:18) ~[datafixerupper-6.0.8.jar%2377!/:?]
	at com.mojang.serialization.codecs.FieldDecoder.decode(FieldDecoder.java:29) ~[datafixerupper-6.0.8.jar%2377!/:?]
	at com.mojang.serialization.MapCodec$1.decode(MapCodec.java:34) ~[datafixerupper-6.0.8.jar%2377!/:?]
	at com.mojang.serialization.codecs.RecordCodecBuilder$Instance$7.decode(RecordCodecBuilder.java:407) ~[datafixerupper-6.0.8.jar%2377!/:?]
	at com.mojang.serialization.codecs.RecordCodecBuilder$2.decode(RecordCodecBuilder.java:107) ~[datafixerupper-6.0.8.jar%2377!/:?]
	at com.mojang.serialization.MapDecoder.lambda$compressedDecode$1(MapDecoder.java:52) ~[datafixerupper-6.0.8.jar%2377!/:?]
	at com.mojang.serialization.DataResult.lambda$flatMap$11(DataResult.java:139) ~[datafixerupper-6.0.8.jar%2377!/:?]
	at com.mojang.datafixers.util.Either$Left.map(Either.java:38) ~[datafixerupper-6.0.8.jar%2377!/:?]
	at com.mojang.serialization.DataResult.flatMap(DataResult.java:137) ~[datafixerupper-6.0.8.jar%2377!/:?]
	at com.mojang.serialization.MapDecoder.compressedDecode(MapDecoder.java:52) ~[datafixerupper-6.0.8.jar%2377!/:?]
	at com.mojang.serialization.MapCodec$MapCodecCodec.decode(MapCodec.java:91) ~[datafixerupper-6.0.8.jar%2377!/:?]
	at dev.shadowsoffire.placebo.codec.MapBackedCodec.decode(MapBackedCodec.java:54) ~[Placebo-1.20.1-8.6.2.jar%23477!/:8.6.2]
	at dev.shadowsoffire.placebo.codec.CodecMap.decode(CodecMap.java:116) ~[Placebo-1.20.1-8.6.2.jar%23477!/:8.6.2]
	at dev.shadowsoffire.placebo.reload.DynamicRegistry.lambda$apply$0(DynamicRegistry.java:140) ~[Placebo-1.20.1-8.6.2.jar%23477!/:8.6.2]
	at java.util.HashMap.forEach(HashMap.java:1421) ~[?:?]
	at dev.shadowsoffire.placebo.reload.DynamicRegistry.apply(DynamicRegistry.java:136) ~[Placebo-1.20.1-8.6.2.jar%23477!/:8.6.2]
	at dev.shadowsoffire.placebo.reload.DynamicRegistry.m_5787_(DynamicRegistry.java:62) ~[Placebo-1.20.1-8.6.2.jar%23477!/:8.6.2]
	at net.minecraft.server.packs.resources.SimplePreparableReloadListener.m_10789_(SimplePreparableReloadListener.java:13) ~[server-1.20.1-20230612.114412-srg.jar%23539!/:?]
	at java.util.concurrent.CompletableFuture$UniAccept.tryFire(CompletableFuture.java:718) ~[?:?]
	at java.util.concurrent.CompletableFuture$Completion.run(CompletableFuture.java:482) ~[?:?]
	at net.minecraft.server.packs.resources.SimpleReloadInstance.m_143940_(SimpleReloadInstance.java:69) ~[server-1.20.1-20230612.114412-srg.jar%23539!/:?]
	at net.minecraft.Util.m_214652_(Util.java:783) ~[server-1.20.1-20230612.114412-srg.jar%23539!/:?]
	at net.minecraft.Util.m_214679_(Util.java:772) ~[server-1.20.1-20230612.114412-srg.jar%23539!/:?]
	at net.minecraft.server.Main.main(Main.java:166) ~[server-1.20.1-20230612.114412-srg.jar%23539!/:?]
	at jdk.internal.reflect.NativeMethodAccessorImpl.invoke0(Native Method) ~[?:?]
	at jdk.internal.reflect.NativeMethodAccessorImpl.invoke(NativeMethodAccessorImpl.java:77) ~[?:?]
	at jdk.internal.reflect.DelegatingMethodAccessorImpl.invoke(DelegatingMethodAccessorImpl.java:43) ~[?:?]
	at java.lang.reflect.Method.invoke(Method.java:569) ~[?:?]
	at net.minecraftforge.fml.loading.targets.CommonLaunchHandler.runTarget(CommonLaunchHandler.java:111) ~[fmlloader-1.20.1-47.4.10.jar%2369!/:?]
	at net.minecraftforge.fml.loading.targets.CommonLaunchHandler.serverService(CommonLaunchHandler.java:103) ~[fmlloader-1.20.1-47.4.10.jar%2369!/:?]
	at net.minecraftforge.fml.loading.targets.CommonServerLaunchHandler.lambda$makeService$0(CommonServerLaunchHandler.java:27) ~[fmlloader-1.20.1-47.4.10.jar%2369!/:?]
	at cpw.mods.modlauncher.LaunchServiceHandlerDecorator.launch(LaunchServiceHandlerDecorator.java:30) ~[modlauncher-10.0.9.jar%2355!/:?]
	at cpw.mods.modlauncher.LaunchServiceHandler.launch(LaunchServiceHandler.java:53) ~[modlauncher-10.0.9.jar%2355!/:?]
	at cpw.mods.modlauncher.LaunchServiceHandler.launch(LaunchServiceHandler.java:71) ~[modlauncher-10.0.9.jar%2355!/:?]
	at cpw.mods.modlauncher.Launcher.run(Launcher.java:108) ~[modlauncher-10.0.9.jar%2355!/:?]
	at cpw.mods.modlauncher.Launcher.main(Launcher.java:78) ~[modlauncher-10.0.9.jar%2355!/:?]
	at cpw.mods.modlauncher.BootstrapLaunchConsumer.accept(BootstrapLaunchConsumer.java:26) ~[modlauncher-10.0.9.jar%2355!/:?]
	at cpw.mods.modlauncher.BootstrapLaunchConsumer.accept(BootstrapLaunchConsumer.java:23) ~[modlauncher-10.0.9.jar%2355!/:?]
	at cpw.mods.bootstraplauncher.BootstrapLauncher.main(BootstrapLauncher.java:141) ~[bootstraplauncher-1.1.2.jar:?]
[19Oct2025 17:24:01.564] [main/ERROR] [Apotheosis : Adventure/]: Failed parsing gems file skilltree:sapphire_5.
[19Oct2025 17:24:01.564] [main/ERROR] [Apotheosis : Adventure/]: Underlying Exception: 
java.lang.NullPointerException: Element not found: amount
	at java.util.Objects.requireNonNull(Objects.java:235) ~[?:?]
	at daripher.skilltree.data.serializers.SerializationHelper.getElement(SerializationHelper.java:579) ~[PassiveSkillTree-1.20.1-BETA-0.6.14a-all.jar%23473!/:0.6.14a]
	at daripher.skilltree.skill.bonus.item.ItemDurabilityBonus$Serializer.deserialize(ItemDurabilityBonus.java:124) ~[PassiveSkillTree-1.20.1-BETA-0.6.14a-all.jar%23473!/:0.6.14a]
	at daripher.skilltree.skill.bonus.item.ItemDurabilityBonus$Serializer.deserialize(ItemDurabilityBonus.java:121) ~[PassiveSkillTree-1.20.1-BETA-0.6.14a-all.jar%23473!/:0.6.14a]
	at daripher.skilltree.data.serializers.SerializationHelper.deserializeItemBonus(SerializationHelper.java:62) ~[PassiveSkillTree-1.20.1-BETA-0.6.14a-all.jar%23473!/:0.6.14a]
	at daripher.skilltree.compat.apotheosis.gem.PSTGemBonus$1.decode(PSTGemBonus.java:32) ~[PassiveSkillTree-1.20.1-BETA-0.6.14a-all.jar%23473!/:0.6.14a]
	at com.mojang.serialization.Decoder.parse(Decoder.java:18) ~[datafixerupper-6.0.8.jar%2377!/:?]
	at com.mojang.serialization.codecs.FieldDecoder.decode(FieldDecoder.java:29) ~[datafixerupper-6.0.8.jar%2377!/:?]
	at com.mojang.serialization.MapCodec$1.decode(MapCodec.java:34) ~[datafixerupper-6.0.8.jar%2377!/:?]
	at com.mojang.serialization.codecs.RecordCodecBuilder$Instance$3.decode(RecordCodecBuilder.java:249) ~[datafixerupper-6.0.8.jar%2377!/:?]
	at com.mojang.serialization.codecs.RecordCodecBuilder$2.decode(RecordCodecBuilder.java:107) ~[datafixerupper-6.0.8.jar%2377!/:?]
	at com.mojang.serialization.MapDecoder.lambda$compressedDecode$1(MapDecoder.java:52) ~[datafixerupper-6.0.8.jar%2377!/:?]
	at com.mojang.serialization.DataResult.lambda$flatMap$11(DataResult.java:139) ~[datafixerupper-6.0.8.jar%2377!/:?]
	at com.mojang.datafixers.util.Either$Left.map(Either.java:38) ~[datafixerupper-6.0.8.jar%2377!/:?]
	at com.mojang.serialization.DataResult.flatMap(DataResult.java:137) ~[datafixerupper-6.0.8.jar%2377!/:?]
	at com.mojang.serialization.MapDecoder.compressedDecode(MapDecoder.java:52) ~[datafixerupper-6.0.8.jar%2377!/:?]
	at com.mojang.serialization.MapCodec$MapCodecCodec.decode(MapCodec.java:91) ~[datafixerupper-6.0.8.jar%2377!/:?]
	at dev.shadowsoffire.placebo.codec.MapBackedCodec.decode(MapBackedCodec.java:54) ~[Placebo-1.20.1-8.6.2.jar%23477!/:8.6.2]
	at dev.shadowsoffire.placebo.codec.CodecMap.decode(CodecMap.java:116) ~[Placebo-1.20.1-8.6.2.jar%23477!/:8.6.2]
	at com.mojang.serialization.codecs.ListCodec.lambda$decode$2(ListCodec.java:46) ~[datafixerupper-6.0.8.jar%2377!/:?]
	at com.mojang.serialization.JsonOps.lambda$getList$21(JsonOps.java:292) ~[datafixerupper-6.0.8.jar%2377!/:?]
	at com.mojang.serialization.codecs.ListCodec.lambda$decode$4(ListCodec.java:45) ~[datafixerupper-6.0.8.jar%2377!/:?]
	at com.mojang.serialization.DataResult.lambda$flatMap$11(DataResult.java:139) ~[datafixerupper-6.0.8.jar%2377!/:?]
	at com.mojang.datafixers.util.Either$Left.map(Either.java:38) ~[datafixerupper-6.0.8.jar%2377!/:?]
	at com.mojang.serialization.DataResult.flatMap(DataResult.java:137) ~[datafixerupper-6.0.8.jar%2377!/:?]
	at com.mojang.serialization.codecs.ListCodec.decode(ListCodec.java:39) ~[datafixerupper-6.0.8.jar%2377!/:?]
	at com.mojang.serialization.Decoder.parse(Decoder.java:18) ~[datafixerupper-6.0.8.jar%2377!/:?]
	at com.mojang.serialization.codecs.FieldDecoder.decode(FieldDecoder.java:29) ~[datafixerupper-6.0.8.jar%2377!/:?]
	at com.mojang.serialization.MapCodec$1.decode(MapCodec.java:34) ~[datafixerupper-6.0.8.jar%2377!/:?]
	at com.mojang.serialization.codecs.RecordCodecBuilder$Instance$7.decode(RecordCodecBuilder.java:407) ~[datafixerupper-6.0.8.jar%2377!/:?]
	at com.mojang.serialization.codecs.RecordCodecBuilder$2.decode(RecordCodecBuilder.java:107) ~[datafixerupper-6.0.8.jar%2377!/:?]
	at com.mojang.serialization.MapDecoder.lambda$compressedDecode$1(MapDecoder.java:52) ~[datafixerupper-6.0.8.jar%2377!/:?]
	at com.mojang.serialization.DataResult.lambda$flatMap$11(DataResult.java:139) ~[datafixerupper-6.0.8.jar%2377!/:?]
	at com.mojang.datafixers.util.Either$Left.map(Either.java:38) ~[datafixerupper-6.0.8.jar%2377!/:?]
	at com.mojang.serialization.DataResult.flatMap(DataResult.java:137) ~[datafixerupper-6.0.8.jar%2377!/:?]
	at com.mojang.serialization.MapDecoder.compressedDecode(MapDecoder.java:52) ~[datafixerupper-6.0.8.jar%2377!/:?]
	at com.mojang.serialization.MapCodec$MapCodecCodec.decode(MapCodec.java:91) ~[datafixerupper-6.0.8.jar%2377!/:?]
	at dev.shadowsoffire.placebo.codec.MapBackedCodec.decode(MapBackedCodec.java:54) ~[Placebo-1.20.1-8.6.2.jar%23477!/:8.6.2]
	at dev.shadowsoffire.placebo.codec.CodecMap.decode(CodecMap.java:116) ~[Placebo-1.20.1-8.6.2.jar%23477!/:8.6.2]
	at dev.shadowsoffire.placebo.reload.DynamicRegistry.lambda$apply$0(DynamicRegistry.java:140) ~[Placebo-1.20.1-8.6.2.jar%23477!/:8.6.2]
	at java.util.HashMap.forEach(HashMap.java:1421) ~[?:?]
	at dev.shadowsoffire.placebo.reload.DynamicRegistry.apply(DynamicRegistry.java:136) ~[Placebo-1.20.1-8.6.2.jar%23477!/:8.6.2]
	at dev.shadowsoffire.placebo.reload.DynamicRegistry.m_5787_(DynamicRegistry.java:62) ~[Placebo-1.20.1-8.6.2.jar%23477!/:8.6.2]
	at net.minecraft.server.packs.resources.SimplePreparableReloadListener.m_10789_(SimplePreparableReloadListener.java:13) ~[server-1.20.1-20230612.114412-srg.jar%23539!/:?]
	at java.util.concurrent.CompletableFuture$UniAccept.tryFire(CompletableFuture.java:718) ~[?:?]
	at java.util.concurrent.CompletableFuture$Completion.run(CompletableFuture.java:482) ~[?:?]
	at net.minecraft.server.packs.resources.SimpleReloadInstance.m_143940_(SimpleReloadInstance.java:69) ~[server-1.20.1-20230612.114412-srg.jar%23539!/:?]
	at net.minecraft.Util.m_214652_(Util.java:783) ~[server-1.20.1-20230612.114412-srg.jar%23539!/:?]
	at net.minecraft.Util.m_214679_(Util.java:772) ~[server-1.20.1-20230612.114412-srg.jar%23539!/:?]
	at net.minecraft.server.Main.main(Main.java:166) ~[server-1.20.1-20230612.114412-srg.jar%23539!/:?]
	at jdk.internal.reflect.NativeMethodAccessorImpl.invoke0(Native Method) ~[?:?]
	at jdk.internal.reflect.NativeMethodAccessorImpl.invoke(NativeMethodAccessorImpl.java:77) ~[?:?]
	at jdk.internal.reflect.DelegatingMethodAccessorImpl.invoke(DelegatingMethodAccessorImpl.java:43) ~[?:?]
	at java.lang.reflect.Method.invoke(Method.java:569) ~[?:?]
	at net.minecraftforge.fml.loading.targets.CommonLaunchHandler.runTarget(CommonLaunchHandler.java:111) ~[fmlloader-1.20.1-47.4.10.jar%2369!/:?]
	at net.minecraftforge.fml.loading.targets.CommonLaunchHandler.serverService(CommonLaunchHandler.java:103) ~[fmlloader-1.20.1-47.4.10.jar%2369!/:?]
	at net.minecraftforge.fml.loading.targets.CommonServerLaunchHandler.lambda$makeService$0(CommonServerLaunchHandler.java:27) ~[fmlloader-1.20.1-47.4.10.jar%2369!/:?]
	at cpw.mods.modlauncher.LaunchServiceHandlerDecorator.launch(LaunchServiceHandlerDecorator.java:30) ~[modlauncher-10.0.9.jar%2355!/:?]
	at cpw.mods.modlauncher.LaunchServiceHandler.launch(LaunchServiceHandler.java:53) ~[modlauncher-10.0.9.jar%2355!/:?]
	at cpw.mods.modlauncher.LaunchServiceHandler.launch(LaunchServiceHandler.java:71) ~[modlauncher-10.0.9.jar%2355!/:?]
	at cpw.mods.modlauncher.Launcher.run(Launcher.java:108) ~[modlauncher-10.0.9.jar%2355!/:?]
	at cpw.mods.modlauncher.Launcher.main(Launcher.java:78) ~[modlauncher-10.0.9.jar%2355!/:?]
	at cpw.mods.modlauncher.BootstrapLaunchConsumer.accept(BootstrapLaunchConsumer.java:26) ~[modlauncher-10.0.9.jar%2355!/:?]
	at cpw.mods.modlauncher.BootstrapLaunchConsumer.accept(BootstrapLaunchConsumer.java:23) ~[modlauncher-10.0.9.jar%2355!/:?]
	at cpw.mods.bootstraplauncher.BootstrapLauncher.main(BootstrapLauncher.java:141) ~[bootstraplauncher-1.1.2.jar:?]
[19Oct2025 17:24:01.565] [main/INFO] [Apotheosis : Adventure/]: Registered 50 gems.
[19Oct2025 17:24:01.566] [main/ERROR] [Apotheosis : Adventure/]: Failed to execute ShieldBreakerTest
java.lang.NullPointerException: Cannot invoke "net.minecraft.world.entity.LivingEntity.m_213824_()" because "attacker" is null
	at net.minecraftforge.common.extensions.IForgeItem.canDisableShield(IForgeItem.java:695) ~[forge-1.20.1-47.4.10-universal.jar%23544!/:?]
	at net.minecraftforge.common.extensions.IForgeItemStack.canDisableShield(IForgeItemStack.java:233) ~[forge-1.20.1-47.4.10-universal.jar%23544!/:?]
	at dev.shadowsoffire.apotheosis.adventure.loot.ShieldBreakerTest.test(ShieldBreakerTest.java:48) ~[Apotheosis-1.20.1-7.4.0.jar%23332!/:7.4.0]
	at dev.shadowsoffire.apotheosis.adventure.loot.ShieldBreakerTest.test(ShieldBreakerTest.java:25) ~[Apotheosis-1.20.1-7.4.0.jar%23332!/:7.4.0]
	at dev.shadowsoffire.apotheosis.adventure.loot.LootCategory.isValid(LootCategory.java:89) ~[Apotheosis-1.20.1-7.4.0.jar%23332!/:7.4.0]
	at dev.shadowsoffire.apotheosis.adventure.loot.LootCategory.forItem(LootCategory.java:182) ~[Apotheosis-1.20.1-7.4.0.jar%23332!/:7.4.0]
	at dev.shadowsoffire.apotheosis.adventure.loot.AffixLootEntry.getType(AffixLootEntry.java:91) ~[Apotheosis-1.20.1-7.4.0.jar%23332!/:7.4.0]
	at dev.shadowsoffire.apotheosis.adventure.loot.AffixLootRegistry.validateItem(AffixLootRegistry.java:30) ~[Apotheosis-1.20.1-7.4.0.jar%23332!/:7.4.0]
	at dev.shadowsoffire.apotheosis.adventure.loot.AffixLootRegistry.validateItem(AffixLootRegistry.java:13) ~[Apotheosis-1.20.1-7.4.0.jar%23332!/:7.4.0]
	at dev.shadowsoffire.placebo.reload.DynamicRegistry.register(DynamicRegistry.java:322) ~[Placebo-1.20.1-8.6.2.jar%23477!/:8.6.2]
	at dev.shadowsoffire.placebo.reload.DynamicRegistry.lambda$apply$0(DynamicRegistry.java:143) ~[Placebo-1.20.1-8.6.2.jar%23477!/:8.6.2]
	at java.util.HashMap.forEach(HashMap.java:1421) ~[?:?]
	at dev.shadowsoffire.placebo.reload.DynamicRegistry.apply(DynamicRegistry.java:136) ~[Placebo-1.20.1-8.6.2.jar%23477!/:8.6.2]
	at dev.shadowsoffire.placebo.reload.DynamicRegistry.m_5787_(DynamicRegistry.java:62) ~[Placebo-1.20.1-8.6.2.jar%23477!/:8.6.2]
	at net.minecraft.server.packs.resources.SimplePreparableReloadListener.m_10789_(SimplePreparableReloadListener.java:13) ~[server-1.20.1-20230612.114412-srg.jar%23539!/:?]
	at java.util.concurrent.CompletableFuture$UniAccept.tryFire(CompletableFuture.java:718) ~[?:?]
	at java.util.concurrent.CompletableFuture$Completion.run(CompletableFuture.java:482) ~[?:?]
	at net.minecraft.server.packs.resources.SimpleReloadInstance.m_143940_(SimpleReloadInstance.java:69) ~[server-1.20.1-20230612.114412-srg.jar%23539!/:?]
	at net.minecraft.Util.m_214652_(Util.java:783) ~[server-1.20.1-20230612.114412-srg.jar%23539!/:?]
	at net.minecraft.Util.m_214679_(Util.java:772) ~[server-1.20.1-20230612.114412-srg.jar%23539!/:?]
	at net.minecraft.server.Main.main(Main.java:166) ~[server-1.20.1-20230612.114412-srg.jar%23539!/:?]
	at jdk.internal.reflect.NativeMethodAccessorImpl.invoke0(Native Method) ~[?:?]
	at jdk.internal.reflect.NativeMethodAccessorImpl.invoke(NativeMethodAccessorImpl.java:77) ~[?:?]
	at jdk.internal.reflect.DelegatingMethodAccessorImpl.invoke(DelegatingMethodAccessorImpl.java:43) ~[?:?]
	at java.lang.reflect.Method.invoke(Method.java:569) ~[?:?]
	at net.minecraftforge.fml.loading.targets.CommonLaunchHandler.runTarget(CommonLaunchHandler.java:111) ~[fmlloader-1.20.1-47.4.10.jar%2369!/:?]
	at net.minecraftforge.fml.loading.targets.CommonLaunchHandler.serverService(CommonLaunchHandler.java:103) ~[fmlloader-1.20.1-47.4.10.jar%2369!/:?]
	at net.minecraftforge.fml.loading.targets.CommonServerLaunchHandler.lambda$makeService$0(CommonServerLaunchHandler.java:27) ~[fmlloader-1.20.1-47.4.10.jar%2369!/:?]
	at cpw.mods.modlauncher.LaunchServiceHandlerDecorator.launch(LaunchServiceHandlerDecorator.java:30) ~[modlauncher-10.0.9.jar%2355!/:?]
	at cpw.mods.modlauncher.LaunchServiceHandler.launch(LaunchServiceHandler.java:53) ~[modlauncher-10.0.9.jar%2355!/:?]
	at cpw.mods.modlauncher.LaunchServiceHandler.launch(LaunchServiceHandler.java:71) ~[modlauncher-10.0.9.jar%2355!/:?]
	at cpw.mods.modlauncher.Launcher.run(Launcher.java:108) ~[modlauncher-10.0.9.jar%2355!/:?]
	at cpw.mods.modlauncher.Launcher.main(Launcher.java:78) ~[modlauncher-10.0.9.jar%2355!/:?]
	at cpw.mods.modlauncher.BootstrapLaunchConsumer.accept(BootstrapLaunchConsumer.java:26) ~[modlauncher-10.0.9.jar%2355!/:?]
	at cpw.mods.modlauncher.BootstrapLaunchConsumer.accept(BootstrapLaunchConsumer.java:23) ~[modlauncher-10.0.9.jar%2355!/:?]
	at cpw.mods.bootstraplauncher.BootstrapLauncher.main(BootstrapLauncher.java:141) ~[bootstraplauncher-1.1.2.jar:?]
[19Oct2025 17:24:01.568] [main/ERROR] [Apotheosis : Adventure/]: Failed to execute ShieldBreakerTest
java.lang.NullPointerException: Cannot invoke "net.minecraft.world.entity.LivingEntity.m_213824_()" because "attacker" is null
	at net.minecraftforge.common.extensions.IForgeItem.canDisableShield(IForgeItem.java:695) ~[forge-1.20.1-47.4.10-universal.jar%23544!/:?]
	at net.minecraftforge.common.extensions.IForgeItemStack.canDisableShield(IForgeItemStack.java:233) ~[forge-1.20.1-47.4.10-universal.jar%23544!/:?]
	at dev.shadowsoffire.apotheosis.adventure.loot.ShieldBreakerTest.test(ShieldBreakerTest.java:48) ~[Apotheosis-1.20.1-7.4.0.jar%23332!/:7.4.0]
	at dev.shadowsoffire.apotheosis.adventure.loot.ShieldBreakerTest.test(ShieldBreakerTest.java:25) ~[Apotheosis-1.20.1-7.4.0.jar%23332!/:7.4.0]
	at dev.shadowsoffire.apotheosis.adventure.loot.LootCategory.isValid(LootCategory.java:89) ~[Apotheosis-1.20.1-7.4.0.jar%23332!/:7.4.0]
	at dev.shadowsoffire.apotheosis.adventure.loot.LootCategory.forItem(LootCategory.java:182) ~[Apotheosis-1.20.1-7.4.0.jar%23332!/:7.4.0]
	at dev.shadowsoffire.apotheosis.adventure.loot.AffixLootEntry.getType(AffixLootEntry.java:91) ~[Apotheosis-1.20.1-7.4.0.jar%23332!/:7.4.0]
	at dev.shadowsoffire.apotheosis.adventure.loot.AffixLootRegistry.validateItem(AffixLootRegistry.java:30) ~[Apotheosis-1.20.1-7.4.0.jar%23332!/:7.4.0]
	at dev.shadowsoffire.apotheosis.adventure.loot.AffixLootRegistry.validateItem(AffixLootRegistry.java:13) ~[Apotheosis-1.20.1-7.4.0.jar%23332!/:7.4.0]
	at dev.shadowsoffire.placebo.reload.DynamicRegistry.register(DynamicRegistry.java:322) ~[Placebo-1.20.1-8.6.2.jar%23477!/:8.6.2]
	at dev.shadowsoffire.placebo.reload.DynamicRegistry.lambda$apply$0(DynamicRegistry.java:143) ~[Placebo-1.20.1-8.6.2.jar%23477!/:8.6.2]
	at java.util.HashMap.forEach(HashMap.java:1421) ~[?:?]
	at dev.shadowsoffire.placebo.reload.DynamicRegistry.apply(DynamicRegistry.java:136) ~[Placebo-1.20.1-8.6.2.jar%23477!/:8.6.2]
	at dev.shadowsoffire.placebo.reload.DynamicRegistry.m_5787_(DynamicRegistry.java:62) ~[Placebo-1.20.1-8.6.2.jar%23477!/:8.6.2]
	at net.minecraft.server.packs.resources.SimplePreparableReloadListener.m_10789_(SimplePreparableReloadListener.java:13) ~[server-1.20.1-20230612.114412-srg.jar%23539!/:?]
	at java.util.concurrent.CompletableFuture$UniAccept.tryFire(CompletableFuture.java:718) ~[?:?]
	at java.util.concurrent.CompletableFuture$Completion.run(CompletableFuture.java:482) ~[?:?]
	at net.minecraft.server.packs.resources.SimpleReloadInstance.m_143940_(SimpleReloadInstance.java:69) ~[server-1.20.1-20230612.114412-srg.jar%23539!/:?]
	at net.minecraft.Util.m_214652_(Util.java:783) ~[server-1.20.1-20230612.114412-srg.jar%23539!/:?]
	at net.minecraft.Util.m_214679_(Util.java:772) ~[server-1.20.1-20230612.114412-srg.jar%23539!/:?]
	at net.minecraft.server.Main.main(Main.java:166) ~[server-1.20.1-20230612.114412-srg.jar%23539!/:?]
	at jdk.internal.reflect.NativeMethodAccessorImpl.invoke0(Native Method) ~[?:?]
	at jdk.internal.reflect.NativeMethodAccessorImpl.invoke(NativeMethodAccessorImpl.java:77) ~[?:?]
	at jdk.internal.reflect.DelegatingMethodAccessorImpl.invoke(DelegatingMethodAccessorImpl.java:43) ~[?:?]
	at java.lang.reflect.Method.invoke(Method.java:569) ~[?:?]
	at net.minecraftforge.fml.loading.targets.CommonLaunchHandler.runTarget(CommonLaunchHandler.java:111) ~[fmlloader-1.20.1-47.4.10.jar%2369!/:?]
	at net.minecraftforge.fml.loading.targets.CommonLaunchHandler.serverService(CommonLaunchHandler.java:103) ~[fmlloader-1.20.1-47.4.10.jar%2369!/:?]
	at net.minecraftforge.fml.loading.targets.CommonServerLaunchHandler.lambda$makeService$0(CommonServerLaunchHandler.java:27) ~[fmlloader-1.20.1-47.4.10.jar%2369!/:?]
	at cpw.mods.modlauncher.LaunchServiceHandlerDecorator.launch(LaunchServiceHandlerDecorator.java:30) ~[modlauncher-10.0.9.jar%2355!/:?]
	at cpw.mods.modlauncher.LaunchServiceHandler.launch(LaunchServiceHandler.java:53) ~[modlauncher-10.0.9.jar%2355!/:?]
	at cpw.mods.modlauncher.LaunchServiceHandler.launch(LaunchServiceHandler.java:71) ~[modlauncher-10.0.9.jar%2355!/:?]
	at cpw.mods.modlauncher.Launcher.run(Launcher.java:108) ~[modlauncher-10.0.9.jar%2355!/:?]
	at cpw.mods.modlauncher.Launcher.main(Launcher.java:78) ~[modlauncher-10.0.9.jar%2355!/:?]
	at cpw.mods.modlauncher.BootstrapLaunchConsumer.accept(BootstrapLaunchConsumer.java:26) ~[modlauncher-10.0.9.jar%2355!/:?]
	at cpw.mods.modlauncher.BootstrapLaunchConsumer.accept(BootstrapLaunchConsumer.java:23) ~[modlauncher-10.0.9.jar%2355!/:?]
	at cpw.mods.bootstraplauncher.BootstrapLauncher.main(BootstrapLauncher.java:141) ~[bootstraplauncher-1.1.2.jar:?]
[19Oct2025 17:24:01.569] [main/ERROR] [Apotheosis : Adventure/]: Failed to execute ShieldBreakerTest
java.lang.NullPointerException: Cannot invoke "net.minecraft.world.entity.LivingEntity.m_213824_()" because "attacker" is null
	at net.minecraftforge.common.extensions.IForgeItem.canDisableShield(IForgeItem.java:695) ~[forge-1.20.1-47.4.10-universal.jar%23544!/:?]
	at net.minecraftforge.common.extensions.IForgeItemStack.canDisableShield(IForgeItemStack.java:233) ~[forge-1.20.1-47.4.10-universal.jar%23544!/:?]
	at dev.shadowsoffire.apotheosis.adventure.loot.ShieldBreakerTest.test(ShieldBreakerTest.java:48) ~[Apotheosis-1.20.1-7.4.0.jar%23332!/:7.4.0]
	at dev.shadowsoffire.apotheosis.adventure.loot.ShieldBreakerTest.test(ShieldBreakerTest.java:25) ~[Apotheosis-1.20.1-7.4.0.jar%23332!/:7.4.0]
	at dev.shadowsoffire.apotheosis.adventure.loot.LootCategory.isValid(LootCategory.java:89) ~[Apotheosis-1.20.1-7.4.0.jar%23332!/:7.4.0]
	at dev.shadowsoffire.apotheosis.adventure.loot.LootCategory.forItem(LootCategory.java:182) ~[Apotheosis-1.20.1-7.4.0.jar%23332!/:7.4.0]
	at dev.shadowsoffire.apotheosis.adventure.loot.AffixLootEntry.getType(AffixLootEntry.java:91) ~[Apotheosis-1.20.1-7.4.0.jar%23332!/:7.4.0]
	at dev.shadowsoffire.apotheosis.adventure.loot.AffixLootRegistry.validateItem(AffixLootRegistry.java:30) ~[Apotheosis-1.20.1-7.4.0.jar%23332!/:7.4.0]
	at dev.shadowsoffire.apotheosis.adventure.loot.AffixLootRegistry.validateItem(AffixLootRegistry.java:13) ~[Apotheosis-1.20.1-7.4.0.jar%23332!/:7.4.0]
	at dev.shadowsoffire.placebo.reload.DynamicRegistry.register(DynamicRegistry.java:322) ~[Placebo-1.20.1-8.6.2.jar%23477!/:8.6.2]
	at dev.shadowsoffire.placebo.reload.DynamicRegistry.lambda$apply$0(DynamicRegistry.java:143) ~[Placebo-1.20.1-8.6.2.jar%23477!/:8.6.2]
	at java.util.HashMap.forEach(HashMap.java:1421) ~[?:?]
	at dev.shadowsoffire.placebo.reload.DynamicRegistry.apply(DynamicRegistry.java:136) ~[Placebo-1.20.1-8.6.2.jar%23477!/:8.6.2]
	at dev.shadowsoffire.placebo.reload.DynamicRegistry.m_5787_(DynamicRegistry.java:62) ~[Placebo-1.20.1-8.6.2.jar%23477!/:8.6.2]
	at net.minecraft.server.packs.resources.SimplePreparableReloadListener.m_10789_(SimplePreparableReloadListener.java:13) ~[server-1.20.1-20230612.114412-srg.jar%23539!/:?]
	at java.util.concurrent.CompletableFuture$UniAccept.tryFire(CompletableFuture.java:718) ~[?:?]
	at java.util.concurrent.CompletableFuture$Completion.run(CompletableFuture.java:482) ~[?:?]
	at net.minecraft.server.packs.resources.SimpleReloadInstance.m_143940_(SimpleReloadInstance.java:69) ~[server-1.20.1-20230612.114412-srg.jar%23539!/:?]
	at net.minecraft.Util.m_214652_(Util.java:783) ~[server-1.20.1-20230612.114412-srg.jar%23539!/:?]
	at net.minecraft.Util.m_214679_(Util.java:772) ~[server-1.20.1-20230612.114412-srg.jar%23539!/:?]
	at net.minecraft.server.Main.main(Main.java:166) ~[server-1.20.1-20230612.114412-srg.jar%23539!/:?]
	at jdk.internal.reflect.NativeMethodAccessorImpl.invoke0(Native Method) ~[?:?]
	at jdk.internal.reflect.NativeMethodAccessorImpl.invoke(NativeMethodAccessorImpl.java:77) ~[?:?]
	at jdk.internal.reflect.DelegatingMethodAccessorImpl.invoke(DelegatingMethodAccessorImpl.java:43) ~[?:?]
	at java.lang.reflect.Method.invoke(Method.java:569) ~[?:?]
	at net.minecraftforge.fml.loading.targets.CommonLaunchHandler.runTarget(CommonLaunchHandler.java:111) ~[fmlloader-1.20.1-47.4.10.jar%2369!/:?]
	at net.minecraftforge.fml.loading.targets.CommonLaunchHandler.serverService(CommonLaunchHandler.java:103) ~[fmlloader-1.20.1-47.4.10.jar%2369!/:?]
	at net.minecraftforge.fml.loading.targets.CommonServerLaunchHandler.lambda$makeService$0(CommonServerLaunchHandler.java:27) ~[fmlloader-1.20.1-47.4.10.jar%2369!/:?]
	at cpw.mods.modlauncher.LaunchServiceHandlerDecorator.launch(LaunchServiceHandlerDecorator.java:30) ~[modlauncher-10.0.9.jar%2355!/:?]
	at cpw.mods.modlauncher.LaunchServiceHandler.launch(LaunchServiceHandler.java:53) ~[modlauncher-10.0.9.jar%2355!/:?]
	at cpw.mods.modlauncher.LaunchServiceHandler.launch(LaunchServiceHandler.java:71) ~[modlauncher-10.0.9.jar%2355!/:?]
	at cpw.mods.modlauncher.Launcher.run(Launcher.java:108) ~[modlauncher-10.0.9.jar%2355!/:?]
	at cpw.mods.modlauncher.Launcher.main(Launcher.java:78) ~[modlauncher-10.0.9.jar%2355!/:?]
	at cpw.mods.modlauncher.BootstrapLaunchConsumer.accept(BootstrapLaunchConsumer.java:26) ~[modlauncher-10.0.9.jar%2355!/:?]
	at cpw.mods.modlauncher.BootstrapLaunchConsumer.accept(BootstrapLaunchConsumer.java:23) ~[modlauncher-10.0.9.jar%2355!/:?]
	at cpw.mods.bootstraplauncher.BootstrapLauncher.main(BootstrapLauncher.java:141) ~[bootstraplauncher-1.1.2.jar:?]
[19Oct2025 17:24:01.569] [main/ERROR] [Apotheosis : Adventure/]: Failed to execute ShieldBreakerTest
java.lang.NullPointerException: Cannot invoke "net.minecraft.world.entity.LivingEntity.m_213824_()" because "attacker" is null
	at net.minecraftforge.common.extensions.IForgeItem.canDisableShield(IForgeItem.java:695) ~[forge-1.20.1-47.4.10-universal.jar%23544!/:?]
	at net.minecraftforge.common.extensions.IForgeItemStack.canDisableShield(IForgeItemStack.java:233) ~[forge-1.20.1-47.4.10-universal.jar%23544!/:?]
	at dev.shadowsoffire.apotheosis.adventure.loot.ShieldBreakerTest.test(ShieldBreakerTest.java:48) ~[Apotheosis-1.20.1-7.4.0.jar%23332!/:7.4.0]
	at dev.shadowsoffire.apotheosis.adventure.loot.ShieldBreakerTest.test(ShieldBreakerTest.java:25) ~[Apotheosis-1.20.1-7.4.0.jar%23332!/:7.4.0]
	at dev.shadowsoffire.apotheosis.adventure.loot.LootCategory.isValid(LootCategory.java:89) ~[Apotheosis-1.20.1-7.4.0.jar%23332!/:7.4.0]
	at dev.shadowsoffire.apotheosis.adventure.loot.LootCategory.forItem(LootCategory.java:182) ~[Apotheosis-1.20.1-7.4.0.jar%23332!/:7.4.0]
	at dev.shadowsoffire.apotheosis.adventure.loot.AffixLootEntry.getType(AffixLootEntry.java:91) ~[Apotheosis-1.20.1-7.4.0.jar%23332!/:7.4.0]
	at dev.shadowsoffire.apotheosis.adventure.loot.AffixLootRegistry.validateItem(AffixLootRegistry.java:30) ~[Apotheosis-1.20.1-7.4.0.jar%23332!/:7.4.0]
	at dev.shadowsoffire.apotheosis.adventure.loot.AffixLootRegistry.validateItem(AffixLootRegistry.java:13) ~[Apotheosis-1.20.1-7.4.0.jar%23332!/:7.4.0]
	at dev.shadowsoffire.placebo.reload.DynamicRegistry.register(DynamicRegistry.java:322) ~[Placebo-1.20.1-8.6.2.jar%23477!/:8.6.2]
	at dev.shadowsoffire.placebo.reload.DynamicRegistry.lambda$apply$0(DynamicRegistry.java:143) ~[Placebo-1.20.1-8.6.2.jar%23477!/:8.6.2]
	at java.util.HashMap.forEach(HashMap.java:1421) ~[?:?]
	at dev.shadowsoffire.placebo.reload.DynamicRegistry.apply(DynamicRegistry.java:136) ~[Placebo-1.20.1-8.6.2.jar%23477!/:8.6.2]
	at dev.shadowsoffire.placebo.reload.DynamicRegistry.m_5787_(DynamicRegistry.java:62) ~[Placebo-1.20.1-8.6.2.jar%23477!/:8.6.2]
	at net.minecraft.server.packs.resources.SimplePreparableReloadListener.m_10789_(SimplePreparableReloadListener.java:13) ~[server-1.20.1-20230612.114412-srg.jar%23539!/:?]
	at java.util.concurrent.CompletableFuture$UniAccept.tryFire(CompletableFuture.java:718) ~[?:?]
	at java.util.concurrent.CompletableFuture$Completion.run(CompletableFuture.java:482) ~[?:?]
	at net.minecraft.server.packs.resources.SimpleReloadInstance.m_143940_(SimpleReloadInstance.java:69) ~[server-1.20.1-20230612.114412-srg.jar%23539!/:?]
	at net.minecraft.Util.m_214652_(Util.java:783) ~[server-1.20.1-20230612.114412-srg.jar%23539!/:?]
	at net.minecraft.Util.m_214679_(Util.java:772) ~[server-1.20.1-20230612.114412-srg.jar%23539!/:?]
	at net.minecraft.server.Main.main(Main.java:166) ~[server-1.20.1-20230612.114412-srg.jar%23539!/:?]
	at jdk.internal.reflect.NativeMethodAccessorImpl.invoke0(Native Method) ~[?:?]
	at jdk.internal.reflect.NativeMethodAccessorImpl.invoke(NativeMethodAccessorImpl.java:77) ~[?:?]
	at jdk.internal.reflect.DelegatingMethodAccessorImpl.invoke(DelegatingMethodAccessorImpl.java:43) ~[?:?]
	at java.lang.reflect.Method.invoke(Method.java:569) ~[?:?]
	at net.minecraftforge.fml.loading.targets.CommonLaunchHandler.runTarget(CommonLaunchHandler.java:111) ~[fmlloader-1.20.1-47.4.10.jar%2369!/:?]
	at net.minecraftforge.fml.loading.targets.CommonLaunchHandler.serverService(CommonLaunchHandler.java:103) ~[fmlloader-1.20.1-47.4.10.jar%2369!/:?]
	at net.minecraftforge.fml.loading.targets.CommonServerLaunchHandler.lambda$makeService$0(CommonServerLaunchHandler.java:27) ~[fmlloader-1.20.1-47.4.10.jar%2369!/:?]
	at cpw.mods.modlauncher.LaunchServiceHandlerDecorator.launch(LaunchServiceHandlerDecorator.java:30) ~[modlauncher-10.0.9.jar%2355!/:?]
	at cpw.mods.modlauncher.LaunchServiceHandler.launch(LaunchServiceHandler.java:53) ~[modlauncher-10.0.9.jar%2355!/:?]
	at cpw.mods.modlauncher.LaunchServiceHandler.launch(LaunchServiceHandler.java:71) ~[modlauncher-10.0.9.jar%2355!/:?]
	at cpw.mods.modlauncher.Launcher.run(Launcher.java:108) ~[modlauncher-10.0.9.jar%2355!/:?]
	at cpw.mods.modlauncher.Launcher.main(Launcher.java:78) ~[modlauncher-10.0.9.jar%2355!/:?]
	at cpw.mods.modlauncher.BootstrapLaunchConsumer.accept(BootstrapLaunchConsumer.java:26) ~[modlauncher-10.0.9.jar%2355!/:?]
	at cpw.mods.modlauncher.BootstrapLaunchConsumer.accept(BootstrapLaunchConsumer.java:23) ~[modlauncher-10.0.9.jar%2355!/:?]
	at cpw.mods.bootstraplauncher.BootstrapLauncher.main(BootstrapLauncher.java:141) ~[bootstraplauncher-1.1.2.jar:?]
[19Oct2025 17:24:01.570] [main/ERROR] [Apotheosis : Adventure/]: Failed to execute ShieldBreakerTest
java.lang.NullPointerException: Cannot invoke "net.minecraft.world.entity.LivingEntity.m_213824_()" because "attacker" is null
	at net.minecraftforge.common.extensions.IForgeItem.canDisableShield(IForgeItem.java:695) ~[forge-1.20.1-47.4.10-universal.jar%23544!/:?]
	at net.minecraftforge.common.extensions.IForgeItemStack.canDisableShield(IForgeItemStack.java:233) ~[forge-1.20.1-47.4.10-universal.jar%23544!/:?]
	at dev.shadowsoffire.apotheosis.adventure.loot.ShieldBreakerTest.test(ShieldBreakerTest.java:48) ~[Apotheosis-1.20.1-7.4.0.jar%23332!/:7.4.0]
	at dev.shadowsoffire.apotheosis.adventure.loot.ShieldBreakerTest.test(ShieldBreakerTest.java:25) ~[Apotheosis-1.20.1-7.4.0.jar%23332!/:7.4.0]
	at dev.shadowsoffire.apotheosis.adventure.loot.LootCategory.isValid(LootCategory.java:89) ~[Apotheosis-1.20.1-7.4.0.jar%23332!/:7.4.0]
	at dev.shadowsoffire.apotheosis.adventure.loot.LootCategory.forItem(LootCategory.java:182) ~[Apotheosis-1.20.1-7.4.0.jar%23332!/:7.4.0]
	at dev.shadowsoffire.apotheosis.adventure.loot.AffixLootEntry.getType(AffixLootEntry.java:91) ~[Apotheosis-1.20.1-7.4.0.jar%23332!/:7.4.0]
	at dev.shadowsoffire.apotheosis.adventure.loot.AffixLootRegistry.validateItem(AffixLootRegistry.java:30) ~[Apotheosis-1.20.1-7.4.0.jar%23332!/:7.4.0]
	at dev.shadowsoffire.apotheosis.adventure.loot.AffixLootRegistry.validateItem(AffixLootRegistry.java:13) ~[Apotheosis-1.20.1-7.4.0.jar%23332!/:7.4.0]
	at dev.shadowsoffire.placebo.reload.DynamicRegistry.register(DynamicRegistry.java:322) ~[Placebo-1.20.1-8.6.2.jar%23477!/:8.6.2]
	at dev.shadowsoffire.placebo.reload.DynamicRegistry.lambda$apply$0(DynamicRegistry.java:143) ~[Placebo-1.20.1-8.6.2.jar%23477!/:8.6.2]
	at java.util.HashMap.forEach(HashMap.java:1421) ~[?:?]
	at dev.shadowsoffire.placebo.reload.DynamicRegistry.apply(DynamicRegistry.java:136) ~[Placebo-1.20.1-8.6.2.jar%23477!/:8.6.2]
	at dev.shadowsoffire.placebo.reload.DynamicRegistry.m_5787_(DynamicRegistry.java:62) ~[Placebo-1.20.1-8.6.2.jar%23477!/:8.6.2]
	at net.minecraft.server.packs.resources.SimplePreparableReloadListener.m_10789_(SimplePreparableReloadListener.java:13) ~[server-1.20.1-20230612.114412-srg.jar%23539!/:?]
	at java.util.concurrent.CompletableFuture$UniAccept.tryFire(CompletableFuture.java:718) ~[?:?]
	at java.util.concurrent.CompletableFuture$Completion.run(CompletableFuture.java:482) ~[?:?]
	at net.minecraft.server.packs.resources.SimpleReloadInstance.m_143940_(SimpleReloadInstance.java:69) ~[server-1.20.1-20230612.114412-srg.jar%23539!/:?]
	at net.minecraft.Util.m_214652_(Util.java:783) ~[server-1.20.1-20230612.114412-srg.jar%23539!/:?]
	at net.minecraft.Util.m_214679_(Util.java:772) ~[server-1.20.1-20230612.114412-srg.jar%23539!/:?]
	at net.minecraft.server.Main.main(Main.java:166) ~[server-1.20.1-20230612.114412-srg.jar%23539!/:?]
	at jdk.internal.reflect.NativeMethodAccessorImpl.invoke0(Native Method) ~[?:?]
	at jdk.internal.reflect.NativeMethodAccessorImpl.invoke(NativeMethodAccessorImpl.java:77) ~[?:?]
	at jdk.internal.reflect.DelegatingMethodAccessorImpl.invoke(DelegatingMethodAccessorImpl.java:43) ~[?:?]
	at java.lang.reflect.Method.invoke(Method.java:569) ~[?:?]
	at net.minecraftforge.fml.loading.targets.CommonLaunchHandler.runTarget(CommonLaunchHandler.java:111) ~[fmlloader-1.20.1-47.4.10.jar%2369!/:?]
	at net.minecraftforge.fml.loading.targets.CommonLaunchHandler.serverService(CommonLaunchHandler.java:103) ~[fmlloader-1.20.1-47.4.10.jar%2369!/:?]
	at net.minecraftforge.fml.loading.targets.CommonServerLaunchHandler.lambda$makeService$0(CommonServerLaunchHandler.java:27) ~[fmlloader-1.20.1-47.4.10.jar%2369!/:?]
	at cpw.mods.modlauncher.LaunchServiceHandlerDecorator.launch(LaunchServiceHandlerDecorator.java:30) ~[modlauncher-10.0.9.jar%2355!/:?]
	at cpw.mods.modlauncher.LaunchServiceHandler.launch(LaunchServiceHandler.java:53) ~[modlauncher-10.0.9.jar%2355!/:?]
	at cpw.mods.modlauncher.LaunchServiceHandler.launch(LaunchServiceHandler.java:71) ~[modlauncher-10.0.9.jar%2355!/:?]
	at cpw.mods.modlauncher.Launcher.run(Launcher.java:108) ~[modlauncher-10.0.9.jar%2355!/:?]
	at cpw.mods.modlauncher.Launcher.main(Launcher.java:78) ~[modlauncher-10.0.9.jar%2355!/:?]
	at cpw.mods.modlauncher.BootstrapLaunchConsumer.accept(BootstrapLaunchConsumer.java:26) ~[modlauncher-10.0.9.jar%2355!/:?]
	at cpw.mods.modlauncher.BootstrapLaunchConsumer.accept(BootstrapLaunchConsumer.java:23) ~[modlauncher-10.0.9.jar%2355!/:?]
	at cpw.mods.bootstraplauncher.BootstrapLauncher.main(BootstrapLauncher.java:141) ~[bootstraplauncher-1.1.2.jar:?]
[19Oct2025 17:24:01.571] [main/ERROR] [Apotheosis : Adventure/]: Failed to execute ShieldBreakerTest
java.lang.NullPointerException: Cannot invoke "net.minecraft.world.entity.LivingEntity.m_213824_()" because "attacker" is null
	at net.minecraftforge.common.extensions.IForgeItem.canDisableShield(IForgeItem.java:695) ~[forge-1.20.1-47.4.10-universal.jar%23544!/:?]
	at net.minecraftforge.common.extensions.IForgeItemStack.canDisableShield(IForgeItemStack.java:233) ~[forge-1.20.1-47.4.10-universal.jar%23544!/:?]
	at dev.shadowsoffire.apotheosis.adventure.loot.ShieldBreakerTest.test(ShieldBreakerTest.java:48) ~[Apotheosis-1.20.1-7.4.0.jar%23332!/:7.4.0]
	at dev.shadowsoffire.apotheosis.adventure.loot.ShieldBreakerTest.test(ShieldBreakerTest.java:25) ~[Apotheosis-1.20.1-7.4.0.jar%23332!/:7.4.0]
	at dev.shadowsoffire.apotheosis.adventure.loot.LootCategory.isValid(LootCategory.java:89) ~[Apotheosis-1.20.1-7.4.0.jar%23332!/:7.4.0]
	at dev.shadowsoffire.apotheosis.adventure.loot.LootCategory.forItem(LootCategory.java:182) ~[Apotheosis-1.20.1-7.4.0.jar%23332!/:7.4.0]
	at dev.shadowsoffire.apotheosis.adventure.loot.AffixLootEntry.getType(AffixLootEntry.java:91) ~[Apotheosis-1.20.1-7.4.0.jar%23332!/:7.4.0]
	at dev.shadowsoffire.apotheosis.adventure.loot.AffixLootRegistry.validateItem(AffixLootRegistry.java:30) ~[Apotheosis-1.20.1-7.4.0.jar%23332!/:7.4.0]
	at dev.shadowsoffire.apotheosis.adventure.loot.AffixLootRegistry.validateItem(AffixLootRegistry.java:13) ~[Apotheosis-1.20.1-7.4.0.jar%23332!/:7.4.0]
	at dev.shadowsoffire.placebo.reload.DynamicRegistry.register(DynamicRegistry.java:322) ~[Placebo-1.20.1-8.6.2.jar%23477!/:8.6.2]
	at dev.shadowsoffire.placebo.reload.DynamicRegistry.lambda$apply$0(DynamicRegistry.java:143) ~[Placebo-1.20.1-8.6.2.jar%23477!/:8.6.2]
	at java.util.HashMap.forEach(HashMap.java:1421) ~[?:?]
	at dev.shadowsoffire.placebo.reload.DynamicRegistry.apply(DynamicRegistry.java:136) ~[Placebo-1.20.1-8.6.2.jar%23477!/:8.6.2]
	at dev.shadowsoffire.placebo.reload.DynamicRegistry.m_5787_(DynamicRegistry.java:62) ~[Placebo-1.20.1-8.6.2.jar%23477!/:8.6.2]
	at net.minecraft.server.packs.resources.SimplePreparableReloadListener.m_10789_(SimplePreparableReloadListener.java:13) ~[server-1.20.1-20230612.114412-srg.jar%23539!/:?]
	at java.util.concurrent.CompletableFuture$UniAccept.tryFire(CompletableFuture.java:718) ~[?:?]
	at java.util.concurrent.CompletableFuture$Completion.run(CompletableFuture.java:482) ~[?:?]
	at net.minecraft.server.packs.resources.SimpleReloadInstance.m_143940_(SimpleReloadInstance.java:69) ~[server-1.20.1-20230612.114412-srg.jar%23539!/:?]
	at net.minecraft.Util.m_214652_(Util.java:783) ~[server-1.20.1-20230612.114412-srg.jar%23539!/:?]
	at net.minecraft.Util.m_214679_(Util.java:772) ~[server-1.20.1-20230612.114412-srg.jar%23539!/:?]
	at net.minecraft.server.Main.main(Main.java:166) ~[server-1.20.1-20230612.114412-srg.jar%23539!/:?]
	at jdk.internal.reflect.NativeMethodAccessorImpl.invoke0(Native Method) ~[?:?]
	at jdk.internal.reflect.NativeMethodAccessorImpl.invoke(NativeMethodAccessorImpl.java:77) ~[?:?]
	at jdk.internal.reflect.DelegatingMethodAccessorImpl.invoke(DelegatingMethodAccessorImpl.java:43) ~[?:?]
	at java.lang.reflect.Method.invoke(Method.java:569) ~[?:?]
	at net.minecraftforge.fml.loading.targets.CommonLaunchHandler.runTarget(CommonLaunchHandler.java:111) ~[fmlloader-1.20.1-47.4.10.jar%2369!/:?]
	at net.minecraftforge.fml.loading.targets.CommonLaunchHandler.serverService(CommonLaunchHandler.java:103) ~[fmlloader-1.20.1-47.4.10.jar%2369!/:?]
	at net.minecraftforge.fml.loading.targets.CommonServerLaunchHandler.lambda$makeService$0(CommonServerLaunchHandler.java:27) ~[fmlloader-1.20.1-47.4.10.jar%2369!/:?]
	at cpw.mods.modlauncher.LaunchServiceHandlerDecorator.launch(LaunchServiceHandlerDecorator.java:30) ~[modlauncher-10.0.9.jar%2355!/:?]
	at cpw.mods.modlauncher.LaunchServiceHandler.launch(LaunchServiceHandler.java:53) ~[modlauncher-10.0.9.jar%2355!/:?]
	at cpw.mods.modlauncher.LaunchServiceHandler.launch(LaunchServiceHandler.java:71) ~[modlauncher-10.0.9.jar%2355!/:?]
	at cpw.mods.modlauncher.Launcher.run(Launcher.java:108) ~[modlauncher-10.0.9.jar%2355!/:?]
	at cpw.mods.modlauncher.Launcher.main(Launcher.java:78) ~[modlauncher-10.0.9.jar%2355!/:?]
	at cpw.mods.modlauncher.BootstrapLaunchConsumer.accept(BootstrapLaunchConsumer.java:26) ~[modlauncher-10.0.9.jar%2355!/:?]
	at cpw.mods.modlauncher.BootstrapLaunchConsumer.accept(BootstrapLaunchConsumer.java:23) ~[modlauncher-10.0.9.jar%2355!/:?]
	at cpw.mods.bootstraplauncher.BootstrapLauncher.main(BootstrapLauncher.java:141) ~[bootstraplauncher-1.1.2.jar:?]
[19Oct2025 17:24:01.572] [main/ERROR] [Apotheosis : Adventure/]: Failed to execute ShieldBreakerTest
java.lang.NullPointerException: Cannot invoke "net.minecraft.world.entity.LivingEntity.m_213824_()" because "attacker" is null
	at net.minecraftforge.common.extensions.IForgeItem.canDisableShield(IForgeItem.java:695) ~[forge-1.20.1-47.4.10-universal.jar%23544!/:?]
	at net.minecraftforge.common.extensions.IForgeItemStack.canDisableShield(IForgeItemStack.java:233) ~[forge-1.20.1-47.4.10-universal.jar%23544!/:?]
	at dev.shadowsoffire.apotheosis.adventure.loot.ShieldBreakerTest.test(ShieldBreakerTest.java:48) ~[Apotheosis-1.20.1-7.4.0.jar%23332!/:7.4.0]
	at dev.shadowsoffire.apotheosis.adventure.loot.ShieldBreakerTest.test(ShieldBreakerTest.java:25) ~[Apotheosis-1.20.1-7.4.0.jar%23332!/:7.4.0]
	at dev.shadowsoffire.apotheosis.adventure.loot.LootCategory.isValid(LootCategory.java:89) ~[Apotheosis-1.20.1-7.4.0.jar%23332!/:7.4.0]
	at dev.shadowsoffire.apotheosis.adventure.loot.LootCategory.forItem(LootCategory.java:182) ~[Apotheosis-1.20.1-7.4.0.jar%23332!/:7.4.0]
	at dev.shadowsoffire.apotheosis.adventure.loot.AffixLootEntry.getType(AffixLootEntry.java:91) ~[Apotheosis-1.20.1-7.4.0.jar%23332!/:7.4.0]
	at dev.shadowsoffire.apotheosis.adventure.loot.AffixLootRegistry.validateItem(AffixLootRegistry.java:30) ~[Apotheosis-1.20.1-7.4.0.jar%23332!/:7.4.0]
	at dev.shadowsoffire.apotheosis.adventure.loot.AffixLootRegistry.validateItem(AffixLootRegistry.java:13) ~[Apotheosis-1.20.1-7.4.0.jar%23332!/:7.4.0]
	at dev.shadowsoffire.placebo.reload.DynamicRegistry.register(DynamicRegistry.java:322) ~[Placebo-1.20.1-8.6.2.jar%23477!/:8.6.2]
	at dev.shadowsoffire.placebo.reload.DynamicRegistry.lambda$apply$0(DynamicRegistry.java:143) ~[Placebo-1.20.1-8.6.2.jar%23477!/:8.6.2]
	at java.util.HashMap.forEach(HashMap.java:1421) ~[?:?]
	at dev.shadowsoffire.placebo.reload.DynamicRegistry.apply(DynamicRegistry.java:136) ~[Placebo-1.20.1-8.6.2.jar%23477!/:8.6.2]
	at dev.shadowsoffire.placebo.reload.DynamicRegistry.m_5787_(DynamicRegistry.java:62) ~[Placebo-1.20.1-8.6.2.jar%23477!/:8.6.2]
	at net.minecraft.server.packs.resources.SimplePreparableReloadListener.m_10789_(SimplePreparableReloadListener.java:13) ~[server-1.20.1-20230612.114412-srg.jar%23539!/:?]
	at java.util.concurrent.CompletableFuture$UniAccept.tryFire(CompletableFuture.java:718) ~[?:?]
	at java.util.concurrent.CompletableFuture$Completion.run(CompletableFuture.java:482) ~[?:?]
	at net.minecraft.server.packs.resources.SimpleReloadInstance.m_143940_(SimpleReloadInstance.java:69) ~[server-1.20.1-20230612.114412-srg.jar%23539!/:?]
	at net.minecraft.Util.m_214652_(Util.java:783) ~[server-1.20.1-20230612.114412-srg.jar%23539!/:?]
	at net.minecraft.Util.m_214679_(Util.java:772) ~[server-1.20.1-20230612.114412-srg.jar%23539!/:?]
	at net.minecraft.server.Main.main(Main.java:166) ~[server-1.20.1-20230612.114412-srg.jar%23539!/:?]
	at jdk.internal.reflect.NativeMethodAccessorImpl.invoke0(Native Method) ~[?:?]
	at jdk.internal.reflect.NativeMethodAccessorImpl.invoke(NativeMethodAccessorImpl.java:77) ~[?:?]
	at jdk.internal.reflect.DelegatingMethodAccessorImpl.invoke(DelegatingMethodAccessorImpl.java:43) ~[?:?]
	at java.lang.reflect.Method.invoke(Method.java:569) ~[?:?]
	at net.minecraftforge.fml.loading.targets.CommonLaunchHandler.runTarget(CommonLaunchHandler.java:111) ~[fmlloader-1.20.1-47.4.10.jar%2369!/:?]
	at net.minecraftforge.fml.loading.targets.CommonLaunchHandler.serverService(CommonLaunchHandler.java:103) ~[fmlloader-1.20.1-47.4.10.jar%2369!/:?]
	at net.minecraftforge.fml.loading.targets.CommonServerLaunchHandler.lambda$makeService$0(CommonServerLaunchHandler.java:27) ~[fmlloader-1.20.1-47.4.10.jar%2369!/:?]
	at cpw.mods.modlauncher.LaunchServiceHandlerDecorator.launch(LaunchServiceHandlerDecorator.java:30) ~[modlauncher-10.0.9.jar%2355!/:?]
	at cpw.mods.modlauncher.LaunchServiceHandler.launch(LaunchServiceHandler.java:53) ~[modlauncher-10.0.9.jar%2355!/:?]
	at cpw.mods.modlauncher.LaunchServiceHandler.launch(LaunchServiceHandler.java:71) ~[modlauncher-10.0.9.jar%2355!/:?]
	at cpw.mods.modlauncher.Launcher.run(Launcher.java:108) ~[modlauncher-10.0.9.jar%2355!/:?]
	at cpw.mods.modlauncher.Launcher.main(Launcher.java:78) ~[modlauncher-10.0.9.jar%2355!/:?]
	at cpw.mods.modlauncher.BootstrapLaunchConsumer.accept(BootstrapLaunchConsumer.java:26) ~[modlauncher-10.0.9.jar%2355!/:?]
	at cpw.mods.modlauncher.BootstrapLaunchConsumer.accept(BootstrapLaunchConsumer.java:23) ~[modlauncher-10.0.9.jar%2355!/:?]
	at cpw.mods.bootstraplauncher.BootstrapLauncher.main(BootstrapLauncher.java:141) ~[bootstraplauncher-1.1.2.jar:?]
[19Oct2025 17:24:01.573] [main/ERROR] [Apotheosis : Adventure/]: Failed to execute ShieldBreakerTest
java.lang.NullPointerException: Cannot invoke "net.minecraft.world.entity.LivingEntity.m_213824_()" because "attacker" is null
	at net.minecraftforge.common.extensions.IForgeItem.canDisableShield(IForgeItem.java:695) ~[forge-1.20.1-47.4.10-universal.jar%23544!/:?]
	at net.minecraftforge.common.extensions.IForgeItemStack.canDisableShield(IForgeItemStack.java:233) ~[forge-1.20.1-47.4.10-universal.jar%23544!/:?]
	at dev.shadowsoffire.apotheosis.adventure.loot.ShieldBreakerTest.test(ShieldBreakerTest.java:48) ~[Apotheosis-1.20.1-7.4.0.jar%23332!/:7.4.0]
	at dev.shadowsoffire.apotheosis.adventure.loot.ShieldBreakerTest.test(ShieldBreakerTest.java:25) ~[Apotheosis-1.20.1-7.4.0.jar%23332!/:7.4.0]
	at dev.shadowsoffire.apotheosis.adventure.loot.LootCategory.isValid(LootCategory.java:89) ~[Apotheosis-1.20.1-7.4.0.jar%23332!/:7.4.0]
	at dev.shadowsoffire.apotheosis.adventure.loot.LootCategory.forItem(LootCategory.java:182) ~[Apotheosis-1.20.1-7.4.0.jar%23332!/:7.4.0]
	at dev.shadowsoffire.apotheosis.adventure.loot.AffixLootEntry.getType(AffixLootEntry.java:91) ~[Apotheosis-1.20.1-7.4.0.jar%23332!/:7.4.0]
	at dev.shadowsoffire.apotheosis.adventure.loot.AffixLootRegistry.validateItem(AffixLootRegistry.java:30) ~[Apotheosis-1.20.1-7.4.0.jar%23332!/:7.4.0]
	at dev.shadowsoffire.apotheosis.adventure.loot.AffixLootRegistry.validateItem(AffixLootRegistry.java:13) ~[Apotheosis-1.20.1-7.4.0.jar%23332!/:7.4.0]
	at dev.shadowsoffire.placebo.reload.DynamicRegistry.register(DynamicRegistry.java:322) ~[Placebo-1.20.1-8.6.2.jar%23477!/:8.6.2]
	at dev.shadowsoffire.placebo.reload.DynamicRegistry.lambda$apply$0(DynamicRegistry.java:143) ~[Placebo-1.20.1-8.6.2.jar%23477!/:8.6.2]
	at java.util.HashMap.forEach(HashMap.java:1421) ~[?:?]
	at dev.shadowsoffire.placebo.reload.DynamicRegistry.apply(DynamicRegistry.java:136) ~[Placebo-1.20.1-8.6.2.jar%23477!/:8.6.2]
	at dev.shadowsoffire.placebo.reload.DynamicRegistry.m_5787_(DynamicRegistry.java:62) ~[Placebo-1.20.1-8.6.2.jar%23477!/:8.6.2]
	at net.minecraft.server.packs.resources.SimplePreparableReloadListener.m_10789_(SimplePreparableReloadListener.java:13) ~[server-1.20.1-20230612.114412-srg.jar%23539!/:?]
	at java.util.concurrent.CompletableFuture$UniAccept.tryFire(CompletableFuture.java:718) ~[?:?]
	at java.util.concurrent.CompletableFuture$Completion.run(CompletableFuture.java:482) ~[?:?]
	at net.minecraft.server.packs.resources.SimpleReloadInstance.m_143940_(SimpleReloadInstance.java:69) ~[server-1.20.1-20230612.114412-srg.jar%23539!/:?]
	at net.minecraft.Util.m_214652_(Util.java:783) ~[server-1.20.1-20230612.114412-srg.jar%23539!/:?]
	at net.minecraft.Util.m_214679_(Util.java:772) ~[server-1.20.1-20230612.114412-srg.jar%23539!/:?]
	at net.minecraft.server.Main.main(Main.java:166) ~[server-1.20.1-20230612.114412-srg.jar%23539!/:?]
	at jdk.internal.reflect.NativeMethodAccessorImpl.invoke0(Native Method) ~[?:?]
	at jdk.internal.reflect.NativeMethodAccessorImpl.invoke(NativeMethodAccessorImpl.java:77) ~[?:?]
	at jdk.internal.reflect.DelegatingMethodAccessorImpl.invoke(DelegatingMethodAccessorImpl.java:43) ~[?:?]
	at java.lang.reflect.Method.invoke(Method.java:569) ~[?:?]
	at net.minecraftforge.fml.loading.targets.CommonLaunchHandler.runTarget(CommonLaunchHandler.java:111) ~[fmlloader-1.20.1-47.4.10.jar%2369!/:?]
	at net.minecraftforge.fml.loading.targets.CommonLaunchHandler.serverService(CommonLaunchHandler.java:103) ~[fmlloader-1.20.1-47.4.10.jar%2369!/:?]
	at net.minecraftforge.fml.loading.targets.CommonServerLaunchHandler.lambda$makeService$0(CommonServerLaunchHandler.java:27) ~[fmlloader-1.20.1-47.4.10.jar%2369!/:?]
	at cpw.mods.modlauncher.LaunchServiceHandlerDecorator.launch(LaunchServiceHandlerDecorator.java:30) ~[modlauncher-10.0.9.jar%2355!/:?]
	at cpw.mods.modlauncher.LaunchServiceHandler.launch(LaunchServiceHandler.java:53) ~[modlauncher-10.0.9.jar%2355!/:?]
	at cpw.mods.modlauncher.LaunchServiceHandler.launch(LaunchServiceHandler.java:71) ~[modlauncher-10.0.9.jar%2355!/:?]
	at cpw.mods.modlauncher.Launcher.run(Launcher.java:108) ~[modlauncher-10.0.9.jar%2355!/:?]
	at cpw.mods.modlauncher.Launcher.main(Launcher.java:78) ~[modlauncher-10.0.9.jar%2355!/:?]
	at cpw.mods.modlauncher.BootstrapLaunchConsumer.accept(BootstrapLaunchConsumer.java:26) ~[modlauncher-10.0.9.jar%2355!/:?]
	at cpw.mods.modlauncher.BootstrapLaunchConsumer.accept(BootstrapLaunchConsumer.java:23) ~[modlauncher-10.0.9.jar%2355!/:?]
	at cpw.mods.bootstraplauncher.BootstrapLauncher.main(BootstrapLauncher.java:141) ~[bootstraplauncher-1.1.2.jar:?]
[19Oct2025 17:24:01.574] [main/ERROR] [Apotheosis : Adventure/]: Failed to execute ShieldBreakerTest
java.lang.NullPointerException: Cannot invoke "net.minecraft.world.entity.LivingEntity.m_213824_()" because "attacker" is null
	at net.minecraftforge.common.extensions.IForgeItem.canDisableShield(IForgeItem.java:695) ~[forge-1.20.1-47.4.10-universal.jar%23544!/:?]
	at net.minecraftforge.common.extensions.IForgeItemStack.canDisableShield(IForgeItemStack.java:233) ~[forge-1.20.1-47.4.10-universal.jar%23544!/:?]
	at dev.shadowsoffire.apotheosis.adventure.loot.ShieldBreakerTest.test(ShieldBreakerTest.java:48) ~[Apotheosis-1.20.1-7.4.0.jar%23332!/:7.4.0]
	at dev.shadowsoffire.apotheosis.adventure.loot.ShieldBreakerTest.test(ShieldBreakerTest.java:25) ~[Apotheosis-1.20.1-7.4.0.jar%23332!/:7.4.0]
	at dev.shadowsoffire.apotheosis.adventure.loot.LootCategory.isValid(LootCategory.java:89) ~[Apotheosis-1.20.1-7.4.0.jar%23332!/:7.4.0]
	at dev.shadowsoffire.apotheosis.adventure.loot.LootCategory.forItem(LootCategory.java:182) ~[Apotheosis-1.20.1-7.4.0.jar%23332!/:7.4.0]
	at dev.shadowsoffire.apotheosis.adventure.loot.AffixLootEntry.getType(AffixLootEntry.java:91) ~[Apotheosis-1.20.1-7.4.0.jar%23332!/:7.4.0]
	at dev.shadowsoffire.apotheosis.adventure.loot.AffixLootRegistry.validateItem(AffixLootRegistry.java:30) ~[Apotheosis-1.20.1-7.4.0.jar%23332!/:7.4.0]
	at dev.shadowsoffire.apotheosis.adventure.loot.AffixLootRegistry.validateItem(AffixLootRegistry.java:13) ~[Apotheosis-1.20.1-7.4.0.jar%23332!/:7.4.0]
	at dev.shadowsoffire.placebo.reload.DynamicRegistry.register(DynamicRegistry.java:322) ~[Placebo-1.20.1-8.6.2.jar%23477!/:8.6.2]
	at dev.shadowsoffire.placebo.reload.DynamicRegistry.lambda$apply$0(DynamicRegistry.java:143) ~[Placebo-1.20.1-8.6.2.jar%23477!/:8.6.2]
	at java.util.HashMap.forEach(HashMap.java:1421) ~[?:?]
	at dev.shadowsoffire.placebo.reload.DynamicRegistry.apply(DynamicRegistry.java:136) ~[Placebo-1.20.1-8.6.2.jar%23477!/:8.6.2]
	at dev.shadowsoffire.placebo.reload.DynamicRegistry.m_5787_(DynamicRegistry.java:62) ~[Placebo-1.20.1-8.6.2.jar%23477!/:8.6.2]
	at net.minecraft.server.packs.resources.SimplePreparableReloadListener.m_10789_(SimplePreparableReloadListener.java:13) ~[server-1.20.1-20230612.114412-srg.jar%23539!/:?]
	at java.util.concurrent.CompletableFuture$UniAccept.tryFire(CompletableFuture.java:718) ~[?:?]
	at java.util.concurrent.CompletableFuture$Completion.run(CompletableFuture.java:482) ~[?:?]
	at net.minecraft.server.packs.resources.SimpleReloadInstance.m_143940_(SimpleReloadInstance.java:69) ~[server-1.20.1-20230612.114412-srg.jar%23539!/:?]
	at net.minecraft.Util.m_214652_(Util.java:783) ~[server-1.20.1-20230612.114412-srg.jar%23539!/:?]
	at net.minecraft.Util.m_214679_(Util.java:772) ~[server-1.20.1-20230612.114412-srg.jar%23539!/:?]
	at net.minecraft.server.Main.main(Main.java:166) ~[server-1.20.1-20230612.114412-srg.jar%23539!/:?]
	at jdk.internal.reflect.NativeMethodAccessorImpl.invoke0(Native Method) ~[?:?]
	at jdk.internal.reflect.NativeMethodAccessorImpl.invoke(NativeMethodAccessorImpl.java:77) ~[?:?]
	at jdk.internal.reflect.DelegatingMethodAccessorImpl.invoke(DelegatingMethodAccessorImpl.java:43) ~[?:?]
	at java.lang.reflect.Method.invoke(Method.java:569) ~[?:?]
	at net.minecraftforge.fml.loading.targets.CommonLaunchHandler.runTarget(CommonLaunchHandler.java:111) ~[fmlloader-1.20.1-47.4.10.jar%2369!/:?]
	at net.minecraftforge.fml.loading.targets.CommonLaunchHandler.serverService(CommonLaunchHandler.java:103) ~[fmlloader-1.20.1-47.4.10.jar%2369!/:?]
	at net.minecraftforge.fml.loading.targets.CommonServerLaunchHandler.lambda$makeService$0(CommonServerLaunchHandler.java:27) ~[fmlloader-1.20.1-47.4.10.jar%2369!/:?]
	at cpw.mods.modlauncher.LaunchServiceHandlerDecorator.launch(LaunchServiceHandlerDecorator.java:30) ~[modlauncher-10.0.9.jar%2355!/:?]
	at cpw.mods.modlauncher.LaunchServiceHandler.launch(LaunchServiceHandler.java:53) ~[modlauncher-10.0.9.jar%2355!/:?]
	at cpw.mods.modlauncher.LaunchServiceHandler.launch(LaunchServiceHandler.java:71) ~[modlauncher-10.0.9.jar%2355!/:?]
	at cpw.mods.modlauncher.Launcher.run(Launcher.java:108) ~[modlauncher-10.0.9.jar%2355!/:?]
	at cpw.mods.modlauncher.Launcher.main(Launcher.java:78) ~[modlauncher-10.0.9.jar%2355!/:?]
	at cpw.mods.modlauncher.BootstrapLaunchConsumer.accept(BootstrapLaunchConsumer.java:26) ~[modlauncher-10.0.9.jar%2355!/:?]
	at cpw.mods.modlauncher.BootstrapLaunchConsumer.accept(BootstrapLaunchConsumer.java:23) ~[modlauncher-10.0.9.jar%2355!/:?]
	at cpw.mods.bootstraplauncher.BootstrapLauncher.main(BootstrapLauncher.java:141) ~[bootstraplauncher-1.1.2.jar:?]
[19Oct2025 17:24:01.575] [main/ERROR] [Apotheosis : Adventure/]: Failed to execute ShieldBreakerTest
java.lang.NullPointerException: Cannot invoke "net.minecraft.world.entity.LivingEntity.m_213824_()" because "attacker" is null
	at net.minecraftforge.common.extensions.IForgeItem.canDisableShield(IForgeItem.java:695) ~[forge-1.20.1-47.4.10-universal.jar%23544!/:?]
	at net.minecraftforge.common.extensions.IForgeItemStack.canDisableShield(IForgeItemStack.java:233) ~[forge-1.20.1-47.4.10-universal.jar%23544!/:?]
	at dev.shadowsoffire.apotheosis.adventure.loot.ShieldBreakerTest.test(ShieldBreakerTest.java:48) ~[Apotheosis-1.20.1-7.4.0.jar%23332!/:7.4.0]
	at dev.shadowsoffire.apotheosis.adventure.loot.ShieldBreakerTest.test(ShieldBreakerTest.java:25) ~[Apotheosis-1.20.1-7.4.0.jar%23332!/:7.4.0]
	at dev.shadowsoffire.apotheosis.adventure.loot.LootCategory.isValid(LootCategory.java:89) ~[Apotheosis-1.20.1-7.4.0.jar%23332!/:7.4.0]
	at dev.shadowsoffire.apotheosis.adventure.loot.LootCategory.forItem(LootCategory.java:182) ~[Apotheosis-1.20.1-7.4.0.jar%23332!/:7.4.0]
	at dev.shadowsoffire.apotheosis.adventure.loot.AffixLootEntry.getType(AffixLootEntry.java:91) ~[Apotheosis-1.20.1-7.4.0.jar%23332!/:7.4.0]
	at dev.shadowsoffire.apotheosis.adventure.loot.AffixLootRegistry.validateItem(AffixLootRegistry.java:30) ~[Apotheosis-1.20.1-7.4.0.jar%23332!/:7.4.0]
	at dev.shadowsoffire.apotheosis.adventure.loot.AffixLootRegistry.validateItem(AffixLootRegistry.java:13) ~[Apotheosis-1.20.1-7.4.0.jar%23332!/:7.4.0]
	at dev.shadowsoffire.placebo.reload.DynamicRegistry.register(DynamicRegistry.java:322) ~[Placebo-1.20.1-8.6.2.jar%23477!/:8.6.2]
	at dev.shadowsoffire.placebo.reload.DynamicRegistry.lambda$apply$0(DynamicRegistry.java:143) ~[Placebo-1.20.1-8.6.2.jar%23477!/:8.6.2]
	at java.util.HashMap.forEach(HashMap.java:1421) ~[?:?]
	at dev.shadowsoffire.placebo.reload.DynamicRegistry.apply(DynamicRegistry.java:136) ~[Placebo-1.20.1-8.6.2.jar%23477!/:8.6.2]
	at dev.shadowsoffire.placebo.reload.DynamicRegistry.m_5787_(DynamicRegistry.java:62) ~[Placebo-1.20.1-8.6.2.jar%23477!/:8.6.2]
	at net.minecraft.server.packs.resources.SimplePreparableReloadListener.m_10789_(SimplePreparableReloadListener.java:13) ~[server-1.20.1-20230612.114412-srg.jar%23539!/:?]
	at java.util.concurrent.CompletableFuture$UniAccept.tryFire(CompletableFuture.java:718) ~[?:?]
	at java.util.concurrent.CompletableFuture$Completion.run(CompletableFuture.java:482) ~[?:?]
	at net.minecraft.server.packs.resources.SimpleReloadInstance.m_143940_(SimpleReloadInstance.java:69) ~[server-1.20.1-20230612.114412-srg.jar%23539!/:?]
	at net.minecraft.Util.m_214652_(Util.java:783) ~[server-1.20.1-20230612.114412-srg.jar%23539!/:?]
	at net.minecraft.Util.m_214679_(Util.java:772) ~[server-1.20.1-20230612.114412-srg.jar%23539!/:?]
	at net.minecraft.server.Main.main(Main.java:166) ~[server-1.20.1-20230612.114412-srg.jar%23539!/:?]
	at jdk.internal.reflect.NativeMethodAccessorImpl.invoke0(Native Method) ~[?:?]
	at jdk.internal.reflect.NativeMethodAccessorImpl.invoke(NativeMethodAccessorImpl.java:77) ~[?:?]
	at jdk.internal.reflect.DelegatingMethodAccessorImpl.invoke(DelegatingMethodAccessorImpl.java:43) ~[?:?]
	at java.lang.reflect.Method.invoke(Method.java:569) ~[?:?]
	at net.minecraftforge.fml.loading.targets.CommonLaunchHandler.runTarget(CommonLaunchHandler.java:111) ~[fmlloader-1.20.1-47.4.10.jar%2369!/:?]
	at net.minecraftforge.fml.loading.targets.CommonLaunchHandler.serverService(CommonLaunchHandler.java:103) ~[fmlloader-1.20.1-47.4.10.jar%2369!/:?]
	at net.minecraftforge.fml.loading.targets.CommonServerLaunchHandler.lambda$makeService$0(CommonServerLaunchHandler.java:27) ~[fmlloader-1.20.1-47.4.10.jar%2369!/:?]
	at cpw.mods.modlauncher.LaunchServiceHandlerDecorator.launch(LaunchServiceHandlerDecorator.java:30) ~[modlauncher-10.0.9.jar%2355!/:?]
	at cpw.mods.modlauncher.LaunchServiceHandler.launch(LaunchServiceHandler.java:53) ~[modlauncher-10.0.9.jar%2355!/:?]
	at cpw.mods.modlauncher.LaunchServiceHandler.launch(LaunchServiceHandler.java:71) ~[modlauncher-10.0.9.jar%2355!/:?]
	at cpw.mods.modlauncher.Launcher.run(Launcher.java:108) ~[modlauncher-10.0.9.jar%2355!/:?]
	at cpw.mods.modlauncher.Launcher.main(Launcher.java:78) ~[modlauncher-10.0.9.jar%2355!/:?]
	at cpw.mods.modlauncher.BootstrapLaunchConsumer.accept(BootstrapLaunchConsumer.java:26) ~[modlauncher-10.0.9.jar%2355!/:?]
	at cpw.mods.modlauncher.BootstrapLaunchConsumer.accept(BootstrapLaunchConsumer.java:23) ~[modlauncher-10.0.9.jar%2355!/:?]
	at cpw.mods.bootstraplauncher.BootstrapLauncher.main(BootstrapLauncher.java:141) ~[bootstraplauncher-1.1.2.jar:?]
[19Oct2025 17:24:01.576] [main/ERROR] [Apotheosis : Adventure/]: Failed to execute ShieldBreakerTest
java.lang.NullPointerException: Cannot invoke "net.minecraft.world.entity.LivingEntity.m_213824_()" because "attacker" is null
	at net.minecraftforge.common.extensions.IForgeItem.canDisableShield(IForgeItem.java:695) ~[forge-1.20.1-47.4.10-universal.jar%23544!/:?]
	at net.minecraftforge.common.extensions.IForgeItemStack.canDisableShield(IForgeItemStack.java:233) ~[forge-1.20.1-47.4.10-universal.jar%23544!/:?]
	at dev.shadowsoffire.apotheosis.adventure.loot.ShieldBreakerTest.test(ShieldBreakerTest.java:48) ~[Apotheosis-1.20.1-7.4.0.jar%23332!/:7.4.0]
	at dev.shadowsoffire.apotheosis.adventure.loot.ShieldBreakerTest.test(ShieldBreakerTest.java:25) ~[Apotheosis-1.20.1-7.4.0.jar%23332!/:7.4.0]
	at dev.shadowsoffire.apotheosis.adventure.loot.LootCategory.isValid(LootCategory.java:89) ~[Apotheosis-1.20.1-7.4.0.jar%23332!/:7.4.0]
	at dev.shadowsoffire.apotheosis.adventure.loot.LootCategory.forItem(LootCategory.java:182) ~[Apotheosis-1.20.1-7.4.0.jar%23332!/:7.4.0]
	at dev.shadowsoffire.apotheosis.adventure.loot.AffixLootEntry.getType(AffixLootEntry.java:91) ~[Apotheosis-1.20.1-7.4.0.jar%23332!/:7.4.0]
	at dev.shadowsoffire.apotheosis.adventure.loot.AffixLootRegistry.validateItem(AffixLootRegistry.java:30) ~[Apotheosis-1.20.1-7.4.0.jar%23332!/:7.4.0]
	at dev.shadowsoffire.apotheosis.adventure.loot.AffixLootRegistry.validateItem(AffixLootRegistry.java:13) ~[Apotheosis-1.20.1-7.4.0.jar%23332!/:7.4.0]
	at dev.shadowsoffire.placebo.reload.DynamicRegistry.register(DynamicRegistry.java:322) ~[Placebo-1.20.1-8.6.2.jar%23477!/:8.6.2]
	at dev.shadowsoffire.placebo.reload.DynamicRegistry.lambda$apply$0(DynamicRegistry.java:143) ~[Placebo-1.20.1-8.6.2.jar%23477!/:8.6.2]
	at java.util.HashMap.forEach(HashMap.java:1421) ~[?:?]
	at dev.shadowsoffire.placebo.reload.DynamicRegistry.apply(DynamicRegistry.java:136) ~[Placebo-1.20.1-8.6.2.jar%23477!/:8.6.2]
	at dev.shadowsoffire.placebo.reload.DynamicRegistry.m_5787_(DynamicRegistry.java:62) ~[Placebo-1.20.1-8.6.2.jar%23477!/:8.6.2]
	at net.minecraft.server.packs.resources.SimplePreparableReloadListener.m_10789_(SimplePreparableReloadListener.java:13) ~[server-1.20.1-20230612.114412-srg.jar%23539!/:?]
	at java.util.concurrent.CompletableFuture$UniAccept.tryFire(CompletableFuture.java:718) ~[?:?]
	at java.util.concurrent.CompletableFuture$Completion.run(CompletableFuture.java:482) ~[?:?]
	at net.minecraft.server.packs.resources.SimpleReloadInstance.m_143940_(SimpleReloadInstance.java:69) ~[server-1.20.1-20230612.114412-srg.jar%23539!/:?]
	at net.minecraft.Util.m_214652_(Util.java:783) ~[server-1.20.1-20230612.114412-srg.jar%23539!/:?]
	at net.minecraft.Util.m_214679_(Util.java:772) ~[server-1.20.1-20230612.114412-srg.jar%23539!/:?]
	at net.minecraft.server.Main.main(Main.java:166) ~[server-1.20.1-20230612.114412-srg.jar%23539!/:?]
	at jdk.internal.reflect.NativeMethodAccessorImpl.invoke0(Native Method) ~[?:?]
	at jdk.internal.reflect.NativeMethodAccessorImpl.invoke(NativeMethodAccessorImpl.java:77) ~[?:?]
	at jdk.internal.reflect.DelegatingMethodAccessorImpl.invoke(DelegatingMethodAccessorImpl.java:43) ~[?:?]
	at java.lang.reflect.Method.invoke(Method.java:569) ~[?:?]
	at net.minecraftforge.fml.loading.targets.CommonLaunchHandler.runTarget(CommonLaunchHandler.java:111) ~[fmlloader-1.20.1-47.4.10.jar%2369!/:?]
	at net.minecraftforge.fml.loading.targets.CommonLaunchHandler.serverService(CommonLaunchHandler.java:103) ~[fmlloader-1.20.1-47.4.10.jar%2369!/:?]
	at net.minecraftforge.fml.loading.targets.CommonServerLaunchHandler.lambda$makeService$0(CommonServerLaunchHandler.java:27) ~[fmlloader-1.20.1-47.4.10.jar%2369!/:?]
	at cpw.mods.modlauncher.LaunchServiceHandlerDecorator.launch(LaunchServiceHandlerDecorator.java:30) ~[modlauncher-10.0.9.jar%2355!/:?]
	at cpw.mods.modlauncher.LaunchServiceHandler.launch(LaunchServiceHandler.java:53) ~[modlauncher-10.0.9.jar%2355!/:?]
	at cpw.mods.modlauncher.LaunchServiceHandler.launch(LaunchServiceHandler.java:71) ~[modlauncher-10.0.9.jar%2355!/:?]
	at cpw.mods.modlauncher.Launcher.run(Launcher.java:108) ~[modlauncher-10.0.9.jar%2355!/:?]
	at cpw.mods.modlauncher.Launcher.main(Launcher.java:78) ~[modlauncher-10.0.9.jar%2355!/:?]
	at cpw.mods.modlauncher.BootstrapLaunchConsumer.accept(BootstrapLaunchConsumer.java:26) ~[modlauncher-10.0.9.jar%2355!/:?]
	at cpw.mods.modlauncher.BootstrapLaunchConsumer.accept(BootstrapLaunchConsumer.java:23) ~[modlauncher-10.0.9.jar%2355!/:?]
	at cpw.mods.bootstraplauncher.BootstrapLauncher.main(BootstrapLauncher.java:141) ~[bootstraplauncher-1.1.2.jar:?]
[19Oct2025 17:24:01.576] [main/ERROR] [Apotheosis : Adventure/]: Failed to execute ShieldBreakerTest
java.lang.NullPointerException: Cannot invoke "net.minecraft.world.entity.LivingEntity.m_213824_()" because "attacker" is null
	at net.minecraftforge.common.extensions.IForgeItem.canDisableShield(IForgeItem.java:695) ~[forge-1.20.1-47.4.10-universal.jar%23544!/:?]
	at net.minecraftforge.common.extensions.IForgeItemStack.canDisableShield(IForgeItemStack.java:233) ~[forge-1.20.1-47.4.10-universal.jar%23544!/:?]
	at dev.shadowsoffire.apotheosis.adventure.loot.ShieldBreakerTest.test(ShieldBreakerTest.java:48) ~[Apotheosis-1.20.1-7.4.0.jar%23332!/:7.4.0]
	at dev.shadowsoffire.apotheosis.adventure.loot.ShieldBreakerTest.test(ShieldBreakerTest.java:25) ~[Apotheosis-1.20.1-7.4.0.jar%23332!/:7.4.0]
	at dev.shadowsoffire.apotheosis.adventure.loot.LootCategory.isValid(LootCategory.java:89) ~[Apotheosis-1.20.1-7.4.0.jar%23332!/:7.4.0]
	at dev.shadowsoffire.apotheosis.adventure.loot.LootCategory.forItem(LootCategory.java:182) ~[Apotheosis-1.20.1-7.4.0.jar%23332!/:7.4.0]
	at dev.shadowsoffire.apotheosis.adventure.loot.AffixLootEntry.getType(AffixLootEntry.java:91) ~[Apotheosis-1.20.1-7.4.0.jar%23332!/:7.4.0]
	at dev.shadowsoffire.apotheosis.adventure.loot.AffixLootRegistry.validateItem(AffixLootRegistry.java:30) ~[Apotheosis-1.20.1-7.4.0.jar%23332!/:7.4.0]
	at dev.shadowsoffire.apotheosis.adventure.loot.AffixLootRegistry.validateItem(AffixLootRegistry.java:13) ~[Apotheosis-1.20.1-7.4.0.jar%23332!/:7.4.0]
	at dev.shadowsoffire.placebo.reload.DynamicRegistry.register(DynamicRegistry.java:322) ~[Placebo-1.20.1-8.6.2.jar%23477!/:8.6.2]
	at dev.shadowsoffire.placebo.reload.DynamicRegistry.lambda$apply$0(DynamicRegistry.java:143) ~[Placebo-1.20.1-8.6.2.jar%23477!/:8.6.2]
	at java.util.HashMap.forEach(HashMap.java:1421) ~[?:?]
	at dev.shadowsoffire.placebo.reload.DynamicRegistry.apply(DynamicRegistry.java:136) ~[Placebo-1.20.1-8.6.2.jar%23477!/:8.6.2]
	at dev.shadowsoffire.placebo.reload.DynamicRegistry.m_5787_(DynamicRegistry.java:62) ~[Placebo-1.20.1-8.6.2.jar%23477!/:8.6.2]
	at net.minecraft.server.packs.resources.SimplePreparableReloadListener.m_10789_(SimplePreparableReloadListener.java:13) ~[server-1.20.1-20230612.114412-srg.jar%23539!/:?]
	at java.util.concurrent.CompletableFuture$UniAccept.tryFire(CompletableFuture.java:718) ~[?:?]
	at java.util.concurrent.CompletableFuture$Completion.run(CompletableFuture.java:482) ~[?:?]
	at net.minecraft.server.packs.resources.SimpleReloadInstance.m_143940_(SimpleReloadInstance.java:69) ~[server-1.20.1-20230612.114412-srg.jar%23539!/:?]
	at net.minecraft.Util.m_214652_(Util.java:783) ~[server-1.20.1-20230612.114412-srg.jar%23539!/:?]
	at net.minecraft.Util.m_214679_(Util.java:772) ~[server-1.20.1-20230612.114412-srg.jar%23539!/:?]
	at net.minecraft.server.Main.main(Main.java:166) ~[server-1.20.1-20230612.114412-srg.jar%23539!/:?]
	at jdk.internal.reflect.NativeMethodAccessorImpl.invoke0(Native Method) ~[?:?]
	at jdk.internal.reflect.NativeMethodAccessorImpl.invoke(NativeMethodAccessorImpl.java:77) ~[?:?]
	at jdk.internal.reflect.DelegatingMethodAccessorImpl.invoke(DelegatingMethodAccessorImpl.java:43) ~[?:?]
	at java.lang.reflect.Method.invoke(Method.java:569) ~[?:?]
	at net.minecraftforge.fml.loading.targets.CommonLaunchHandler.runTarget(CommonLaunchHandler.java:111) ~[fmlloader-1.20.1-47.4.10.jar%2369!/:?]
	at net.minecraftforge.fml.loading.targets.CommonLaunchHandler.serverService(CommonLaunchHandler.java:103) ~[fmlloader-1.20.1-47.4.10.jar%2369!/:?]
	at net.minecraftforge.fml.loading.targets.CommonServerLaunchHandler.lambda$makeService$0(CommonServerLaunchHandler.java:27) ~[fmlloader-1.20.1-47.4.10.jar%2369!/:?]
	at cpw.mods.modlauncher.LaunchServiceHandlerDecorator.launch(LaunchServiceHandlerDecorator.java:30) ~[modlauncher-10.0.9.jar%2355!/:?]
	at cpw.mods.modlauncher.LaunchServiceHandler.launch(LaunchServiceHandler.java:53) ~[modlauncher-10.0.9.jar%2355!/:?]
	at cpw.mods.modlauncher.LaunchServiceHandler.launch(LaunchServiceHandler.java:71) ~[modlauncher-10.0.9.jar%2355!/:?]
	at cpw.mods.modlauncher.Launcher.run(Launcher.java:108) ~[modlauncher-10.0.9.jar%2355!/:?]
	at cpw.mods.modlauncher.Launcher.main(Launcher.java:78) ~[modlauncher-10.0.9.jar%2355!/:?]
	at cpw.mods.modlauncher.BootstrapLaunchConsumer.accept(BootstrapLaunchConsumer.java:26) ~[modlauncher-10.0.9.jar%2355!/:?]
	at cpw.mods.modlauncher.BootstrapLaunchConsumer.accept(BootstrapLaunchConsumer.java:23) ~[modlauncher-10.0.9.jar%2355!/:?]
	at cpw.mods.bootstraplauncher.BootstrapLauncher.main(BootstrapLauncher.java:141) ~[bootstraplauncher-1.1.2.jar:?]
[19Oct2025 17:24:01.577] [main/ERROR] [Apotheosis : Adventure/]: Failed to execute ShieldBreakerTest
java.lang.NullPointerException: Cannot invoke "net.minecraft.world.entity.LivingEntity.m_213824_()" because "attacker" is null
	at net.minecraftforge.common.extensions.IForgeItem.canDisableShield(IForgeItem.java:695) ~[forge-1.20.1-47.4.10-universal.jar%23544!/:?]
	at net.minecraftforge.common.extensions.IForgeItemStack.canDisableShield(IForgeItemStack.java:233) ~[forge-1.20.1-47.4.10-universal.jar%23544!/:?]
	at dev.shadowsoffire.apotheosis.adventure.loot.ShieldBreakerTest.test(ShieldBreakerTest.java:48) ~[Apotheosis-1.20.1-7.4.0.jar%23332!/:7.4.0]
	at dev.shadowsoffire.apotheosis.adventure.loot.ShieldBreakerTest.test(ShieldBreakerTest.java:25) ~[Apotheosis-1.20.1-7.4.0.jar%23332!/:7.4.0]
	at dev.shadowsoffire.apotheosis.adventure.loot.LootCategory.isValid(LootCategory.java:89) ~[Apotheosis-1.20.1-7.4.0.jar%23332!/:7.4.0]
	at dev.shadowsoffire.apotheosis.adventure.loot.LootCategory.forItem(LootCategory.java:182) ~[Apotheosis-1.20.1-7.4.0.jar%23332!/:7.4.0]
	at dev.shadowsoffire.apotheosis.adventure.loot.AffixLootEntry.getType(AffixLootEntry.java:91) ~[Apotheosis-1.20.1-7.4.0.jar%23332!/:7.4.0]
	at dev.shadowsoffire.apotheosis.adventure.loot.AffixLootRegistry.validateItem(AffixLootRegistry.java:30) ~[Apotheosis-1.20.1-7.4.0.jar%23332!/:7.4.0]
	at dev.shadowsoffire.apotheosis.adventure.loot.AffixLootRegistry.validateItem(AffixLootRegistry.java:13) ~[Apotheosis-1.20.1-7.4.0.jar%23332!/:7.4.0]
	at dev.shadowsoffire.placebo.reload.DynamicRegistry.register(DynamicRegistry.java:322) ~[Placebo-1.20.1-8.6.2.jar%23477!/:8.6.2]
	at dev.shadowsoffire.placebo.reload.DynamicRegistry.lambda$apply$0(DynamicRegistry.java:143) ~[Placebo-1.20.1-8.6.2.jar%23477!/:8.6.2]
	at java.util.HashMap.forEach(HashMap.java:1421) ~[?:?]
	at dev.shadowsoffire.placebo.reload.DynamicRegistry.apply(DynamicRegistry.java:136) ~[Placebo-1.20.1-8.6.2.jar%23477!/:8.6.2]
	at dev.shadowsoffire.placebo.reload.DynamicRegistry.m_5787_(DynamicRegistry.java:62) ~[Placebo-1.20.1-8.6.2.jar%23477!/:8.6.2]
	at net.minecraft.server.packs.resources.SimplePreparableReloadListener.m_10789_(SimplePreparableReloadListener.java:13) ~[server-1.20.1-20230612.114412-srg.jar%23539!/:?]
	at java.util.concurrent.CompletableFuture$UniAccept.tryFire(CompletableFuture.java:718) ~[?:?]
	at java.util.concurrent.CompletableFuture$Completion.run(CompletableFuture.java:482) ~[?:?]
	at net.minecraft.server.packs.resources.SimpleReloadInstance.m_143940_(SimpleReloadInstance.java:69) ~[server-1.20.1-20230612.114412-srg.jar%23539!/:?]
	at net.minecraft.Util.m_214652_(Util.java:783) ~[server-1.20.1-20230612.114412-srg.jar%23539!/:?]
	at net.minecraft.Util.m_214679_(Util.java:772) ~[server-1.20.1-20230612.114412-srg.jar%23539!/:?]
	at net.minecraft.server.Main.main(Main.java:166) ~[server-1.20.1-20230612.114412-srg.jar%23539!/:?]
	at jdk.internal.reflect.NativeMethodAccessorImpl.invoke0(Native Method) ~[?:?]
	at jdk.internal.reflect.NativeMethodAccessorImpl.invoke(NativeMethodAccessorImpl.java:77) ~[?:?]
	at jdk.internal.reflect.DelegatingMethodAccessorImpl.invoke(DelegatingMethodAccessorImpl.java:43) ~[?:?]
	at java.lang.reflect.Method.invoke(Method.java:569) ~[?:?]
	at net.minecraftforge.fml.loading.targets.CommonLaunchHandler.runTarget(CommonLaunchHandler.java:111) ~[fmlloader-1.20.1-47.4.10.jar%2369!/:?]
	at net.minecraftforge.fml.loading.targets.CommonLaunchHandler.serverService(CommonLaunchHandler.java:103) ~[fmlloader-1.20.1-47.4.10.jar%2369!/:?]
	at net.minecraftforge.fml.loading.targets.CommonServerLaunchHandler.lambda$makeService$0(CommonServerLaunchHandler.java:27) ~[fmlloader-1.20.1-47.4.10.jar%2369!/:?]
	at cpw.mods.modlauncher.LaunchServiceHandlerDecorator.launch(LaunchServiceHandlerDecorator.java:30) ~[modlauncher-10.0.9.jar%2355!/:?]
	at cpw.mods.modlauncher.LaunchServiceHandler.launch(LaunchServiceHandler.java:53) ~[modlauncher-10.0.9.jar%2355!/:?]
	at cpw.mods.modlauncher.LaunchServiceHandler.launch(LaunchServiceHandler.java:71) ~[modlauncher-10.0.9.jar%2355!/:?]
	at cpw.mods.modlauncher.Launcher.run(Launcher.java:108) ~[modlauncher-10.0.9.jar%2355!/:?]
	at cpw.mods.modlauncher.Launcher.main(Launcher.java:78) ~[modlauncher-10.0.9.jar%2355!/:?]
	at cpw.mods.modlauncher.BootstrapLaunchConsumer.accept(BootstrapLaunchConsumer.java:26) ~[modlauncher-10.0.9.jar%2355!/:?]
	at cpw.mods.modlauncher.BootstrapLaunchConsumer.accept(BootstrapLaunchConsumer.java:23) ~[modlauncher-10.0.9.jar%2355!/:?]
	at cpw.mods.bootstraplauncher.BootstrapLauncher.main(BootstrapLauncher.java:141) ~[bootstraplauncher-1.1.2.jar:?]
[19Oct2025 17:24:01.578] [main/ERROR] [Apotheosis : Adventure/]: Failed to execute ShieldBreakerTest
java.lang.NullPointerException: Cannot invoke "net.minecraft.world.entity.LivingEntity.m_213824_()" because "attacker" is null
	at net.minecraftforge.common.extensions.IForgeItem.canDisableShield(IForgeItem.java:695) ~[forge-1.20.1-47.4.10-universal.jar%23544!/:?]
	at net.minecraftforge.common.extensions.IForgeItemStack.canDisableShield(IForgeItemStack.java:233) ~[forge-1.20.1-47.4.10-universal.jar%23544!/:?]
	at dev.shadowsoffire.apotheosis.adventure.loot.ShieldBreakerTest.test(ShieldBreakerTest.java:48) ~[Apotheosis-1.20.1-7.4.0.jar%23332!/:7.4.0]
	at dev.shadowsoffire.apotheosis.adventure.loot.ShieldBreakerTest.test(ShieldBreakerTest.java:25) ~[Apotheosis-1.20.1-7.4.0.jar%23332!/:7.4.0]
	at dev.shadowsoffire.apotheosis.adventure.loot.LootCategory.isValid(LootCategory.java:89) ~[Apotheosis-1.20.1-7.4.0.jar%23332!/:7.4.0]
	at dev.shadowsoffire.apotheosis.adventure.loot.LootCategory.forItem(LootCategory.java:182) ~[Apotheosis-1.20.1-7.4.0.jar%23332!/:7.4.0]
	at dev.shadowsoffire.apotheosis.adventure.loot.AffixLootEntry.getType(AffixLootEntry.java:91) ~[Apotheosis-1.20.1-7.4.0.jar%23332!/:7.4.0]
	at dev.shadowsoffire.apotheosis.adventure.loot.AffixLootRegistry.validateItem(AffixLootRegistry.java:30) ~[Apotheosis-1.20.1-7.4.0.jar%23332!/:7.4.0]
	at dev.shadowsoffire.apotheosis.adventure.loot.AffixLootRegistry.validateItem(AffixLootRegistry.java:13) ~[Apotheosis-1.20.1-7.4.0.jar%23332!/:7.4.0]
	at dev.shadowsoffire.placebo.reload.DynamicRegistry.register(DynamicRegistry.java:322) ~[Placebo-1.20.1-8.6.2.jar%23477!/:8.6.2]
	at dev.shadowsoffire.placebo.reload.DynamicRegistry.lambda$apply$0(DynamicRegistry.java:143) ~[Placebo-1.20.1-8.6.2.jar%23477!/:8.6.2]
	at java.util.HashMap.forEach(HashMap.java:1421) ~[?:?]
	at dev.shadowsoffire.placebo.reload.DynamicRegistry.apply(DynamicRegistry.java:136) ~[Placebo-1.20.1-8.6.2.jar%23477!/:8.6.2]
	at dev.shadowsoffire.placebo.reload.DynamicRegistry.m_5787_(DynamicRegistry.java:62) ~[Placebo-1.20.1-8.6.2.jar%23477!/:8.6.2]
	at net.minecraft.server.packs.resources.SimplePreparableReloadListener.m_10789_(SimplePreparableReloadListener.java:13) ~[server-1.20.1-20230612.114412-srg.jar%23539!/:?]
	at java.util.concurrent.CompletableFuture$UniAccept.tryFire(CompletableFuture.java:718) ~[?:?]
	at java.util.concurrent.CompletableFuture$Completion.run(CompletableFuture.java:482) ~[?:?]
	at net.minecraft.server.packs.resources.SimpleReloadInstance.m_143940_(SimpleReloadInstance.java:69) ~[server-1.20.1-20230612.114412-srg.jar%23539!/:?]
	at net.minecraft.Util.m_214652_(Util.java:783) ~[server-1.20.1-20230612.114412-srg.jar%23539!/:?]
	at net.minecraft.Util.m_214679_(Util.java:772) ~[server-1.20.1-20230612.114412-srg.jar%23539!/:?]
	at net.minecraft.server.Main.main(Main.java:166) ~[server-1.20.1-20230612.114412-srg.jar%23539!/:?]
	at jdk.internal.reflect.NativeMethodAccessorImpl.invoke0(Native Method) ~[?:?]
	at jdk.internal.reflect.NativeMethodAccessorImpl.invoke(NativeMethodAccessorImpl.java:77) ~[?:?]
	at jdk.internal.reflect.DelegatingMethodAccessorImpl.invoke(DelegatingMethodAccessorImpl.java:43) ~[?:?]
	at java.lang.reflect.Method.invoke(Method.java:569) ~[?:?]
	at net.minecraftforge.fml.loading.targets.CommonLaunchHandler.runTarget(CommonLaunchHandler.java:111) ~[fmlloader-1.20.1-47.4.10.jar%2369!/:?]
	at net.minecraftforge.fml.loading.targets.CommonLaunchHandler.serverService(CommonLaunchHandler.java:103) ~[fmlloader-1.20.1-47.4.10.jar%2369!/:?]
	at net.minecraftforge.fml.loading.targets.CommonServerLaunchHandler.lambda$makeService$0(CommonServerLaunchHandler.java:27) ~[fmlloader-1.20.1-47.4.10.jar%2369!/:?]
	at cpw.mods.modlauncher.LaunchServiceHandlerDecorator.launch(LaunchServiceHandlerDecorator.java:30) ~[modlauncher-10.0.9.jar%2355!/:?]
	at cpw.mods.modlauncher.LaunchServiceHandler.launch(LaunchServiceHandler.java:53) ~[modlauncher-10.0.9.jar%2355!/:?]
	at cpw.mods.modlauncher.LaunchServiceHandler.launch(LaunchServiceHandler.java:71) ~[modlauncher-10.0.9.jar%2355!/:?]
	at cpw.mods.modlauncher.Launcher.run(Launcher.java:108) ~[modlauncher-10.0.9.jar%2355!/:?]
	at cpw.mods.modlauncher.Launcher.main(Launcher.java:78) ~[modlauncher-10.0.9.jar%2355!/:?]
	at cpw.mods.modlauncher.BootstrapLaunchConsumer.accept(BootstrapLaunchConsumer.java:26) ~[modlauncher-10.0.9.jar%2355!/:?]
	at cpw.mods.modlauncher.BootstrapLaunchConsumer.accept(BootstrapLaunchConsumer.java:23) ~[modlauncher-10.0.9.jar%2355!/:?]
	at cpw.mods.bootstraplauncher.BootstrapLauncher.main(BootstrapLauncher.java:141) ~[bootstraplauncher-1.1.2.jar:?]
[19Oct2025 17:24:01.579] [main/ERROR] [Apotheosis : Adventure/]: Failed to execute ShieldBreakerTest
java.lang.NullPointerException: Cannot invoke "net.minecraft.world.entity.LivingEntity.m_213824_()" because "attacker" is null
	at net.minecraftforge.common.extensions.IForgeItem.canDisableShield(IForgeItem.java:695) ~[forge-1.20.1-47.4.10-universal.jar%23544!/:?]
	at net.minecraftforge.common.extensions.IForgeItemStack.canDisableShield(IForgeItemStack.java:233) ~[forge-1.20.1-47.4.10-universal.jar%23544!/:?]
	at dev.shadowsoffire.apotheosis.adventure.loot.ShieldBreakerTest.test(ShieldBreakerTest.java:48) ~[Apotheosis-1.20.1-7.4.0.jar%23332!/:7.4.0]
	at dev.shadowsoffire.apotheosis.adventure.loot.ShieldBreakerTest.test(ShieldBreakerTest.java:25) ~[Apotheosis-1.20.1-7.4.0.jar%23332!/:7.4.0]
	at dev.shadowsoffire.apotheosis.adventure.loot.LootCategory.isValid(LootCategory.java:89) ~[Apotheosis-1.20.1-7.4.0.jar%23332!/:7.4.0]
	at dev.shadowsoffire.apotheosis.adventure.loot.LootCategory.forItem(LootCategory.java:182) ~[Apotheosis-1.20.1-7.4.0.jar%23332!/:7.4.0]
	at dev.shadowsoffire.apotheosis.adventure.loot.AffixLootEntry.getType(AffixLootEntry.java:91) ~[Apotheosis-1.20.1-7.4.0.jar%23332!/:7.4.0]
	at dev.shadowsoffire.apotheosis.adventure.loot.AffixLootRegistry.validateItem(AffixLootRegistry.java:30) ~[Apotheosis-1.20.1-7.4.0.jar%23332!/:7.4.0]
	at dev.shadowsoffire.apotheosis.adventure.loot.AffixLootRegistry.validateItem(AffixLootRegistry.java:13) ~[Apotheosis-1.20.1-7.4.0.jar%23332!/:7.4.0]
	at dev.shadowsoffire.placebo.reload.DynamicRegistry.register(DynamicRegistry.java:322) ~[Placebo-1.20.1-8.6.2.jar%23477!/:8.6.2]
	at dev.shadowsoffire.placebo.reload.DynamicRegistry.lambda$apply$0(DynamicRegistry.java:143) ~[Placebo-1.20.1-8.6.2.jar%23477!/:8.6.2]
	at java.util.HashMap.forEach(HashMap.java:1421) ~[?:?]
	at dev.shadowsoffire.placebo.reload.DynamicRegistry.apply(DynamicRegistry.java:136) ~[Placebo-1.20.1-8.6.2.jar%23477!/:8.6.2]
	at dev.shadowsoffire.placebo.reload.DynamicRegistry.m_5787_(DynamicRegistry.java:62) ~[Placebo-1.20.1-8.6.2.jar%23477!/:8.6.2]
	at net.minecraft.server.packs.resources.SimplePreparableReloadListener.m_10789_(SimplePreparableReloadListener.java:13) ~[server-1.20.1-20230612.114412-srg.jar%23539!/:?]
	at java.util.concurrent.CompletableFuture$UniAccept.tryFire(CompletableFuture.java:718) ~[?:?]
	at java.util.concurrent.CompletableFuture$Completion.run(CompletableFuture.java:482) ~[?:?]
	at net.minecraft.server.packs.resources.SimpleReloadInstance.m_143940_(SimpleReloadInstance.java:69) ~[server-1.20.1-20230612.114412-srg.jar%23539!/:?]
	at net.minecraft.Util.m_214652_(Util.java:783) ~[server-1.20.1-20230612.114412-srg.jar%23539!/:?]
	at net.minecraft.Util.m_214679_(Util.java:772) ~[server-1.20.1-20230612.114412-srg.jar%23539!/:?]
	at net.minecraft.server.Main.main(Main.java:166) ~[server-1.20.1-20230612.114412-srg.jar%23539!/:?]
	at jdk.internal.reflect.NativeMethodAccessorImpl.invoke0(Native Method) ~[?:?]
	at jdk.internal.reflect.NativeMethodAccessorImpl.invoke(NativeMethodAccessorImpl.java:77) ~[?:?]
	at jdk.internal.reflect.DelegatingMethodAccessorImpl.invoke(DelegatingMethodAccessorImpl.java:43) ~[?:?]
	at java.lang.reflect.Method.invoke(Method.java:569) ~[?:?]
	at net.minecraftforge.fml.loading.targets.CommonLaunchHandler.runTarget(CommonLaunchHandler.java:111) ~[fmlloader-1.20.1-47.4.10.jar%2369!/:?]
	at net.minecraftforge.fml.loading.targets.CommonLaunchHandler.serverService(CommonLaunchHandler.java:103) ~[fmlloader-1.20.1-47.4.10.jar%2369!/:?]
	at net.minecraftforge.fml.loading.targets.CommonServerLaunchHandler.lambda$makeService$0(CommonServerLaunchHandler.java:27) ~[fmlloader-1.20.1-47.4.10.jar%2369!/:?]
	at cpw.mods.modlauncher.LaunchServiceHandlerDecorator.launch(LaunchServiceHandlerDecorator.java:30) ~[modlauncher-10.0.9.jar%2355!/:?]
	at cpw.mods.modlauncher.LaunchServiceHandler.launch(LaunchServiceHandler.java:53) ~[modlauncher-10.0.9.jar%2355!/:?]
	at cpw.mods.modlauncher.LaunchServiceHandler.launch(LaunchServiceHandler.java:71) ~[modlauncher-10.0.9.jar%2355!/:?]
	at cpw.mods.modlauncher.Launcher.run(Launcher.java:108) ~[modlauncher-10.0.9.jar%2355!/:?]
	at cpw.mods.modlauncher.Launcher.main(Launcher.java:78) ~[modlauncher-10.0.9.jar%2355!/:?]
	at cpw.mods.modlauncher.BootstrapLaunchConsumer.accept(BootstrapLaunchConsumer.java:26) ~[modlauncher-10.0.9.jar%2355!/:?]
	at cpw.mods.modlauncher.BootstrapLaunchConsumer.accept(BootstrapLaunchConsumer.java:23) ~[modlauncher-10.0.9.jar%2355!/:?]
	at cpw.mods.bootstraplauncher.BootstrapLauncher.main(BootstrapLauncher.java:141) ~[bootstraplauncher-1.1.2.jar:?]
[19Oct2025 17:24:01.580] [main/ERROR] [Apotheosis : Adventure/]: Failed to execute ShieldBreakerTest
java.lang.NullPointerException: Cannot invoke "net.minecraft.world.entity.LivingEntity.m_213824_()" because "attacker" is null
	at net.minecraftforge.common.extensions.IForgeItem.canDisableShield(IForgeItem.java:695) ~[forge-1.20.1-47.4.10-universal.jar%23544!/:?]
	at net.minecraftforge.common.extensions.IForgeItemStack.canDisableShield(IForgeItemStack.java:233) ~[forge-1.20.1-47.4.10-universal.jar%23544!/:?]
	at dev.shadowsoffire.apotheosis.adventure.loot.ShieldBreakerTest.test(ShieldBreakerTest.java:48) ~[Apotheosis-1.20.1-7.4.0.jar%23332!/:7.4.0]
	at dev.shadowsoffire.apotheosis.adventure.loot.ShieldBreakerTest.test(ShieldBreakerTest.java:25) ~[Apotheosis-1.20.1-7.4.0.jar%23332!/:7.4.0]
	at dev.shadowsoffire.apotheosis.adventure.loot.LootCategory.isValid(LootCategory.java:89) ~[Apotheosis-1.20.1-7.4.0.jar%23332!/:7.4.0]
	at dev.shadowsoffire.apotheosis.adventure.loot.LootCategory.forItem(LootCategory.java:182) ~[Apotheosis-1.20.1-7.4.0.jar%23332!/:7.4.0]
	at dev.shadowsoffire.apotheosis.adventure.loot.AffixLootEntry.getType(AffixLootEntry.java:91) ~[Apotheosis-1.20.1-7.4.0.jar%23332!/:7.4.0]
	at dev.shadowsoffire.apotheosis.adventure.loot.AffixLootRegistry.validateItem(AffixLootRegistry.java:30) ~[Apotheosis-1.20.1-7.4.0.jar%23332!/:7.4.0]
	at dev.shadowsoffire.apotheosis.adventure.loot.AffixLootRegistry.validateItem(AffixLootRegistry.java:13) ~[Apotheosis-1.20.1-7.4.0.jar%23332!/:7.4.0]
	at dev.shadowsoffire.placebo.reload.DynamicRegistry.register(DynamicRegistry.java:322) ~[Placebo-1.20.1-8.6.2.jar%23477!/:8.6.2]
	at dev.shadowsoffire.placebo.reload.DynamicRegistry.lambda$apply$0(DynamicRegistry.java:143) ~[Placebo-1.20.1-8.6.2.jar%23477!/:8.6.2]
	at java.util.HashMap.forEach(HashMap.java:1421) ~[?:?]
	at dev.shadowsoffire.placebo.reload.DynamicRegistry.apply(DynamicRegistry.java:136) ~[Placebo-1.20.1-8.6.2.jar%23477!/:8.6.2]
	at dev.shadowsoffire.placebo.reload.DynamicRegistry.m_5787_(DynamicRegistry.java:62) ~[Placebo-1.20.1-8.6.2.jar%23477!/:8.6.2]
	at net.minecraft.server.packs.resources.SimplePreparableReloadListener.m_10789_(SimplePreparableReloadListener.java:13) ~[server-1.20.1-20230612.114412-srg.jar%23539!/:?]
	at java.util.concurrent.CompletableFuture$UniAccept.tryFire(CompletableFuture.java:718) ~[?:?]
	at java.util.concurrent.CompletableFuture$Completion.run(CompletableFuture.java:482) ~[?:?]
	at net.minecraft.server.packs.resources.SimpleReloadInstance.m_143940_(SimpleReloadInstance.java:69) ~[server-1.20.1-20230612.114412-srg.jar%23539!/:?]
	at net.minecraft.Util.m_214652_(Util.java:783) ~[server-1.20.1-20230612.114412-srg.jar%23539!/:?]
	at net.minecraft.Util.m_214679_(Util.java:772) ~[server-1.20.1-20230612.114412-srg.jar%23539!/:?]
	at net.minecraft.server.Main.main(Main.java:166) ~[server-1.20.1-20230612.114412-srg.jar%23539!/:?]
	at jdk.internal.reflect.NativeMethodAccessorImpl.invoke0(Native Method) ~[?:?]
	at jdk.internal.reflect.NativeMethodAccessorImpl.invoke(NativeMethodAccessorImpl.java:77) ~[?:?]
	at jdk.internal.reflect.DelegatingMethodAccessorImpl.invoke(DelegatingMethodAccessorImpl.java:43) ~[?:?]
	at java.lang.reflect.Method.invoke(Method.java:569) ~[?:?]
	at net.minecraftforge.fml.loading.targets.CommonLaunchHandler.runTarget(CommonLaunchHandler.java:111) ~[fmlloader-1.20.1-47.4.10.jar%2369!/:?]
	at net.minecraftforge.fml.loading.targets.CommonLaunchHandler.serverService(CommonLaunchHandler.java:103) ~[fmlloader-1.20.1-47.4.10.jar%2369!/:?]
	at net.minecraftforge.fml.loading.targets.CommonServerLaunchHandler.lambda$makeService$0(CommonServerLaunchHandler.java:27) ~[fmlloader-1.20.1-47.4.10.jar%2369!/:?]
	at cpw.mods.modlauncher.LaunchServiceHandlerDecorator.launch(LaunchServiceHandlerDecorator.java:30) ~[modlauncher-10.0.9.jar%2355!/:?]
	at cpw.mods.modlauncher.LaunchServiceHandler.launch(LaunchServiceHandler.java:53) ~[modlauncher-10.0.9.jar%2355!/:?]
	at cpw.mods.modlauncher.LaunchServiceHandler.launch(LaunchServiceHandler.java:71) ~[modlauncher-10.0.9.jar%2355!/:?]
	at cpw.mods.modlauncher.Launcher.run(Launcher.java:108) ~[modlauncher-10.0.9.jar%2355!/:?]
	at cpw.mods.modlauncher.Launcher.main(Launcher.java:78) ~[modlauncher-10.0.9.jar%2355!/:?]
	at cpw.mods.modlauncher.BootstrapLaunchConsumer.accept(BootstrapLaunchConsumer.java:26) ~[modlauncher-10.0.9.jar%2355!/:?]
	at cpw.mods.modlauncher.BootstrapLaunchConsumer.accept(BootstrapLaunchConsumer.java:23) ~[modlauncher-10.0.9.jar%2355!/:?]
	at cpw.mods.bootstraplauncher.BootstrapLauncher.main(BootstrapLauncher.java:141) ~[bootstraplauncher-1.1.2.jar:?]
[19Oct2025 17:24:01.581] [main/ERROR] [Apotheosis : Adventure/]: Failed to execute ShieldBreakerTest
java.lang.NullPointerException: Cannot invoke "net.minecraft.world.entity.LivingEntity.m_213824_()" because "attacker" is null
	at net.minecraftforge.common.extensions.IForgeItem.canDisableShield(IForgeItem.java:695) ~[forge-1.20.1-47.4.10-universal.jar%23544!/:?]
	at net.minecraftforge.common.extensions.IForgeItemStack.canDisableShield(IForgeItemStack.java:233) ~[forge-1.20.1-47.4.10-universal.jar%23544!/:?]
	at dev.shadowsoffire.apotheosis.adventure.loot.ShieldBreakerTest.test(ShieldBreakerTest.java:48) ~[Apotheosis-1.20.1-7.4.0.jar%23332!/:7.4.0]
	at dev.shadowsoffire.apotheosis.adventure.loot.ShieldBreakerTest.test(ShieldBreakerTest.java:25) ~[Apotheosis-1.20.1-7.4.0.jar%23332!/:7.4.0]
	at dev.shadowsoffire.apotheosis.adventure.loot.LootCategory.isValid(LootCategory.java:89) ~[Apotheosis-1.20.1-7.4.0.jar%23332!/:7.4.0]
	at dev.shadowsoffire.apotheosis.adventure.loot.LootCategory.forItem(LootCategory.java:182) ~[Apotheosis-1.20.1-7.4.0.jar%23332!/:7.4.0]
	at dev.shadowsoffire.apotheosis.adventure.loot.AffixLootEntry.getType(AffixLootEntry.java:91) ~[Apotheosis-1.20.1-7.4.0.jar%23332!/:7.4.0]
	at dev.shadowsoffire.apotheosis.adventure.loot.AffixLootRegistry.validateItem(AffixLootRegistry.java:30) ~[Apotheosis-1.20.1-7.4.0.jar%23332!/:7.4.0]
	at dev.shadowsoffire.apotheosis.adventure.loot.AffixLootRegistry.validateItem(AffixLootRegistry.java:13) ~[Apotheosis-1.20.1-7.4.0.jar%23332!/:7.4.0]
	at dev.shadowsoffire.placebo.reload.DynamicRegistry.register(DynamicRegistry.java:322) ~[Placebo-1.20.1-8.6.2.jar%23477!/:8.6.2]
	at dev.shadowsoffire.placebo.reload.DynamicRegistry.lambda$apply$0(DynamicRegistry.java:143) ~[Placebo-1.20.1-8.6.2.jar%23477!/:8.6.2]
	at java.util.HashMap.forEach(HashMap.java:1421) ~[?:?]
	at dev.shadowsoffire.placebo.reload.DynamicRegistry.apply(DynamicRegistry.java:136) ~[Placebo-1.20.1-8.6.2.jar%23477!/:8.6.2]
	at dev.shadowsoffire.placebo.reload.DynamicRegistry.m_5787_(DynamicRegistry.java:62) ~[Placebo-1.20.1-8.6.2.jar%23477!/:8.6.2]
	at net.minecraft.server.packs.resources.SimplePreparableReloadListener.m_10789_(SimplePreparableReloadListener.java:13) ~[server-1.20.1-20230612.114412-srg.jar%23539!/:?]
	at java.util.concurrent.CompletableFuture$UniAccept.tryFire(CompletableFuture.java:718) ~[?:?]
	at java.util.concurrent.CompletableFuture$Completion.run(CompletableFuture.java:482) ~[?:?]
	at net.minecraft.server.packs.resources.SimpleReloadInstance.m_143940_(SimpleReloadInstance.java:69) ~[server-1.20.1-20230612.114412-srg.jar%23539!/:?]
	at net.minecraft.Util.m_214652_(Util.java:783) ~[server-1.20.1-20230612.114412-srg.jar%23539!/:?]
	at net.minecraft.Util.m_214679_(Util.java:772) ~[server-1.20.1-20230612.114412-srg.jar%23539!/:?]
	at net.minecraft.server.Main.main(Main.java:166) ~[server-1.20.1-20230612.114412-srg.jar%23539!/:?]
	at jdk.internal.reflect.NativeMethodAccessorImpl.invoke0(Native Method) ~[?:?]
	at jdk.internal.reflect.NativeMethodAccessorImpl.invoke(NativeMethodAccessorImpl.java:77) ~[?:?]
	at jdk.internal.reflect.DelegatingMethodAccessorImpl.invoke(DelegatingMethodAccessorImpl.java:43) ~[?:?]
	at java.lang.reflect.Method.invoke(Method.java:569) ~[?:?]
	at net.minecraftforge.fml.loading.targets.CommonLaunchHandler.runTarget(CommonLaunchHandler.java:111) ~[fmlloader-1.20.1-47.4.10.jar%2369!/:?]
	at net.minecraftforge.fml.loading.targets.CommonLaunchHandler.serverService(CommonLaunchHandler.java:103) ~[fmlloader-1.20.1-47.4.10.jar%2369!/:?]
	at net.minecraftforge.fml.loading.targets.CommonServerLaunchHandler.lambda$makeService$0(CommonServerLaunchHandler.java:27) ~[fmlloader-1.20.1-47.4.10.jar%2369!/:?]
	at cpw.mods.modlauncher.LaunchServiceHandlerDecorator.launch(LaunchServiceHandlerDecorator.java:30) ~[modlauncher-10.0.9.jar%2355!/:?]
	at cpw.mods.modlauncher.LaunchServiceHandler.launch(LaunchServiceHandler.java:53) ~[modlauncher-10.0.9.jar%2355!/:?]
	at cpw.mods.modlauncher.LaunchServiceHandler.launch(LaunchServiceHandler.java:71) ~[modlauncher-10.0.9.jar%2355!/:?]
	at cpw.mods.modlauncher.Launcher.run(Launcher.java:108) ~[modlauncher-10.0.9.jar%2355!/:?]
	at cpw.mods.modlauncher.Launcher.main(Launcher.java:78) ~[modlauncher-10.0.9.jar%2355!/:?]
	at cpw.mods.modlauncher.BootstrapLaunchConsumer.accept(BootstrapLaunchConsumer.java:26) ~[modlauncher-10.0.9.jar%2355!/:?]
	at cpw.mods.modlauncher.BootstrapLaunchConsumer.accept(BootstrapLaunchConsumer.java:23) ~[modlauncher-10.0.9.jar%2355!/:?]
	at cpw.mods.bootstraplauncher.BootstrapLauncher.main(BootstrapLauncher.java:141) ~[bootstraplauncher-1.1.2.jar:?]
[19Oct2025 17:24:01.583] [main/ERROR] [Apotheosis : Adventure/]: Failed to execute ShieldBreakerTest
java.lang.NullPointerException: Cannot invoke "net.minecraft.world.entity.LivingEntity.m_213824_()" because "attacker" is null
	at net.minecraftforge.common.extensions.IForgeItem.canDisableShield(IForgeItem.java:695) ~[forge-1.20.1-47.4.10-universal.jar%23544!/:?]
	at net.minecraftforge.common.extensions.IForgeItemStack.canDisableShield(IForgeItemStack.java:233) ~[forge-1.20.1-47.4.10-universal.jar%23544!/:?]
	at dev.shadowsoffire.apotheosis.adventure.loot.ShieldBreakerTest.test(ShieldBreakerTest.java:48) ~[Apotheosis-1.20.1-7.4.0.jar%23332!/:7.4.0]
	at dev.shadowsoffire.apotheosis.adventure.loot.ShieldBreakerTest.test(ShieldBreakerTest.java:25) ~[Apotheosis-1.20.1-7.4.0.jar%23332!/:7.4.0]
	at dev.shadowsoffire.apotheosis.adventure.loot.LootCategory.isValid(LootCategory.java:89) ~[Apotheosis-1.20.1-7.4.0.jar%23332!/:7.4.0]
	at dev.shadowsoffire.apotheosis.adventure.loot.LootCategory.forItem(LootCategory.java:182) ~[Apotheosis-1.20.1-7.4.0.jar%23332!/:7.4.0]
	at dev.shadowsoffire.apotheosis.adventure.loot.AffixLootEntry.getType(AffixLootEntry.java:91) ~[Apotheosis-1.20.1-7.4.0.jar%23332!/:7.4.0]
	at dev.shadowsoffire.apotheosis.adventure.loot.AffixLootRegistry.validateItem(AffixLootRegistry.java:30) ~[Apotheosis-1.20.1-7.4.0.jar%23332!/:7.4.0]
	at dev.shadowsoffire.apotheosis.adventure.loot.AffixLootRegistry.validateItem(AffixLootRegistry.java:13) ~[Apotheosis-1.20.1-7.4.0.jar%23332!/:7.4.0]
	at dev.shadowsoffire.placebo.reload.DynamicRegistry.register(DynamicRegistry.java:322) ~[Placebo-1.20.1-8.6.2.jar%23477!/:8.6.2]
	at dev.shadowsoffire.placebo.reload.DynamicRegistry.lambda$apply$0(DynamicRegistry.java:143) ~[Placebo-1.20.1-8.6.2.jar%23477!/:8.6.2]
	at java.util.HashMap.forEach(HashMap.java:1421) ~[?:?]
	at dev.shadowsoffire.placebo.reload.DynamicRegistry.apply(DynamicRegistry.java:136) ~[Placebo-1.20.1-8.6.2.jar%23477!/:8.6.2]
	at dev.shadowsoffire.placebo.reload.DynamicRegistry.m_5787_(DynamicRegistry.java:62) ~[Placebo-1.20.1-8.6.2.jar%23477!/:8.6.2]
	at net.minecraft.server.packs.resources.SimplePreparableReloadListener.m_10789_(SimplePreparableReloadListener.java:13) ~[server-1.20.1-20230612.114412-srg.jar%23539!/:?]
	at java.util.concurrent.CompletableFuture$UniAccept.tryFire(CompletableFuture.java:718) ~[?:?]
	at java.util.concurrent.CompletableFuture$Completion.run(CompletableFuture.java:482) ~[?:?]
	at net.minecraft.server.packs.resources.SimpleReloadInstance.m_143940_(SimpleReloadInstance.java:69) ~[server-1.20.1-20230612.114412-srg.jar%23539!/:?]
	at net.minecraft.Util.m_214652_(Util.java:783) ~[server-1.20.1-20230612.114412-srg.jar%23539!/:?]
	at net.minecraft.Util.m_214679_(Util.java:772) ~[server-1.20.1-20230612.114412-srg.jar%23539!/:?]
	at net.minecraft.server.Main.main(Main.java:166) ~[server-1.20.1-20230612.114412-srg.jar%23539!/:?]
	at jdk.internal.reflect.NativeMethodAccessorImpl.invoke0(Native Method) ~[?:?]
	at jdk.internal.reflect.NativeMethodAccessorImpl.invoke(NativeMethodAccessorImpl.java:77) ~[?:?]
	at jdk.internal.reflect.DelegatingMethodAccessorImpl.invoke(DelegatingMethodAccessorImpl.java:43) ~[?:?]
	at java.lang.reflect.Method.invoke(Method.java:569) ~[?:?]
	at net.minecraftforge.fml.loading.targets.CommonLaunchHandler.runTarget(CommonLaunchHandler.java:111) ~[fmlloader-1.20.1-47.4.10.jar%2369!/:?]
	at net.minecraftforge.fml.loading.targets.CommonLaunchHandler.serverService(CommonLaunchHandler.java:103) ~[fmlloader-1.20.1-47.4.10.jar%2369!/:?]
	at net.minecraftforge.fml.loading.targets.CommonServerLaunchHandler.lambda$makeService$0(CommonServerLaunchHandler.java:27) ~[fmlloader-1.20.1-47.4.10.jar%2369!/:?]
	at cpw.mods.modlauncher.LaunchServiceHandlerDecorator.launch(LaunchServiceHandlerDecorator.java:30) ~[modlauncher-10.0.9.jar%2355!/:?]
	at cpw.mods.modlauncher.LaunchServiceHandler.launch(LaunchServiceHandler.java:53) ~[modlauncher-10.0.9.jar%2355!/:?]
	at cpw.mods.modlauncher.LaunchServiceHandler.launch(LaunchServiceHandler.java:71) ~[modlauncher-10.0.9.jar%2355!/:?]
	at cpw.mods.modlauncher.Launcher.run(Launcher.java:108) ~[modlauncher-10.0.9.jar%2355!/:?]
	at cpw.mods.modlauncher.Launcher.main(Launcher.java:78) ~[modlauncher-10.0.9.jar%2355!/:?]
	at cpw.mods.modlauncher.BootstrapLaunchConsumer.accept(BootstrapLaunchConsumer.java:26) ~[modlauncher-10.0.9.jar%2355!/:?]
	at cpw.mods.modlauncher.BootstrapLaunchConsumer.accept(BootstrapLaunchConsumer.java:23) ~[modlauncher-10.0.9.jar%2355!/:?]
	at cpw.mods.bootstraplauncher.BootstrapLauncher.main(BootstrapLauncher.java:141) ~[bootstraplauncher-1.1.2.jar:?]
[19Oct2025 17:24:01.584] [main/ERROR] [Apotheosis : Adventure/]: Failed to execute ShieldBreakerTest
java.lang.NullPointerException: Cannot invoke "net.minecraft.world.entity.LivingEntity.m_213824_()" because "attacker" is null
	at net.minecraftforge.common.extensions.IForgeItem.canDisableShield(IForgeItem.java:695) ~[forge-1.20.1-47.4.10-universal.jar%23544!/:?]
	at net.minecraftforge.common.extensions.IForgeItemStack.canDisableShield(IForgeItemStack.java:233) ~[forge-1.20.1-47.4.10-universal.jar%23544!/:?]
	at dev.shadowsoffire.apotheosis.adventure.loot.ShieldBreakerTest.test(ShieldBreakerTest.java:48) ~[Apotheosis-1.20.1-7.4.0.jar%23332!/:7.4.0]
	at dev.shadowsoffire.apotheosis.adventure.loot.ShieldBreakerTest.test(ShieldBreakerTest.java:25) ~[Apotheosis-1.20.1-7.4.0.jar%23332!/:7.4.0]
	at dev.shadowsoffire.apotheosis.adventure.loot.LootCategory.isValid(LootCategory.java:89) ~[Apotheosis-1.20.1-7.4.0.jar%23332!/:7.4.0]
	at dev.shadowsoffire.apotheosis.adventure.loot.LootCategory.forItem(LootCategory.java:182) ~[Apotheosis-1.20.1-7.4.0.jar%23332!/:7.4.0]
	at dev.shadowsoffire.apotheosis.adventure.loot.AffixLootEntry.getType(AffixLootEntry.java:91) ~[Apotheosis-1.20.1-7.4.0.jar%23332!/:7.4.0]
	at dev.shadowsoffire.apotheosis.adventure.loot.AffixLootRegistry.validateItem(AffixLootRegistry.java:30) ~[Apotheosis-1.20.1-7.4.0.jar%23332!/:7.4.0]
	at dev.shadowsoffire.apotheosis.adventure.loot.AffixLootRegistry.validateItem(AffixLootRegistry.java:13) ~[Apotheosis-1.20.1-7.4.0.jar%23332!/:7.4.0]
	at dev.shadowsoffire.placebo.reload.DynamicRegistry.register(DynamicRegistry.java:322) ~[Placebo-1.20.1-8.6.2.jar%23477!/:8.6.2]
	at dev.shadowsoffire.placebo.reload.DynamicRegistry.lambda$apply$0(DynamicRegistry.java:143) ~[Placebo-1.20.1-8.6.2.jar%23477!/:8.6.2]
	at java.util.HashMap.forEach(HashMap.java:1421) ~[?:?]
	at dev.shadowsoffire.placebo.reload.DynamicRegistry.apply(DynamicRegistry.java:136) ~[Placebo-1.20.1-8.6.2.jar%23477!/:8.6.2]
	at dev.shadowsoffire.placebo.reload.DynamicRegistry.m_5787_(DynamicRegistry.java:62) ~[Placebo-1.20.1-8.6.2.jar%23477!/:8.6.2]
	at net.minecraft.server.packs.resources.SimplePreparableReloadListener.m_10789_(SimplePreparableReloadListener.java:13) ~[server-1.20.1-20230612.114412-srg.jar%23539!/:?]
	at java.util.concurrent.CompletableFuture$UniAccept.tryFire(CompletableFuture.java:718) ~[?:?]
	at java.util.concurrent.CompletableFuture$Completion.run(CompletableFuture.java:482) ~[?:?]
	at net.minecraft.server.packs.resources.SimpleReloadInstance.m_143940_(SimpleReloadInstance.java:69) ~[server-1.20.1-20230612.114412-srg.jar%23539!/:?]
	at net.minecraft.Util.m_214652_(Util.java:783) ~[server-1.20.1-20230612.114412-srg.jar%23539!/:?]
	at net.minecraft.Util.m_214679_(Util.java:772) ~[server-1.20.1-20230612.114412-srg.jar%23539!/:?]
	at net.minecraft.server.Main.main(Main.java:166) ~[server-1.20.1-20230612.114412-srg.jar%23539!/:?]
	at jdk.internal.reflect.NativeMethodAccessorImpl.invoke0(Native Method) ~[?:?]
	at jdk.internal.reflect.NativeMethodAccessorImpl.invoke(NativeMethodAccessorImpl.java:77) ~[?:?]
	at jdk.internal.reflect.DelegatingMethodAccessorImpl.invoke(DelegatingMethodAccessorImpl.java:43) ~[?:?]
	at java.lang.reflect.Method.invoke(Method.java:569) ~[?:?]
	at net.minecraftforge.fml.loading.targets.CommonLaunchHandler.runTarget(CommonLaunchHandler.java:111) ~[fmlloader-1.20.1-47.4.10.jar%2369!/:?]
	at net.minecraftforge.fml.loading.targets.CommonLaunchHandler.serverService(CommonLaunchHandler.java:103) ~[fmlloader-1.20.1-47.4.10.jar%2369!/:?]
	at net.minecraftforge.fml.loading.targets.CommonServerLaunchHandler.lambda$makeService$0(CommonServerLaunchHandler.java:27) ~[fmlloader-1.20.1-47.4.10.jar%2369!/:?]
	at cpw.mods.modlauncher.LaunchServiceHandlerDecorator.launch(LaunchServiceHandlerDecorator.java:30) ~[modlauncher-10.0.9.jar%2355!/:?]
	at cpw.mods.modlauncher.LaunchServiceHandler.launch(LaunchServiceHandler.java:53) ~[modlauncher-10.0.9.jar%2355!/:?]
	at cpw.mods.modlauncher.LaunchServiceHandler.launch(LaunchServiceHandler.java:71) ~[modlauncher-10.0.9.jar%2355!/:?]
	at cpw.mods.modlauncher.Launcher.run(Launcher.java:108) ~[modlauncher-10.0.9.jar%2355!/:?]
	at cpw.mods.modlauncher.Launcher.main(Launcher.java:78) ~[modlauncher-10.0.9.jar%2355!/:?]
	at cpw.mods.modlauncher.BootstrapLaunchConsumer.accept(BootstrapLaunchConsumer.java:26) ~[modlauncher-10.0.9.jar%2355!/:?]
	at cpw.mods.modlauncher.BootstrapLaunchConsumer.accept(BootstrapLaunchConsumer.java:23) ~[modlauncher-10.0.9.jar%2355!/:?]
	at cpw.mods.bootstraplauncher.BootstrapLauncher.main(BootstrapLauncher.java:141) ~[bootstraplauncher-1.1.2.jar:?]
[19Oct2025 17:24:01.585] [main/ERROR] [Apotheosis : Adventure/]: Failed to execute ShieldBreakerTest
java.lang.NullPointerException: Cannot invoke "net.minecraft.world.entity.LivingEntity.m_213824_()" because "attacker" is null
	at net.minecraftforge.common.extensions.IForgeItem.canDisableShield(IForgeItem.java:695) ~[forge-1.20.1-47.4.10-universal.jar%23544!/:?]
	at net.minecraftforge.common.extensions.IForgeItemStack.canDisableShield(IForgeItemStack.java:233) ~[forge-1.20.1-47.4.10-universal.jar%23544!/:?]
	at dev.shadowsoffire.apotheosis.adventure.loot.ShieldBreakerTest.test(ShieldBreakerTest.java:48) ~[Apotheosis-1.20.1-7.4.0.jar%23332!/:7.4.0]
	at dev.shadowsoffire.apotheosis.adventure.loot.ShieldBreakerTest.test(ShieldBreakerTest.java:25) ~[Apotheosis-1.20.1-7.4.0.jar%23332!/:7.4.0]
	at dev.shadowsoffire.apotheosis.adventure.loot.LootCategory.isValid(LootCategory.java:89) ~[Apotheosis-1.20.1-7.4.0.jar%23332!/:7.4.0]
	at dev.shadowsoffire.apotheosis.adventure.loot.LootCategory.forItem(LootCategory.java:182) ~[Apotheosis-1.20.1-7.4.0.jar%23332!/:7.4.0]
	at dev.shadowsoffire.apotheosis.adventure.loot.AffixLootEntry.getType(AffixLootEntry.java:91) ~[Apotheosis-1.20.1-7.4.0.jar%23332!/:7.4.0]
	at dev.shadowsoffire.apotheosis.adventure.loot.AffixLootRegistry.validateItem(AffixLootRegistry.java:30) ~[Apotheosis-1.20.1-7.4.0.jar%23332!/:7.4.0]
	at dev.shadowsoffire.apotheosis.adventure.loot.AffixLootRegistry.validateItem(AffixLootRegistry.java:13) ~[Apotheosis-1.20.1-7.4.0.jar%23332!/:7.4.0]
	at dev.shadowsoffire.placebo.reload.DynamicRegistry.register(DynamicRegistry.java:322) ~[Placebo-1.20.1-8.6.2.jar%23477!/:8.6.2]
	at dev.shadowsoffire.placebo.reload.DynamicRegistry.lambda$apply$0(DynamicRegistry.java:143) ~[Placebo-1.20.1-8.6.2.jar%23477!/:8.6.2]
	at java.util.HashMap.forEach(HashMap.java:1421) ~[?:?]
	at dev.shadowsoffire.placebo.reload.DynamicRegistry.apply(DynamicRegistry.java:136) ~[Placebo-1.20.1-8.6.2.jar%23477!/:8.6.2]
	at dev.shadowsoffire.placebo.reload.DynamicRegistry.m_5787_(DynamicRegistry.java:62) ~[Placebo-1.20.1-8.6.2.jar%23477!/:8.6.2]
	at net.minecraft.server.packs.resources.SimplePreparableReloadListener.m_10789_(SimplePreparableReloadListener.java:13) ~[server-1.20.1-20230612.114412-srg.jar%23539!/:?]
	at java.util.concurrent.CompletableFuture$UniAccept.tryFire(CompletableFuture.java:718) ~[?:?]
	at java.util.concurrent.CompletableFuture$Completion.run(CompletableFuture.java:482) ~[?:?]
	at net.minecraft.server.packs.resources.SimpleReloadInstance.m_143940_(SimpleReloadInstance.java:69) ~[server-1.20.1-20230612.114412-srg.jar%23539!/:?]
	at net.minecraft.Util.m_214652_(Util.java:783) ~[server-1.20.1-20230612.114412-srg.jar%23539!/:?]
	at net.minecraft.Util.m_214679_(Util.java:772) ~[server-1.20.1-20230612.114412-srg.jar%23539!/:?]
	at net.minecraft.server.Main.main(Main.java:166) ~[server-1.20.1-20230612.114412-srg.jar%23539!/:?]
	at jdk.internal.reflect.NativeMethodAccessorImpl.invoke0(Native Method) ~[?:?]
	at jdk.internal.reflect.NativeMethodAccessorImpl.invoke(NativeMethodAccessorImpl.java:77) ~[?:?]
	at jdk.internal.reflect.DelegatingMethodAccessorImpl.invoke(DelegatingMethodAccessorImpl.java:43) ~[?:?]
	at java.lang.reflect.Method.invoke(Method.java:569) ~[?:?]
	at net.minecraftforge.fml.loading.targets.CommonLaunchHandler.runTarget(CommonLaunchHandler.java:111) ~[fmlloader-1.20.1-47.4.10.jar%2369!/:?]
	at net.minecraftforge.fml.loading.targets.CommonLaunchHandler.serverService(CommonLaunchHandler.java:103) ~[fmlloader-1.20.1-47.4.10.jar%2369!/:?]
	at net.minecraftforge.fml.loading.targets.CommonServerLaunchHandler.lambda$makeService$0(CommonServerLaunchHandler.java:27) ~[fmlloader-1.20.1-47.4.10.jar%2369!/:?]
	at cpw.mods.modlauncher.LaunchServiceHandlerDecorator.launch(LaunchServiceHandlerDecorator.java:30) ~[modlauncher-10.0.9.jar%2355!/:?]
	at cpw.mods.modlauncher.LaunchServiceHandler.launch(LaunchServiceHandler.java:53) ~[modlauncher-10.0.9.jar%2355!/:?]
	at cpw.mods.modlauncher.LaunchServiceHandler.launch(LaunchServiceHandler.java:71) ~[modlauncher-10.0.9.jar%2355!/:?]
	at cpw.mods.modlauncher.Launcher.run(Launcher.java:108) ~[modlauncher-10.0.9.jar%2355!/:?]
	at cpw.mods.modlauncher.Launcher.main(Launcher.java:78) ~[modlauncher-10.0.9.jar%2355!/:?]
	at cpw.mods.modlauncher.BootstrapLaunchConsumer.accept(BootstrapLaunchConsumer.java:26) ~[modlauncher-10.0.9.jar%2355!/:?]
	at cpw.mods.modlauncher.BootstrapLaunchConsumer.accept(BootstrapLaunchConsumer.java:23) ~[modlauncher-10.0.9.jar%2355!/:?]
	at cpw.mods.bootstraplauncher.BootstrapLauncher.main(BootstrapLauncher.java:141) ~[bootstraplauncher-1.1.2.jar:?]
[19Oct2025 17:24:01.586] [main/ERROR] [Apotheosis : Adventure/]: Failed to execute ShieldBreakerTest
java.lang.NullPointerException: Cannot invoke "net.minecraft.world.entity.LivingEntity.m_213824_()" because "attacker" is null
	at net.minecraftforge.common.extensions.IForgeItem.canDisableShield(IForgeItem.java:695) ~[forge-1.20.1-47.4.10-universal.jar%23544!/:?]
	at net.minecraftforge.common.extensions.IForgeItemStack.canDisableShield(IForgeItemStack.java:233) ~[forge-1.20.1-47.4.10-universal.jar%23544!/:?]
	at dev.shadowsoffire.apotheosis.adventure.loot.ShieldBreakerTest.test(ShieldBreakerTest.java:48) ~[Apotheosis-1.20.1-7.4.0.jar%23332!/:7.4.0]
	at dev.shadowsoffire.apotheosis.adventure.loot.ShieldBreakerTest.test(ShieldBreakerTest.java:25) ~[Apotheosis-1.20.1-7.4.0.jar%23332!/:7.4.0]
	at dev.shadowsoffire.apotheosis.adventure.loot.LootCategory.isValid(LootCategory.java:89) ~[Apotheosis-1.20.1-7.4.0.jar%23332!/:7.4.0]
	at dev.shadowsoffire.apotheosis.adventure.loot.LootCategory.forItem(LootCategory.java:182) ~[Apotheosis-1.20.1-7.4.0.jar%23332!/:7.4.0]
	at dev.shadowsoffire.apotheosis.adventure.loot.AffixLootEntry.getType(AffixLootEntry.java:91) ~[Apotheosis-1.20.1-7.4.0.jar%23332!/:7.4.0]
	at dev.shadowsoffire.apotheosis.adventure.loot.AffixLootRegistry.validateItem(AffixLootRegistry.java:30) ~[Apotheosis-1.20.1-7.4.0.jar%23332!/:7.4.0]
	at dev.shadowsoffire.apotheosis.adventure.loot.AffixLootRegistry.validateItem(AffixLootRegistry.java:13) ~[Apotheosis-1.20.1-7.4.0.jar%23332!/:7.4.0]
	at dev.shadowsoffire.placebo.reload.DynamicRegistry.register(DynamicRegistry.java:322) ~[Placebo-1.20.1-8.6.2.jar%23477!/:8.6.2]
	at dev.shadowsoffire.placebo.reload.DynamicRegistry.lambda$apply$0(DynamicRegistry.java:143) ~[Placebo-1.20.1-8.6.2.jar%23477!/:8.6.2]
	at java.util.HashMap.forEach(HashMap.java:1421) ~[?:?]
	at dev.shadowsoffire.placebo.reload.DynamicRegistry.apply(DynamicRegistry.java:136) ~[Placebo-1.20.1-8.6.2.jar%23477!/:8.6.2]
	at dev.shadowsoffire.placebo.reload.DynamicRegistry.m_5787_(DynamicRegistry.java:62) ~[Placebo-1.20.1-8.6.2.jar%23477!/:8.6.2]
	at net.minecraft.server.packs.resources.SimplePreparableReloadListener.m_10789_(SimplePreparableReloadListener.java:13) ~[server-1.20.1-20230612.114412-srg.jar%23539!/:?]
	at java.util.concurrent.CompletableFuture$UniAccept.tryFire(CompletableFuture.java:718) ~[?:?]
	at java.util.concurrent.CompletableFuture$Completion.run(CompletableFuture.java:482) ~[?:?]
	at net.minecraft.server.packs.resources.SimpleReloadInstance.m_143940_(SimpleReloadInstance.java:69) ~[server-1.20.1-20230612.114412-srg.jar%23539!/:?]
	at net.minecraft.Util.m_214652_(Util.java:783) ~[server-1.20.1-20230612.114412-srg.jar%23539!/:?]
	at net.minecraft.Util.m_214679_(Util.java:772) ~[server-1.20.1-20230612.114412-srg.jar%23539!/:?]
	at net.minecraft.server.Main.main(Main.java:166) ~[server-1.20.1-20230612.114412-srg.jar%23539!/:?]
	at jdk.internal.reflect.NativeMethodAccessorImpl.invoke0(Native Method) ~[?:?]
	at jdk.internal.reflect.NativeMethodAccessorImpl.invoke(NativeMethodAccessorImpl.java:77) ~[?:?]
	at jdk.internal.reflect.DelegatingMethodAccessorImpl.invoke(DelegatingMethodAccessorImpl.java:43) ~[?:?]
	at java.lang.reflect.Method.invoke(Method.java:569) ~[?:?]
	at net.minecraftforge.fml.loading.targets.CommonLaunchHandler.runTarget(CommonLaunchHandler.java:111) ~[fmlloader-1.20.1-47.4.10.jar%2369!/:?]
	at net.minecraftforge.fml.loading.targets.CommonLaunchHandler.serverService(CommonLaunchHandler.java:103) ~[fmlloader-1.20.1-47.4.10.jar%2369!/:?]
	at net.minecraftforge.fml.loading.targets.CommonServerLaunchHandler.lambda$makeService$0(CommonServerLaunchHandler.java:27) ~[fmlloader-1.20.1-47.4.10.jar%2369!/:?]
	at cpw.mods.modlauncher.LaunchServiceHandlerDecorator.launch(LaunchServiceHandlerDecorator.java:30) ~[modlauncher-10.0.9.jar%2355!/:?]
	at cpw.mods.modlauncher.LaunchServiceHandler.launch(LaunchServiceHandler.java:53) ~[modlauncher-10.0.9.jar%2355!/:?]
	at cpw.mods.modlauncher.LaunchServiceHandler.launch(LaunchServiceHandler.java:71) ~[modlauncher-10.0.9.jar%2355!/:?]
	at cpw.mods.modlauncher.Launcher.run(Launcher.java:108) ~[modlauncher-10.0.9.jar%2355!/:?]
	at cpw.mods.modlauncher.Launcher.main(Launcher.java:78) ~[modlauncher-10.0.9.jar%2355!/:?]
	at cpw.mods.modlauncher.BootstrapLaunchConsumer.accept(BootstrapLaunchConsumer.java:26) ~[modlauncher-10.0.9.jar%2355!/:?]
	at cpw.mods.modlauncher.BootstrapLaunchConsumer.accept(BootstrapLaunchConsumer.java:23) ~[modlauncher-10.0.9.jar%2355!/:?]
	at cpw.mods.bootstraplauncher.BootstrapLauncher.main(BootstrapLauncher.java:141) ~[bootstraplauncher-1.1.2.jar:?]
[19Oct2025 17:24:01.587] [main/ERROR] [Apotheosis : Adventure/]: Failed to execute ShieldBreakerTest
java.lang.NullPointerException: Cannot invoke "net.minecraft.world.entity.LivingEntity.m_213824_()" because "attacker" is null
	at net.minecraftforge.common.extensions.IForgeItem.canDisableShield(IForgeItem.java:695) ~[forge-1.20.1-47.4.10-universal.jar%23544!/:?]
	at net.minecraftforge.common.extensions.IForgeItemStack.canDisableShield(IForgeItemStack.java:233) ~[forge-1.20.1-47.4.10-universal.jar%23544!/:?]
	at dev.shadowsoffire.apotheosis.adventure.loot.ShieldBreakerTest.test(ShieldBreakerTest.java:48) ~[Apotheosis-1.20.1-7.4.0.jar%23332!/:7.4.0]
	at dev.shadowsoffire.apotheosis.adventure.loot.ShieldBreakerTest.test(ShieldBreakerTest.java:25) ~[Apotheosis-1.20.1-7.4.0.jar%23332!/:7.4.0]
	at dev.shadowsoffire.apotheosis.adventure.loot.LootCategory.isValid(LootCategory.java:89) ~[Apotheosis-1.20.1-7.4.0.jar%23332!/:7.4.0]
	at dev.shadowsoffire.apotheosis.adventure.loot.LootCategory.forItem(LootCategory.java:182) ~[Apotheosis-1.20.1-7.4.0.jar%23332!/:7.4.0]
	at dev.shadowsoffire.apotheosis.adventure.loot.AffixLootEntry.getType(AffixLootEntry.java:91) ~[Apotheosis-1.20.1-7.4.0.jar%23332!/:7.4.0]
	at dev.shadowsoffire.apotheosis.adventure.loot.AffixLootRegistry.validateItem(AffixLootRegistry.java:30) ~[Apotheosis-1.20.1-7.4.0.jar%23332!/:7.4.0]
	at dev.shadowsoffire.apotheosis.adventure.loot.AffixLootRegistry.validateItem(AffixLootRegistry.java:13) ~[Apotheosis-1.20.1-7.4.0.jar%23332!/:7.4.0]
	at dev.shadowsoffire.placebo.reload.DynamicRegistry.register(DynamicRegistry.java:322) ~[Placebo-1.20.1-8.6.2.jar%23477!/:8.6.2]
	at dev.shadowsoffire.placebo.reload.DynamicRegistry.lambda$apply$0(DynamicRegistry.java:143) ~[Placebo-1.20.1-8.6.2.jar%23477!/:8.6.2]
	at java.util.HashMap.forEach(HashMap.java:1421) ~[?:?]
	at dev.shadowsoffire.placebo.reload.DynamicRegistry.apply(DynamicRegistry.java:136) ~[Placebo-1.20.1-8.6.2.jar%23477!/:8.6.2]
	at dev.shadowsoffire.placebo.reload.DynamicRegistry.m_5787_(DynamicRegistry.java:62) ~[Placebo-1.20.1-8.6.2.jar%23477!/:8.6.2]
	at net.minecraft.server.packs.resources.SimplePreparableReloadListener.m_10789_(SimplePreparableReloadListener.java:13) ~[server-1.20.1-20230612.114412-srg.jar%23539!/:?]
	at java.util.concurrent.CompletableFuture$UniAccept.tryFire(CompletableFuture.java:718) ~[?:?]
	at java.util.concurrent.CompletableFuture$Completion.run(CompletableFuture.java:482) ~[?:?]
	at net.minecraft.server.packs.resources.SimpleReloadInstance.m_143940_(SimpleReloadInstance.java:69) ~[server-1.20.1-20230612.114412-srg.jar%23539!/:?]
	at net.minecraft.Util.m_214652_(Util.java:783) ~[server-1.20.1-20230612.114412-srg.jar%23539!/:?]
	at net.minecraft.Util.m_214679_(Util.java:772) ~[server-1.20.1-20230612.114412-srg.jar%23539!/:?]
	at net.minecraft.server.Main.main(Main.java:166) ~[server-1.20.1-20230612.114412-srg.jar%23539!/:?]
	at jdk.internal.reflect.NativeMethodAccessorImpl.invoke0(Native Method) ~[?:?]
	at jdk.internal.reflect.NativeMethodAccessorImpl.invoke(NativeMethodAccessorImpl.java:77) ~[?:?]
	at jdk.internal.reflect.DelegatingMethodAccessorImpl.invoke(DelegatingMethodAccessorImpl.java:43) ~[?:?]
	at java.lang.reflect.Method.invoke(Method.java:569) ~[?:?]
	at net.minecraftforge.fml.loading.targets.CommonLaunchHandler.runTarget(CommonLaunchHandler.java:111) ~[fmlloader-1.20.1-47.4.10.jar%2369!/:?]
	at net.minecraftforge.fml.loading.targets.CommonLaunchHandler.serverService(CommonLaunchHandler.java:103) ~[fmlloader-1.20.1-47.4.10.jar%2369!/:?]
	at net.minecraftforge.fml.loading.targets.CommonServerLaunchHandler.lambda$makeService$0(CommonServerLaunchHandler.java:27) ~[fmlloader-1.20.1-47.4.10.jar%2369!/:?]
	at cpw.mods.modlauncher.LaunchServiceHandlerDecorator.launch(LaunchServiceHandlerDecorator.java:30) ~[modlauncher-10.0.9.jar%2355!/:?]
	at cpw.mods.modlauncher.LaunchServiceHandler.launch(LaunchServiceHandler.java:53) ~[modlauncher-10.0.9.jar%2355!/:?]
	at cpw.mods.modlauncher.LaunchServiceHandler.launch(LaunchServiceHandler.java:71) ~[modlauncher-10.0.9.jar%2355!/:?]
	at cpw.mods.modlauncher.Launcher.run(Launcher.java:108) ~[modlauncher-10.0.9.jar%2355!/:?]
	at cpw.mods.modlauncher.Launcher.main(Launcher.java:78) ~[modlauncher-10.0.9.jar%2355!/:?]
	at cpw.mods.modlauncher.BootstrapLaunchConsumer.accept(BootstrapLaunchConsumer.java:26) ~[modlauncher-10.0.9.jar%2355!/:?]
	at cpw.mods.modlauncher.BootstrapLaunchConsumer.accept(BootstrapLaunchConsumer.java:23) ~[modlauncher-10.0.9.jar%2355!/:?]
	at cpw.mods.bootstraplauncher.BootstrapLauncher.main(BootstrapLauncher.java:141) ~[bootstraplauncher-1.1.2.jar:?]
[19Oct2025 17:24:01.588] [main/ERROR] [Apotheosis : Adventure/]: Failed to execute ShieldBreakerTest
java.lang.NullPointerException: Cannot invoke "net.minecraft.world.entity.LivingEntity.m_213824_()" because "attacker" is null
	at net.minecraftforge.common.extensions.IForgeItem.canDisableShield(IForgeItem.java:695) ~[forge-1.20.1-47.4.10-universal.jar%23544!/:?]
	at net.minecraftforge.common.extensions.IForgeItemStack.canDisableShield(IForgeItemStack.java:233) ~[forge-1.20.1-47.4.10-universal.jar%23544!/:?]
	at dev.shadowsoffire.apotheosis.adventure.loot.ShieldBreakerTest.test(ShieldBreakerTest.java:48) ~[Apotheosis-1.20.1-7.4.0.jar%23332!/:7.4.0]
	at dev.shadowsoffire.apotheosis.adventure.loot.ShieldBreakerTest.test(ShieldBreakerTest.java:25) ~[Apotheosis-1.20.1-7.4.0.jar%23332!/:7.4.0]
	at dev.shadowsoffire.apotheosis.adventure.loot.LootCategory.isValid(LootCategory.java:89) ~[Apotheosis-1.20.1-7.4.0.jar%23332!/:7.4.0]
	at dev.shadowsoffire.apotheosis.adventure.loot.LootCategory.forItem(LootCategory.java:182) ~[Apotheosis-1.20.1-7.4.0.jar%23332!/:7.4.0]
	at dev.shadowsoffire.apotheosis.adventure.loot.AffixLootEntry.getType(AffixLootEntry.java:91) ~[Apotheosis-1.20.1-7.4.0.jar%23332!/:7.4.0]
	at dev.shadowsoffire.apotheosis.adventure.loot.AffixLootRegistry.validateItem(AffixLootRegistry.java:30) ~[Apotheosis-1.20.1-7.4.0.jar%23332!/:7.4.0]
	at dev.shadowsoffire.apotheosis.adventure.loot.AffixLootRegistry.validateItem(AffixLootRegistry.java:13) ~[Apotheosis-1.20.1-7.4.0.jar%23332!/:7.4.0]
	at dev.shadowsoffire.placebo.reload.DynamicRegistry.register(DynamicRegistry.java:322) ~[Placebo-1.20.1-8.6.2.jar%23477!/:8.6.2]
	at dev.shadowsoffire.placebo.reload.DynamicRegistry.lambda$apply$0(DynamicRegistry.java:143) ~[Placebo-1.20.1-8.6.2.jar%23477!/:8.6.2]
	at java.util.HashMap.forEach(HashMap.java:1421) ~[?:?]
	at dev.shadowsoffire.placebo.reload.DynamicRegistry.apply(DynamicRegistry.java:136) ~[Placebo-1.20.1-8.6.2.jar%23477!/:8.6.2]
	at dev.shadowsoffire.placebo.reload.DynamicRegistry.m_5787_(DynamicRegistry.java:62) ~[Placebo-1.20.1-8.6.2.jar%23477!/:8.6.2]
	at net.minecraft.server.packs.resources.SimplePreparableReloadListener.m_10789_(SimplePreparableReloadListener.java:13) ~[server-1.20.1-20230612.114412-srg.jar%23539!/:?]
	at java.util.concurrent.CompletableFuture$UniAccept.tryFire(CompletableFuture.java:718) ~[?:?]
	at java.util.concurrent.CompletableFuture$Completion.run(CompletableFuture.java:482) ~[?:?]
	at net.minecraft.server.packs.resources.SimpleReloadInstance.m_143940_(SimpleReloadInstance.java:69) ~[server-1.20.1-20230612.114412-srg.jar%23539!/:?]
	at net.minecraft.Util.m_214652_(Util.java:783) ~[server-1.20.1-20230612.114412-srg.jar%23539!/:?]
	at net.minecraft.Util.m_214679_(Util.java:772) ~[server-1.20.1-20230612.114412-srg.jar%23539!/:?]
	at net.minecraft.server.Main.main(Main.java:166) ~[server-1.20.1-20230612.114412-srg.jar%23539!/:?]
	at jdk.internal.reflect.NativeMethodAccessorImpl.invoke0(Native Method) ~[?:?]
	at jdk.internal.reflect.NativeMethodAccessorImpl.invoke(NativeMethodAccessorImpl.java:77) ~[?:?]
	at jdk.internal.reflect.DelegatingMethodAccessorImpl.invoke(DelegatingMethodAccessorImpl.java:43) ~[?:?]
	at java.lang.reflect.Method.invoke(Method.java:569) ~[?:?]
	at net.minecraftforge.fml.loading.targets.CommonLaunchHandler.runTarget(CommonLaunchHandler.java:111) ~[fmlloader-1.20.1-47.4.10.jar%2369!/:?]
	at net.minecraftforge.fml.loading.targets.CommonLaunchHandler.serverService(CommonLaunchHandler.java:103) ~[fmlloader-1.20.1-47.4.10.jar%2369!/:?]
	at net.minecraftforge.fml.loading.targets.CommonServerLaunchHandler.lambda$makeService$0(CommonServerLaunchHandler.java:27) ~[fmlloader-1.20.1-47.4.10.jar%2369!/:?]
	at cpw.mods.modlauncher.LaunchServiceHandlerDecorator.launch(LaunchServiceHandlerDecorator.java:30) ~[modlauncher-10.0.9.jar%2355!/:?]
	at cpw.mods.modlauncher.LaunchServiceHandler.launch(LaunchServiceHandler.java:53) ~[modlauncher-10.0.9.jar%2355!/:?]
	at cpw.mods.modlauncher.LaunchServiceHandler.launch(LaunchServiceHandler.java:71) ~[modlauncher-10.0.9.jar%2355!/:?]
	at cpw.mods.modlauncher.Launcher.run(Launcher.java:108) ~[modlauncher-10.0.9.jar%2355!/:?]
	at cpw.mods.modlauncher.Launcher.main(Launcher.java:78) ~[modlauncher-10.0.9.jar%2355!/:?]
	at cpw.mods.modlauncher.BootstrapLaunchConsumer.accept(BootstrapLaunchConsumer.java:26) ~[modlauncher-10.0.9.jar%2355!/:?]
	at cpw.mods.modlauncher.BootstrapLaunchConsumer.accept(BootstrapLaunchConsumer.java:23) ~[modlauncher-10.0.9.jar%2355!/:?]
	at cpw.mods.bootstraplauncher.BootstrapLauncher.main(BootstrapLauncher.java:141) ~[bootstraplauncher-1.1.2.jar:?]
[19Oct2025 17:24:01.589] [main/ERROR] [Apotheosis : Adventure/]: Failed to execute ShieldBreakerTest
java.lang.NullPointerException: Cannot invoke "net.minecraft.world.entity.LivingEntity.m_213824_()" because "attacker" is null
	at net.minecraftforge.common.extensions.IForgeItem.canDisableShield(IForgeItem.java:695) ~[forge-1.20.1-47.4.10-universal.jar%23544!/:?]
	at net.minecraftforge.common.extensions.IForgeItemStack.canDisableShield(IForgeItemStack.java:233) ~[forge-1.20.1-47.4.10-universal.jar%23544!/:?]
	at dev.shadowsoffire.apotheosis.adventure.loot.ShieldBreakerTest.test(ShieldBreakerTest.java:48) ~[Apotheosis-1.20.1-7.4.0.jar%23332!/:7.4.0]
	at dev.shadowsoffire.apotheosis.adventure.loot.ShieldBreakerTest.test(ShieldBreakerTest.java:25) ~[Apotheosis-1.20.1-7.4.0.jar%23332!/:7.4.0]
	at dev.shadowsoffire.apotheosis.adventure.loot.LootCategory.isValid(LootCategory.java:89) ~[Apotheosis-1.20.1-7.4.0.jar%23332!/:7.4.0]
	at dev.shadowsoffire.apotheosis.adventure.loot.LootCategory.forItem(LootCategory.java:182) ~[Apotheosis-1.20.1-7.4.0.jar%23332!/:7.4.0]
	at dev.shadowsoffire.apotheosis.adventure.loot.AffixLootEntry.getType(AffixLootEntry.java:91) ~[Apotheosis-1.20.1-7.4.0.jar%23332!/:7.4.0]
	at dev.shadowsoffire.apotheosis.adventure.loot.AffixLootRegistry.validateItem(AffixLootRegistry.java:30) ~[Apotheosis-1.20.1-7.4.0.jar%23332!/:7.4.0]
	at dev.shadowsoffire.apotheosis.adventure.loot.AffixLootRegistry.validateItem(AffixLootRegistry.java:13) ~[Apotheosis-1.20.1-7.4.0.jar%23332!/:7.4.0]
	at dev.shadowsoffire.placebo.reload.DynamicRegistry.register(DynamicRegistry.java:322) ~[Placebo-1.20.1-8.6.2.jar%23477!/:8.6.2]
	at dev.shadowsoffire.placebo.reload.DynamicRegistry.lambda$apply$0(DynamicRegistry.java:143) ~[Placebo-1.20.1-8.6.2.jar%23477!/:8.6.2]
	at java.util.HashMap.forEach(HashMap.java:1421) ~[?:?]
	at dev.shadowsoffire.placebo.reload.DynamicRegistry.apply(DynamicRegistry.java:136) ~[Placebo-1.20.1-8.6.2.jar%23477!/:8.6.2]
	at dev.shadowsoffire.placebo.reload.DynamicRegistry.m_5787_(DynamicRegistry.java:62) ~[Placebo-1.20.1-8.6.2.jar%23477!/:8.6.2]
	at net.minecraft.server.packs.resources.SimplePreparableReloadListener.m_10789_(SimplePreparableReloadListener.java:13) ~[server-1.20.1-20230612.114412-srg.jar%23539!/:?]
	at java.util.concurrent.CompletableFuture$UniAccept.tryFire(CompletableFuture.java:718) ~[?:?]
	at java.util.concurrent.CompletableFuture$Completion.run(CompletableFuture.java:482) ~[?:?]
	at net.minecraft.server.packs.resources.SimpleReloadInstance.m_143940_(SimpleReloadInstance.java:69) ~[server-1.20.1-20230612.114412-srg.jar%23539!/:?]
	at net.minecraft.Util.m_214652_(Util.java:783) ~[server-1.20.1-20230612.114412-srg.jar%23539!/:?]
	at net.minecraft.Util.m_214679_(Util.java:772) ~[server-1.20.1-20230612.114412-srg.jar%23539!/:?]
	at net.minecraft.server.Main.main(Main.java:166) ~[server-1.20.1-20230612.114412-srg.jar%23539!/:?]
	at jdk.internal.reflect.NativeMethodAccessorImpl.invoke0(Native Method) ~[?:?]
	at jdk.internal.reflect.NativeMethodAccessorImpl.invoke(NativeMethodAccessorImpl.java:77) ~[?:?]
	at jdk.internal.reflect.DelegatingMethodAccessorImpl.invoke(DelegatingMethodAccessorImpl.java:43) ~[?:?]
	at java.lang.reflect.Method.invoke(Method.java:569) ~[?:?]
	at net.minecraftforge.fml.loading.targets.CommonLaunchHandler.runTarget(CommonLaunchHandler.java:111) ~[fmlloader-1.20.1-47.4.10.jar%2369!/:?]
	at net.minecraftforge.fml.loading.targets.CommonLaunchHandler.serverService(CommonLaunchHandler.java:103) ~[fmlloader-1.20.1-47.4.10.jar%2369!/:?]
	at net.minecraftforge.fml.loading.targets.CommonServerLaunchHandler.lambda$makeService$0(CommonServerLaunchHandler.java:27) ~[fmlloader-1.20.1-47.4.10.jar%2369!/:?]
	at cpw.mods.modlauncher.LaunchServiceHandlerDecorator.launch(LaunchServiceHandlerDecorator.java:30) ~[modlauncher-10.0.9.jar%2355!/:?]
	at cpw.mods.modlauncher.LaunchServiceHandler.launch(LaunchServiceHandler.java:53) ~[modlauncher-10.0.9.jar%2355!/:?]
	at cpw.mods.modlauncher.LaunchServiceHandler.launch(LaunchServiceHandler.java:71) ~[modlauncher-10.0.9.jar%2355!/:?]
	at cpw.mods.modlauncher.Launcher.run(Launcher.java:108) ~[modlauncher-10.0.9.jar%2355!/:?]
	at cpw.mods.modlauncher.Launcher.main(Launcher.java:78) ~[modlauncher-10.0.9.jar%2355!/:?]
	at cpw.mods.modlauncher.BootstrapLaunchConsumer.accept(BootstrapLaunchConsumer.java:26) ~[modlauncher-10.0.9.jar%2355!/:?]
	at cpw.mods.modlauncher.BootstrapLaunchConsumer.accept(BootstrapLaunchConsumer.java:23) ~[modlauncher-10.0.9.jar%2355!/:?]
	at cpw.mods.bootstraplauncher.BootstrapLauncher.main(BootstrapLauncher.java:141) ~[bootstraplauncher-1.1.2.jar:?]
[19Oct2025 17:24:01.590] [main/ERROR] [Apotheosis : Adventure/]: Failed to execute ShieldBreakerTest
java.lang.NullPointerException: Cannot invoke "net.minecraft.world.entity.LivingEntity.m_213824_()" because "attacker" is null
	at net.minecraftforge.common.extensions.IForgeItem.canDisableShield(IForgeItem.java:695) ~[forge-1.20.1-47.4.10-universal.jar%23544!/:?]
	at net.minecraftforge.common.extensions.IForgeItemStack.canDisableShield(IForgeItemStack.java:233) ~[forge-1.20.1-47.4.10-universal.jar%23544!/:?]
	at dev.shadowsoffire.apotheosis.adventure.loot.ShieldBreakerTest.test(ShieldBreakerTest.java:48) ~[Apotheosis-1.20.1-7.4.0.jar%23332!/:7.4.0]
	at dev.shadowsoffire.apotheosis.adventure.loot.ShieldBreakerTest.test(ShieldBreakerTest.java:25) ~[Apotheosis-1.20.1-7.4.0.jar%23332!/:7.4.0]
	at dev.shadowsoffire.apotheosis.adventure.loot.LootCategory.isValid(LootCategory.java:89) ~[Apotheosis-1.20.1-7.4.0.jar%23332!/:7.4.0]
	at dev.shadowsoffire.apotheosis.adventure.loot.LootCategory.forItem(LootCategory.java:182) ~[Apotheosis-1.20.1-7.4.0.jar%23332!/:7.4.0]
	at dev.shadowsoffire.apotheosis.adventure.loot.AffixLootEntry.getType(AffixLootEntry.java:91) ~[Apotheosis-1.20.1-7.4.0.jar%23332!/:7.4.0]
	at dev.shadowsoffire.apotheosis.adventure.loot.AffixLootRegistry.validateItem(AffixLootRegistry.java:30) ~[Apotheosis-1.20.1-7.4.0.jar%23332!/:7.4.0]
	at dev.shadowsoffire.apotheosis.adventure.loot.AffixLootRegistry.validateItem(AffixLootRegistry.java:13) ~[Apotheosis-1.20.1-7.4.0.jar%23332!/:7.4.0]
	at dev.shadowsoffire.placebo.reload.DynamicRegistry.register(DynamicRegistry.java:322) ~[Placebo-1.20.1-8.6.2.jar%23477!/:8.6.2]
	at dev.shadowsoffire.placebo.reload.DynamicRegistry.lambda$apply$0(DynamicRegistry.java:143) ~[Placebo-1.20.1-8.6.2.jar%23477!/:8.6.2]
	at java.util.HashMap.forEach(HashMap.java:1421) ~[?:?]
	at dev.shadowsoffire.placebo.reload.DynamicRegistry.apply(DynamicRegistry.java:136) ~[Placebo-1.20.1-8.6.2.jar%23477!/:8.6.2]
	at dev.shadowsoffire.placebo.reload.DynamicRegistry.m_5787_(DynamicRegistry.java:62) ~[Placebo-1.20.1-8.6.2.jar%23477!/:8.6.2]
	at net.minecraft.server.packs.resources.SimplePreparableReloadListener.m_10789_(SimplePreparableReloadListener.java:13) ~[server-1.20.1-20230612.114412-srg.jar%23539!/:?]
	at java.util.concurrent.CompletableFuture$UniAccept.tryFire(CompletableFuture.java:718) ~[?:?]
	at java.util.concurrent.CompletableFuture$Completion.run(CompletableFuture.java:482) ~[?:?]
	at net.minecraft.server.packs.resources.SimpleReloadInstance.m_143940_(SimpleReloadInstance.java:69) ~[server-1.20.1-20230612.114412-srg.jar%23539!/:?]
	at net.minecraft.Util.m_214652_(Util.java:783) ~[server-1.20.1-20230612.114412-srg.jar%23539!/:?]
	at net.minecraft.Util.m_214679_(Util.java:772) ~[server-1.20.1-20230612.114412-srg.jar%23539!/:?]
	at net.minecraft.server.Main.main(Main.java:166) ~[server-1.20.1-20230612.114412-srg.jar%23539!/:?]
	at jdk.internal.reflect.NativeMethodAccessorImpl.invoke0(Native Method) ~[?:?]
	at jdk.internal.reflect.NativeMethodAccessorImpl.invoke(NativeMethodAccessorImpl.java:77) ~[?:?]
	at jdk.internal.reflect.DelegatingMethodAccessorImpl.invoke(DelegatingMethodAccessorImpl.java:43) ~[?:?]
	at java.lang.reflect.Method.invoke(Method.java:569) ~[?:?]
	at net.minecraftforge.fml.loading.targets.CommonLaunchHandler.runTarget(CommonLaunchHandler.java:111) ~[fmlloader-1.20.1-47.4.10.jar%2369!/:?]
	at net.minecraftforge.fml.loading.targets.CommonLaunchHandler.serverService(CommonLaunchHandler.java:103) ~[fmlloader-1.20.1-47.4.10.jar%2369!/:?]
	at net.minecraftforge.fml.loading.targets.CommonServerLaunchHandler.lambda$makeService$0(CommonServerLaunchHandler.java:27) ~[fmlloader-1.20.1-47.4.10.jar%2369!/:?]
	at cpw.mods.modlauncher.LaunchServiceHandlerDecorator.launch(LaunchServiceHandlerDecorator.java:30) ~[modlauncher-10.0.9.jar%2355!/:?]
	at cpw.mods.modlauncher.LaunchServiceHandler.launch(LaunchServiceHandler.java:53) ~[modlauncher-10.0.9.jar%2355!/:?]
	at cpw.mods.modlauncher.LaunchServiceHandler.launch(LaunchServiceHandler.java:71) ~[modlauncher-10.0.9.jar%2355!/:?]
	at cpw.mods.modlauncher.Launcher.run(Launcher.java:108) ~[modlauncher-10.0.9.jar%2355!/:?]
	at cpw.mods.modlauncher.Launcher.main(Launcher.java:78) ~[modlauncher-10.0.9.jar%2355!/:?]
	at cpw.mods.modlauncher.BootstrapLaunchConsumer.accept(BootstrapLaunchConsumer.java:26) ~[modlauncher-10.0.9.jar%2355!/:?]
	at cpw.mods.modlauncher.BootstrapLaunchConsumer.accept(BootstrapLaunchConsumer.java:23) ~[modlauncher-10.0.9.jar%2355!/:?]
	at cpw.mods.bootstraplauncher.BootstrapLauncher.main(BootstrapLauncher.java:141) ~[bootstraplauncher-1.1.2.jar:?]
[19Oct2025 17:24:01.591] [main/ERROR] [Apotheosis : Adventure/]: Failed to execute ShieldBreakerTest
java.lang.NullPointerException: Cannot invoke "net.minecraft.world.entity.LivingEntity.m_213824_()" because "attacker" is null
	at net.minecraftforge.common.extensions.IForgeItem.canDisableShield(IForgeItem.java:695) ~[forge-1.20.1-47.4.10-universal.jar%23544!/:?]
	at net.minecraftforge.common.extensions.IForgeItemStack.canDisableShield(IForgeItemStack.java:233) ~[forge-1.20.1-47.4.10-universal.jar%23544!/:?]
	at dev.shadowsoffire.apotheosis.adventure.loot.ShieldBreakerTest.test(ShieldBreakerTest.java:48) ~[Apotheosis-1.20.1-7.4.0.jar%23332!/:7.4.0]
	at dev.shadowsoffire.apotheosis.adventure.loot.ShieldBreakerTest.test(ShieldBreakerTest.java:25) ~[Apotheosis-1.20.1-7.4.0.jar%23332!/:7.4.0]
	at dev.shadowsoffire.apotheosis.adventure.loot.LootCategory.isValid(LootCategory.java:89) ~[Apotheosis-1.20.1-7.4.0.jar%23332!/:7.4.0]
	at dev.shadowsoffire.apotheosis.adventure.loot.LootCategory.forItem(LootCategory.java:182) ~[Apotheosis-1.20.1-7.4.0.jar%23332!/:7.4.0]
	at dev.shadowsoffire.apotheosis.adventure.loot.AffixLootEntry.getType(AffixLootEntry.java:91) ~[Apotheosis-1.20.1-7.4.0.jar%23332!/:7.4.0]
	at dev.shadowsoffire.apotheosis.adventure.loot.AffixLootRegistry.validateItem(AffixLootRegistry.java:30) ~[Apotheosis-1.20.1-7.4.0.jar%23332!/:7.4.0]
	at dev.shadowsoffire.apotheosis.adventure.loot.AffixLootRegistry.validateItem(AffixLootRegistry.java:13) ~[Apotheosis-1.20.1-7.4.0.jar%23332!/:7.4.0]
	at dev.shadowsoffire.placebo.reload.DynamicRegistry.register(DynamicRegistry.java:322) ~[Placebo-1.20.1-8.6.2.jar%23477!/:8.6.2]
	at dev.shadowsoffire.placebo.reload.DynamicRegistry.lambda$apply$0(DynamicRegistry.java:143) ~[Placebo-1.20.1-8.6.2.jar%23477!/:8.6.2]
	at java.util.HashMap.forEach(HashMap.java:1421) ~[?:?]
	at dev.shadowsoffire.placebo.reload.DynamicRegistry.apply(DynamicRegistry.java:136) ~[Placebo-1.20.1-8.6.2.jar%23477!/:8.6.2]
	at dev.shadowsoffire.placebo.reload.DynamicRegistry.m_5787_(DynamicRegistry.java:62) ~[Placebo-1.20.1-8.6.2.jar%23477!/:8.6.2]
	at net.minecraft.server.packs.resources.SimplePreparableReloadListener.m_10789_(SimplePreparableReloadListener.java:13) ~[server-1.20.1-20230612.114412-srg.jar%23539!/:?]
	at java.util.concurrent.CompletableFuture$UniAccept.tryFire(CompletableFuture.java:718) ~[?:?]
	at java.util.concurrent.CompletableFuture$Completion.run(CompletableFuture.java:482) ~[?:?]
	at net.minecraft.server.packs.resources.SimpleReloadInstance.m_143940_(SimpleReloadInstance.java:69) ~[server-1.20.1-20230612.114412-srg.jar%23539!/:?]
	at net.minecraft.Util.m_214652_(Util.java:783) ~[server-1.20.1-20230612.114412-srg.jar%23539!/:?]
	at net.minecraft.Util.m_214679_(Util.java:772) ~[server-1.20.1-20230612.114412-srg.jar%23539!/:?]
	at net.minecraft.server.Main.main(Main.java:166) ~[server-1.20.1-20230612.114412-srg.jar%23539!/:?]
	at jdk.internal.reflect.NativeMethodAccessorImpl.invoke0(Native Method) ~[?:?]
	at jdk.internal.reflect.NativeMethodAccessorImpl.invoke(NativeMethodAccessorImpl.java:77) ~[?:?]
	at jdk.internal.reflect.DelegatingMethodAccessorImpl.invoke(DelegatingMethodAccessorImpl.java:43) ~[?:?]
	at java.lang.reflect.Method.invoke(Method.java:569) ~[?:?]
	at net.minecraftforge.fml.loading.targets.CommonLaunchHandler.runTarget(CommonLaunchHandler.java:111) ~[fmlloader-1.20.1-47.4.10.jar%2369!/:?]
	at net.minecraftforge.fml.loading.targets.CommonLaunchHandler.serverService(CommonLaunchHandler.java:103) ~[fmlloader-1.20.1-47.4.10.jar%2369!/:?]
	at net.minecraftforge.fml.loading.targets.CommonServerLaunchHandler.lambda$makeService$0(CommonServerLaunchHandler.java:27) ~[fmlloader-1.20.1-47.4.10.jar%2369!/:?]
	at cpw.mods.modlauncher.LaunchServiceHandlerDecorator.launch(LaunchServiceHandlerDecorator.java:30) ~[modlauncher-10.0.9.jar%2355!/:?]
	at cpw.mods.modlauncher.LaunchServiceHandler.launch(LaunchServiceHandler.java:53) ~[modlauncher-10.0.9.jar%2355!/:?]
	at cpw.mods.modlauncher.LaunchServiceHandler.launch(LaunchServiceHandler.java:71) ~[modlauncher-10.0.9.jar%2355!/:?]
	at cpw.mods.modlauncher.Launcher.run(Launcher.java:108) ~[modlauncher-10.0.9.jar%2355!/:?]
	at cpw.mods.modlauncher.Launcher.main(Launcher.java:78) ~[modlauncher-10.0.9.jar%2355!/:?]
	at cpw.mods.modlauncher.BootstrapLaunchConsumer.accept(BootstrapLaunchConsumer.java:26) ~[modlauncher-10.0.9.jar%2355!/:?]
	at cpw.mods.modlauncher.BootstrapLaunchConsumer.accept(BootstrapLaunchConsumer.java:23) ~[modlauncher-10.0.9.jar%2355!/:?]
	at cpw.mods.bootstraplauncher.BootstrapLauncher.main(BootstrapLauncher.java:141) ~[bootstraplauncher-1.1.2.jar:?]
[19Oct2025 17:24:01.592] [main/ERROR] [Apotheosis : Adventure/]: Failed to execute ShieldBreakerTest
java.lang.NullPointerException: Cannot invoke "net.minecraft.world.entity.LivingEntity.m_213824_()" because "attacker" is null
	at net.minecraftforge.common.extensions.IForgeItem.canDisableShield(IForgeItem.java:695) ~[forge-1.20.1-47.4.10-universal.jar%23544!/:?]
	at net.minecraftforge.common.extensions.IForgeItemStack.canDisableShield(IForgeItemStack.java:233) ~[forge-1.20.1-47.4.10-universal.jar%23544!/:?]
	at dev.shadowsoffire.apotheosis.adventure.loot.ShieldBreakerTest.test(ShieldBreakerTest.java:48) ~[Apotheosis-1.20.1-7.4.0.jar%23332!/:7.4.0]
	at dev.shadowsoffire.apotheosis.adventure.loot.ShieldBreakerTest.test(ShieldBreakerTest.java:25) ~[Apotheosis-1.20.1-7.4.0.jar%23332!/:7.4.0]
	at dev.shadowsoffire.apotheosis.adventure.loot.LootCategory.isValid(LootCategory.java:89) ~[Apotheosis-1.20.1-7.4.0.jar%23332!/:7.4.0]
	at dev.shadowsoffire.apotheosis.adventure.loot.LootCategory.forItem(LootCategory.java:182) ~[Apotheosis-1.20.1-7.4.0.jar%23332!/:7.4.0]
	at dev.shadowsoffire.apotheosis.adventure.loot.AffixLootEntry.getType(AffixLootEntry.java:91) ~[Apotheosis-1.20.1-7.4.0.jar%23332!/:7.4.0]
	at dev.shadowsoffire.apotheosis.adventure.loot.AffixLootRegistry.validateItem(AffixLootRegistry.java:30) ~[Apotheosis-1.20.1-7.4.0.jar%23332!/:7.4.0]
	at dev.shadowsoffire.apotheosis.adventure.loot.AffixLootRegistry.validateItem(AffixLootRegistry.java:13) ~[Apotheosis-1.20.1-7.4.0.jar%23332!/:7.4.0]
	at dev.shadowsoffire.placebo.reload.DynamicRegistry.register(DynamicRegistry.java:322) ~[Placebo-1.20.1-8.6.2.jar%23477!/:8.6.2]
	at dev.shadowsoffire.placebo.reload.DynamicRegistry.lambda$apply$0(DynamicRegistry.java:143) ~[Placebo-1.20.1-8.6.2.jar%23477!/:8.6.2]
	at java.util.HashMap.forEach(HashMap.java:1421) ~[?:?]
	at dev.shadowsoffire.placebo.reload.DynamicRegistry.apply(DynamicRegistry.java:136) ~[Placebo-1.20.1-8.6.2.jar%23477!/:8.6.2]
	at dev.shadowsoffire.placebo.reload.DynamicRegistry.m_5787_(DynamicRegistry.java:62) ~[Placebo-1.20.1-8.6.2.jar%23477!/:8.6.2]
	at net.minecraft.server.packs.resources.SimplePreparableReloadListener.m_10789_(SimplePreparableReloadListener.java:13) ~[server-1.20.1-20230612.114412-srg.jar%23539!/:?]
	at java.util.concurrent.CompletableFuture$UniAccept.tryFire(CompletableFuture.java:718) ~[?:?]
	at java.util.concurrent.CompletableFuture$Completion.run(CompletableFuture.java:482) ~[?:?]
	at net.minecraft.server.packs.resources.SimpleReloadInstance.m_143940_(SimpleReloadInstance.java:69) ~[server-1.20.1-20230612.114412-srg.jar%23539!/:?]
	at net.minecraft.Util.m_214652_(Util.java:783) ~[server-1.20.1-20230612.114412-srg.jar%23539!/:?]
	at net.minecraft.Util.m_214679_(Util.java:772) ~[server-1.20.1-20230612.114412-srg.jar%23539!/:?]
	at net.minecraft.server.Main.main(Main.java:166) ~[server-1.20.1-20230612.114412-srg.jar%23539!/:?]
	at jdk.internal.reflect.NativeMethodAccessorImpl.invoke0(Native Method) ~[?:?]
	at jdk.internal.reflect.NativeMethodAccessorImpl.invoke(NativeMethodAccessorImpl.java:77) ~[?:?]
	at jdk.internal.reflect.DelegatingMethodAccessorImpl.invoke(DelegatingMethodAccessorImpl.java:43) ~[?:?]
	at java.lang.reflect.Method.invoke(Method.java:569) ~[?:?]
	at net.minecraftforge.fml.loading.targets.CommonLaunchHandler.runTarget(CommonLaunchHandler.java:111) ~[fmlloader-1.20.1-47.4.10.jar%2369!/:?]
	at net.minecraftforge.fml.loading.targets.CommonLaunchHandler.serverService(CommonLaunchHandler.java:103) ~[fmlloader-1.20.1-47.4.10.jar%2369!/:?]
	at net.minecraftforge.fml.loading.targets.CommonServerLaunchHandler.lambda$makeService$0(CommonServerLaunchHandler.java:27) ~[fmlloader-1.20.1-47.4.10.jar%2369!/:?]
	at cpw.mods.modlauncher.LaunchServiceHandlerDecorator.launch(LaunchServiceHandlerDecorator.java:30) ~[modlauncher-10.0.9.jar%2355!/:?]
	at cpw.mods.modlauncher.LaunchServiceHandler.launch(LaunchServiceHandler.java:53) ~[modlauncher-10.0.9.jar%2355!/:?]
	at cpw.mods.modlauncher.LaunchServiceHandler.launch(LaunchServiceHandler.java:71) ~[modlauncher-10.0.9.jar%2355!/:?]
	at cpw.mods.modlauncher.Launcher.run(Launcher.java:108) ~[modlauncher-10.0.9.jar%2355!/:?]
	at cpw.mods.modlauncher.Launcher.main(Launcher.java:78) ~[modlauncher-10.0.9.jar%2355!/:?]
	at cpw.mods.modlauncher.BootstrapLaunchConsumer.accept(BootstrapLaunchConsumer.java:26) ~[modlauncher-10.0.9.jar%2355!/:?]
	at cpw.mods.modlauncher.BootstrapLaunchConsumer.accept(BootstrapLaunchConsumer.java:23) ~[modlauncher-10.0.9.jar%2355!/:?]
	at cpw.mods.bootstraplauncher.BootstrapLauncher.main(BootstrapLauncher.java:141) ~[bootstraplauncher-1.1.2.jar:?]
[19Oct2025 17:24:01.593] [main/ERROR] [Apotheosis : Adventure/]: Failed to execute ShieldBreakerTest
java.lang.NullPointerException: Cannot invoke "net.minecraft.world.entity.LivingEntity.m_213824_()" because "attacker" is null
	at net.minecraftforge.common.extensions.IForgeItem.canDisableShield(IForgeItem.java:695) ~[forge-1.20.1-47.4.10-universal.jar%23544!/:?]
	at net.minecraftforge.common.extensions.IForgeItemStack.canDisableShield(IForgeItemStack.java:233) ~[forge-1.20.1-47.4.10-universal.jar%23544!/:?]
	at dev.shadowsoffire.apotheosis.adventure.loot.ShieldBreakerTest.test(ShieldBreakerTest.java:48) ~[Apotheosis-1.20.1-7.4.0.jar%23332!/:7.4.0]
	at dev.shadowsoffire.apotheosis.adventure.loot.ShieldBreakerTest.test(ShieldBreakerTest.java:25) ~[Apotheosis-1.20.1-7.4.0.jar%23332!/:7.4.0]
	at dev.shadowsoffire.apotheosis.adventure.loot.LootCategory.isValid(LootCategory.java:89) ~[Apotheosis-1.20.1-7.4.0.jar%23332!/:7.4.0]
	at dev.shadowsoffire.apotheosis.adventure.loot.LootCategory.forItem(LootCategory.java:182) ~[Apotheosis-1.20.1-7.4.0.jar%23332!/:7.4.0]
	at dev.shadowsoffire.apotheosis.adventure.loot.AffixLootEntry.getType(AffixLootEntry.java:91) ~[Apotheosis-1.20.1-7.4.0.jar%23332!/:7.4.0]
	at dev.shadowsoffire.apotheosis.adventure.loot.AffixLootRegistry.validateItem(AffixLootRegistry.java:30) ~[Apotheosis-1.20.1-7.4.0.jar%23332!/:7.4.0]
	at dev.shadowsoffire.apotheosis.adventure.loot.AffixLootRegistry.validateItem(AffixLootRegistry.java:13) ~[Apotheosis-1.20.1-7.4.0.jar%23332!/:7.4.0]
	at dev.shadowsoffire.placebo.reload.DynamicRegistry.register(DynamicRegistry.java:322) ~[Placebo-1.20.1-8.6.2.jar%23477!/:8.6.2]
	at dev.shadowsoffire.placebo.reload.DynamicRegistry.lambda$apply$0(DynamicRegistry.java:143) ~[Placebo-1.20.1-8.6.2.jar%23477!/:8.6.2]
	at java.util.HashMap.forEach(HashMap.java:1421) ~[?:?]
	at dev.shadowsoffire.placebo.reload.DynamicRegistry.apply(DynamicRegistry.java:136) ~[Placebo-1.20.1-8.6.2.jar%23477!/:8.6.2]
	at dev.shadowsoffire.placebo.reload.DynamicRegistry.m_5787_(DynamicRegistry.java:62) ~[Placebo-1.20.1-8.6.2.jar%23477!/:8.6.2]
	at net.minecraft.server.packs.resources.SimplePreparableReloadListener.m_10789_(SimplePreparableReloadListener.java:13) ~[server-1.20.1-20230612.114412-srg.jar%23539!/:?]
	at java.util.concurrent.CompletableFuture$UniAccept.tryFire(CompletableFuture.java:718) ~[?:?]
	at java.util.concurrent.CompletableFuture$Completion.run(CompletableFuture.java:482) ~[?:?]
	at net.minecraft.server.packs.resources.SimpleReloadInstance.m_143940_(SimpleReloadInstance.java:69) ~[server-1.20.1-20230612.114412-srg.jar%23539!/:?]
	at net.minecraft.Util.m_214652_(Util.java:783) ~[server-1.20.1-20230612.114412-srg.jar%23539!/:?]
	at net.minecraft.Util.m_214679_(Util.java:772) ~[server-1.20.1-20230612.114412-srg.jar%23539!/:?]
	at net.minecraft.server.Main.main(Main.java:166) ~[server-1.20.1-20230612.114412-srg.jar%23539!/:?]
	at jdk.internal.reflect.NativeMethodAccessorImpl.invoke0(Native Method) ~[?:?]
	at jdk.internal.reflect.NativeMethodAccessorImpl.invoke(NativeMethodAccessorImpl.java:77) ~[?:?]
	at jdk.internal.reflect.DelegatingMethodAccessorImpl.invoke(DelegatingMethodAccessorImpl.java:43) ~[?:?]
	at java.lang.reflect.Method.invoke(Method.java:569) ~[?:?]
	at net.minecraftforge.fml.loading.targets.CommonLaunchHandler.runTarget(CommonLaunchHandler.java:111) ~[fmlloader-1.20.1-47.4.10.jar%2369!/:?]
	at net.minecraftforge.fml.loading.targets.CommonLaunchHandler.serverService(CommonLaunchHandler.java:103) ~[fmlloader-1.20.1-47.4.10.jar%2369!/:?]
	at net.minecraftforge.fml.loading.targets.CommonServerLaunchHandler.lambda$makeService$0(CommonServerLaunchHandler.java:27) ~[fmlloader-1.20.1-47.4.10.jar%2369!/:?]
	at cpw.mods.modlauncher.LaunchServiceHandlerDecorator.launch(LaunchServiceHandlerDecorator.java:30) ~[modlauncher-10.0.9.jar%2355!/:?]
	at cpw.mods.modlauncher.LaunchServiceHandler.launch(LaunchServiceHandler.java:53) ~[modlauncher-10.0.9.jar%2355!/:?]
	at cpw.mods.modlauncher.LaunchServiceHandler.launch(LaunchServiceHandler.java:71) ~[modlauncher-10.0.9.jar%2355!/:?]
	at cpw.mods.modlauncher.Launcher.run(Launcher.java:108) ~[modlauncher-10.0.9.jar%2355!/:?]
	at cpw.mods.modlauncher.Launcher.main(Launcher.java:78) ~[modlauncher-10.0.9.jar%2355!/:?]
	at cpw.mods.modlauncher.BootstrapLaunchConsumer.accept(BootstrapLaunchConsumer.java:26) ~[modlauncher-10.0.9.jar%2355!/:?]
	at cpw.mods.modlauncher.BootstrapLaunchConsumer.accept(BootstrapLaunchConsumer.java:23) ~[modlauncher-10.0.9.jar%2355!/:?]
	at cpw.mods.bootstraplauncher.BootstrapLauncher.main(BootstrapLauncher.java:141) ~[bootstraplauncher-1.1.2.jar:?]
[19Oct2025 17:24:01.594] [main/ERROR] [Apotheosis : Adventure/]: Failed to execute ShieldBreakerTest
java.lang.NullPointerException: Cannot invoke "net.minecraft.world.entity.LivingEntity.m_213824_()" because "attacker" is null
	at net.minecraftforge.common.extensions.IForgeItem.canDisableShield(IForgeItem.java:695) ~[forge-1.20.1-47.4.10-universal.jar%23544!/:?]
	at net.minecraftforge.common.extensions.IForgeItemStack.canDisableShield(IForgeItemStack.java:233) ~[forge-1.20.1-47.4.10-universal.jar%23544!/:?]
	at dev.shadowsoffire.apotheosis.adventure.loot.ShieldBreakerTest.test(ShieldBreakerTest.java:48) ~[Apotheosis-1.20.1-7.4.0.jar%23332!/:7.4.0]
	at dev.shadowsoffire.apotheosis.adventure.loot.ShieldBreakerTest.test(ShieldBreakerTest.java:25) ~[Apotheosis-1.20.1-7.4.0.jar%23332!/:7.4.0]
	at dev.shadowsoffire.apotheosis.adventure.loot.LootCategory.isValid(LootCategory.java:89) ~[Apotheosis-1.20.1-7.4.0.jar%23332!/:7.4.0]
	at dev.shadowsoffire.apotheosis.adventure.loot.LootCategory.forItem(LootCategory.java:182) ~[Apotheosis-1.20.1-7.4.0.jar%23332!/:7.4.0]
	at dev.shadowsoffire.apotheosis.adventure.loot.AffixLootEntry.getType(AffixLootEntry.java:91) ~[Apotheosis-1.20.1-7.4.0.jar%23332!/:7.4.0]
	at dev.shadowsoffire.apotheosis.adventure.loot.AffixLootRegistry.validateItem(AffixLootRegistry.java:30) ~[Apotheosis-1.20.1-7.4.0.jar%23332!/:7.4.0]
	at dev.shadowsoffire.apotheosis.adventure.loot.AffixLootRegistry.validateItem(AffixLootRegistry.java:13) ~[Apotheosis-1.20.1-7.4.0.jar%23332!/:7.4.0]
	at dev.shadowsoffire.placebo.reload.DynamicRegistry.register(DynamicRegistry.java:322) ~[Placebo-1.20.1-8.6.2.jar%23477!/:8.6.2]
	at dev.shadowsoffire.placebo.reload.DynamicRegistry.lambda$apply$0(DynamicRegistry.java:143) ~[Placebo-1.20.1-8.6.2.jar%23477!/:8.6.2]
	at java.util.HashMap.forEach(HashMap.java:1421) ~[?:?]
	at dev.shadowsoffire.placebo.reload.DynamicRegistry.apply(DynamicRegistry.java:136) ~[Placebo-1.20.1-8.6.2.jar%23477!/:8.6.2]
	at dev.shadowsoffire.placebo.reload.DynamicRegistry.m_5787_(DynamicRegistry.java:62) ~[Placebo-1.20.1-8.6.2.jar%23477!/:8.6.2]
	at net.minecraft.server.packs.resources.SimplePreparableReloadListener.m_10789_(SimplePreparableReloadListener.java:13) ~[server-1.20.1-20230612.114412-srg.jar%23539!/:?]
	at java.util.concurrent.CompletableFuture$UniAccept.tryFire(CompletableFuture.java:718) ~[?:?]
	at java.util.concurrent.CompletableFuture$Completion.run(CompletableFuture.java:482) ~[?:?]
	at net.minecraft.server.packs.resources.SimpleReloadInstance.m_143940_(SimpleReloadInstance.java:69) ~[server-1.20.1-20230612.114412-srg.jar%23539!/:?]
	at net.minecraft.Util.m_214652_(Util.java:783) ~[server-1.20.1-20230612.114412-srg.jar%23539!/:?]
	at net.minecraft.Util.m_214679_(Util.java:772) ~[server-1.20.1-20230612.114412-srg.jar%23539!/:?]
	at net.minecraft.server.Main.main(Main.java:166) ~[server-1.20.1-20230612.114412-srg.jar%23539!/:?]
	at jdk.internal.reflect.NativeMethodAccessorImpl.invoke0(Native Method) ~[?:?]
	at jdk.internal.reflect.NativeMethodAccessorImpl.invoke(NativeMethodAccessorImpl.java:77) ~[?:?]
	at jdk.internal.reflect.DelegatingMethodAccessorImpl.invoke(DelegatingMethodAccessorImpl.java:43) ~[?:?]
	at java.lang.reflect.Method.invoke(Method.java:569) ~[?:?]
	at net.minecraftforge.fml.loading.targets.CommonLaunchHandler.runTarget(CommonLaunchHandler.java:111) ~[fmlloader-1.20.1-47.4.10.jar%2369!/:?]
	at net.minecraftforge.fml.loading.targets.CommonLaunchHandler.serverService(CommonLaunchHandler.java:103) ~[fmlloader-1.20.1-47.4.10.jar%2369!/:?]
	at net.minecraftforge.fml.loading.targets.CommonServerLaunchHandler.lambda$makeService$0(CommonServerLaunchHandler.java:27) ~[fmlloader-1.20.1-47.4.10.jar%2369!/:?]
	at cpw.mods.modlauncher.LaunchServiceHandlerDecorator.launch(LaunchServiceHandlerDecorator.java:30) ~[modlauncher-10.0.9.jar%2355!/:?]
	at cpw.mods.modlauncher.LaunchServiceHandler.launch(LaunchServiceHandler.java:53) ~[modlauncher-10.0.9.jar%2355!/:?]
	at cpw.mods.modlauncher.LaunchServiceHandler.launch(LaunchServiceHandler.java:71) ~[modlauncher-10.0.9.jar%2355!/:?]
	at cpw.mods.modlauncher.Launcher.run(Launcher.java:108) ~[modlauncher-10.0.9.jar%2355!/:?]
	at cpw.mods.modlauncher.Launcher.main(Launcher.java:78) ~[modlauncher-10.0.9.jar%2355!/:?]
	at cpw.mods.modlauncher.BootstrapLaunchConsumer.accept(BootstrapLaunchConsumer.java:26) ~[modlauncher-10.0.9.jar%2355!/:?]
	at cpw.mods.modlauncher.BootstrapLaunchConsumer.accept(BootstrapLaunchConsumer.java:23) ~[modlauncher-10.0.9.jar%2355!/:?]
	at cpw.mods.bootstraplauncher.BootstrapLauncher.main(BootstrapLauncher.java:141) ~[bootstraplauncher-1.1.2.jar:?]
[19Oct2025 17:24:01.595] [main/ERROR] [Apotheosis : Adventure/]: Failed to execute ShieldBreakerTest
java.lang.NullPointerException: Cannot invoke "net.minecraft.world.entity.LivingEntity.m_213824_()" because "attacker" is null
	at net.minecraftforge.common.extensions.IForgeItem.canDisableShield(IForgeItem.java:695) ~[forge-1.20.1-47.4.10-universal.jar%23544!/:?]
	at net.minecraftforge.common.extensions.IForgeItemStack.canDisableShield(IForgeItemStack.java:233) ~[forge-1.20.1-47.4.10-universal.jar%23544!/:?]
	at dev.shadowsoffire.apotheosis.adventure.loot.ShieldBreakerTest.test(ShieldBreakerTest.java:48) ~[Apotheosis-1.20.1-7.4.0.jar%23332!/:7.4.0]
	at dev.shadowsoffire.apotheosis.adventure.loot.ShieldBreakerTest.test(ShieldBreakerTest.java:25) ~[Apotheosis-1.20.1-7.4.0.jar%23332!/:7.4.0]
	at dev.shadowsoffire.apotheosis.adventure.loot.LootCategory.isValid(LootCategory.java:89) ~[Apotheosis-1.20.1-7.4.0.jar%23332!/:7.4.0]
	at dev.shadowsoffire.apotheosis.adventure.loot.LootCategory.forItem(LootCategory.java:182) ~[Apotheosis-1.20.1-7.4.0.jar%23332!/:7.4.0]
	at dev.shadowsoffire.apotheosis.adventure.loot.AffixLootEntry.getType(AffixLootEntry.java:91) ~[Apotheosis-1.20.1-7.4.0.jar%23332!/:7.4.0]
	at dev.shadowsoffire.apotheosis.adventure.loot.AffixLootRegistry.validateItem(AffixLootRegistry.java:30) ~[Apotheosis-1.20.1-7.4.0.jar%23332!/:7.4.0]
	at dev.shadowsoffire.apotheosis.adventure.loot.AffixLootRegistry.validateItem(AffixLootRegistry.java:13) ~[Apotheosis-1.20.1-7.4.0.jar%23332!/:7.4.0]
	at dev.shadowsoffire.placebo.reload.DynamicRegistry.register(DynamicRegistry.java:322) ~[Placebo-1.20.1-8.6.2.jar%23477!/:8.6.2]
	at dev.shadowsoffire.placebo.reload.DynamicRegistry.lambda$apply$0(DynamicRegistry.java:143) ~[Placebo-1.20.1-8.6.2.jar%23477!/:8.6.2]
	at java.util.HashMap.forEach(HashMap.java:1421) ~[?:?]
	at dev.shadowsoffire.placebo.reload.DynamicRegistry.apply(DynamicRegistry.java:136) ~[Placebo-1.20.1-8.6.2.jar%23477!/:8.6.2]
	at dev.shadowsoffire.placebo.reload.DynamicRegistry.m_5787_(DynamicRegistry.java:62) ~[Placebo-1.20.1-8.6.2.jar%23477!/:8.6.2]
	at net.minecraft.server.packs.resources.SimplePreparableReloadListener.m_10789_(SimplePreparableReloadListener.java:13) ~[server-1.20.1-20230612.114412-srg.jar%23539!/:?]
	at java.util.concurrent.CompletableFuture$UniAccept.tryFire(CompletableFuture.java:718) ~[?:?]
	at java.util.concurrent.CompletableFuture$Completion.run(CompletableFuture.java:482) ~[?:?]
	at net.minecraft.server.packs.resources.SimpleReloadInstance.m_143940_(SimpleReloadInstance.java:69) ~[server-1.20.1-20230612.114412-srg.jar%23539!/:?]
	at net.minecraft.Util.m_214652_(Util.java:783) ~[server-1.20.1-20230612.114412-srg.jar%23539!/:?]
	at net.minecraft.Util.m_214679_(Util.java:772) ~[server-1.20.1-20230612.114412-srg.jar%23539!/:?]
	at net.minecraft.server.Main.main(Main.java:166) ~[server-1.20.1-20230612.114412-srg.jar%23539!/:?]
	at jdk.internal.reflect.NativeMethodAccessorImpl.invoke0(Native Method) ~[?:?]
	at jdk.internal.reflect.NativeMethodAccessorImpl.invoke(NativeMethodAccessorImpl.java:77) ~[?:?]
	at jdk.internal.reflect.DelegatingMethodAccessorImpl.invoke(DelegatingMethodAccessorImpl.java:43) ~[?:?]
	at java.lang.reflect.Method.invoke(Method.java:569) ~[?:?]
	at net.minecraftforge.fml.loading.targets.CommonLaunchHandler.runTarget(CommonLaunchHandler.java:111) ~[fmlloader-1.20.1-47.4.10.jar%2369!/:?]
	at net.minecraftforge.fml.loading.targets.CommonLaunchHandler.serverService(CommonLaunchHandler.java:103) ~[fmlloader-1.20.1-47.4.10.jar%2369!/:?]
	at net.minecraftforge.fml.loading.targets.CommonServerLaunchHandler.lambda$makeService$0(CommonServerLaunchHandler.java:27) ~[fmlloader-1.20.1-47.4.10.jar%2369!/:?]
	at cpw.mods.modlauncher.LaunchServiceHandlerDecorator.launch(LaunchServiceHandlerDecorator.java:30) ~[modlauncher-10.0.9.jar%2355!/:?]
	at cpw.mods.modlauncher.LaunchServiceHandler.launch(LaunchServiceHandler.java:53) ~[modlauncher-10.0.9.jar%2355!/:?]
	at cpw.mods.modlauncher.LaunchServiceHandler.launch(LaunchServiceHandler.java:71) ~[modlauncher-10.0.9.jar%2355!/:?]
	at cpw.mods.modlauncher.Launcher.run(Launcher.java:108) ~[modlauncher-10.0.9.jar%2355!/:?]
	at cpw.mods.modlauncher.Launcher.main(Launcher.java:78) ~[modlauncher-10.0.9.jar%2355!/:?]
	at cpw.mods.modlauncher.BootstrapLaunchConsumer.accept(BootstrapLaunchConsumer.java:26) ~[modlauncher-10.0.9.jar%2355!/:?]
	at cpw.mods.modlauncher.BootstrapLaunchConsumer.accept(BootstrapLaunchConsumer.java:23) ~[modlauncher-10.0.9.jar%2355!/:?]
	at cpw.mods.bootstraplauncher.BootstrapLauncher.main(BootstrapLauncher.java:141) ~[bootstraplauncher-1.1.2.jar:?]
[19Oct2025 17:24:01.597] [main/ERROR] [Apotheosis : Adventure/]: Failed to execute ShieldBreakerTest
java.lang.NullPointerException: Cannot invoke "net.minecraft.world.entity.LivingEntity.m_213824_()" because "attacker" is null
	at net.minecraftforge.common.extensions.IForgeItem.canDisableShield(IForgeItem.java:695) ~[forge-1.20.1-47.4.10-universal.jar%23544!/:?]
	at net.minecraftforge.common.extensions.IForgeItemStack.canDisableShield(IForgeItemStack.java:233) ~[forge-1.20.1-47.4.10-universal.jar%23544!/:?]
	at dev.shadowsoffire.apotheosis.adventure.loot.ShieldBreakerTest.test(ShieldBreakerTest.java:48) ~[Apotheosis-1.20.1-7.4.0.jar%23332!/:7.4.0]
	at dev.shadowsoffire.apotheosis.adventure.loot.ShieldBreakerTest.test(ShieldBreakerTest.java:25) ~[Apotheosis-1.20.1-7.4.0.jar%23332!/:7.4.0]
	at dev.shadowsoffire.apotheosis.adventure.loot.LootCategory.isValid(LootCategory.java:89) ~[Apotheosis-1.20.1-7.4.0.jar%23332!/:7.4.0]
	at dev.shadowsoffire.apotheosis.adventure.loot.LootCategory.forItem(LootCategory.java:182) ~[Apotheosis-1.20.1-7.4.0.jar%23332!/:7.4.0]
	at dev.shadowsoffire.apotheosis.adventure.loot.AffixLootEntry.getType(AffixLootEntry.java:91) ~[Apotheosis-1.20.1-7.4.0.jar%23332!/:7.4.0]
	at dev.shadowsoffire.apotheosis.adventure.loot.AffixLootRegistry.validateItem(AffixLootRegistry.java:30) ~[Apotheosis-1.20.1-7.4.0.jar%23332!/:7.4.0]
	at dev.shadowsoffire.apotheosis.adventure.loot.AffixLootRegistry.validateItem(AffixLootRegistry.java:13) ~[Apotheosis-1.20.1-7.4.0.jar%23332!/:7.4.0]
	at dev.shadowsoffire.placebo.reload.DynamicRegistry.register(DynamicRegistry.java:322) ~[Placebo-1.20.1-8.6.2.jar%23477!/:8.6.2]
	at dev.shadowsoffire.placebo.reload.DynamicRegistry.lambda$apply$0(DynamicRegistry.java:143) ~[Placebo-1.20.1-8.6.2.jar%23477!/:8.6.2]
	at java.util.HashMap.forEach(HashMap.java:1421) ~[?:?]
	at dev.shadowsoffire.placebo.reload.DynamicRegistry.apply(DynamicRegistry.java:136) ~[Placebo-1.20.1-8.6.2.jar%23477!/:8.6.2]
	at dev.shadowsoffire.placebo.reload.DynamicRegistry.m_5787_(DynamicRegistry.java:62) ~[Placebo-1.20.1-8.6.2.jar%23477!/:8.6.2]
	at net.minecraft.server.packs.resources.SimplePreparableReloadListener.m_10789_(SimplePreparableReloadListener.java:13) ~[server-1.20.1-20230612.114412-srg.jar%23539!/:?]
	at java.util.concurrent.CompletableFuture$UniAccept.tryFire(CompletableFuture.java:718) ~[?:?]
	at java.util.concurrent.CompletableFuture$Completion.run(CompletableFuture.java:482) ~[?:?]
	at net.minecraft.server.packs.resources.SimpleReloadInstance.m_143940_(SimpleReloadInstance.java:69) ~[server-1.20.1-20230612.114412-srg.jar%23539!/:?]
	at net.minecraft.Util.m_214652_(Util.java:783) ~[server-1.20.1-20230612.114412-srg.jar%23539!/:?]
	at net.minecraft.Util.m_214679_(Util.java:772) ~[server-1.20.1-20230612.114412-srg.jar%23539!/:?]
	at net.minecraft.server.Main.main(Main.java:166) ~[server-1.20.1-20230612.114412-srg.jar%23539!/:?]
	at jdk.internal.reflect.NativeMethodAccessorImpl.invoke0(Native Method) ~[?:?]
	at jdk.internal.reflect.NativeMethodAccessorImpl.invoke(NativeMethodAccessorImpl.java:77) ~[?:?]
	at jdk.internal.reflect.DelegatingMethodAccessorImpl.invoke(DelegatingMethodAccessorImpl.java:43) ~[?:?]
	at java.lang.reflect.Method.invoke(Method.java:569) ~[?:?]
	at net.minecraftforge.fml.loading.targets.CommonLaunchHandler.runTarget(CommonLaunchHandler.java:111) ~[fmlloader-1.20.1-47.4.10.jar%2369!/:?]
	at net.minecraftforge.fml.loading.targets.CommonLaunchHandler.serverService(CommonLaunchHandler.java:103) ~[fmlloader-1.20.1-47.4.10.jar%2369!/:?]
	at net.minecraftforge.fml.loading.targets.CommonServerLaunchHandler.lambda$makeService$0(CommonServerLaunchHandler.java:27) ~[fmlloader-1.20.1-47.4.10.jar%2369!/:?]
	at cpw.mods.modlauncher.LaunchServiceHandlerDecorator.launch(LaunchServiceHandlerDecorator.java:30) ~[modlauncher-10.0.9.jar%2355!/:?]
	at cpw.mods.modlauncher.LaunchServiceHandler.launch(LaunchServiceHandler.java:53) ~[modlauncher-10.0.9.jar%2355!/:?]
	at cpw.mods.modlauncher.LaunchServiceHandler.launch(LaunchServiceHandler.java:71) ~[modlauncher-10.0.9.jar%2355!/:?]
	at cpw.mods.modlauncher.Launcher.run(Launcher.java:108) ~[modlauncher-10.0.9.jar%2355!/:?]
	at cpw.mods.modlauncher.Launcher.main(Launcher.java:78) ~[modlauncher-10.0.9.jar%2355!/:?]
	at cpw.mods.modlauncher.BootstrapLaunchConsumer.accept(BootstrapLaunchConsumer.java:26) ~[modlauncher-10.0.9.jar%2355!/:?]
	at cpw.mods.modlauncher.BootstrapLaunchConsumer.accept(BootstrapLaunchConsumer.java:23) ~[modlauncher-10.0.9.jar%2355!/:?]
	at cpw.mods.bootstraplauncher.BootstrapLauncher.main(BootstrapLauncher.java:141) ~[bootstraplauncher-1.1.2.jar:?]
[19Oct2025 17:24:01.599] [main/ERROR] [Apotheosis : Adventure/]: Failed to execute ShieldBreakerTest
java.lang.NullPointerException: Cannot invoke "net.minecraft.world.entity.LivingEntity.m_213824_()" because "attacker" is null
	at net.minecraftforge.common.extensions.IForgeItem.canDisableShield(IForgeItem.java:695) ~[forge-1.20.1-47.4.10-universal.jar%23544!/:?]
	at net.minecraftforge.common.extensions.IForgeItemStack.canDisableShield(IForgeItemStack.java:233) ~[forge-1.20.1-47.4.10-universal.jar%23544!/:?]
	at dev.shadowsoffire.apotheosis.adventure.loot.ShieldBreakerTest.test(ShieldBreakerTest.java:48) ~[Apotheosis-1.20.1-7.4.0.jar%23332!/:7.4.0]
	at dev.shadowsoffire.apotheosis.adventure.loot.ShieldBreakerTest.test(ShieldBreakerTest.java:25) ~[Apotheosis-1.20.1-7.4.0.jar%23332!/:7.4.0]
	at dev.shadowsoffire.apotheosis.adventure.loot.LootCategory.isValid(LootCategory.java:89) ~[Apotheosis-1.20.1-7.4.0.jar%23332!/:7.4.0]
	at dev.shadowsoffire.apotheosis.adventure.loot.LootCategory.forItem(LootCategory.java:182) ~[Apotheosis-1.20.1-7.4.0.jar%23332!/:7.4.0]
	at dev.shadowsoffire.apotheosis.adventure.loot.AffixLootEntry.getType(AffixLootEntry.java:91) ~[Apotheosis-1.20.1-7.4.0.jar%23332!/:7.4.0]
	at dev.shadowsoffire.apotheosis.adventure.loot.AffixLootRegistry.validateItem(AffixLootRegistry.java:30) ~[Apotheosis-1.20.1-7.4.0.jar%23332!/:7.4.0]
	at dev.shadowsoffire.apotheosis.adventure.loot.AffixLootRegistry.validateItem(AffixLootRegistry.java:13) ~[Apotheosis-1.20.1-7.4.0.jar%23332!/:7.4.0]
	at dev.shadowsoffire.placebo.reload.DynamicRegistry.register(DynamicRegistry.java:322) ~[Placebo-1.20.1-8.6.2.jar%23477!/:8.6.2]
	at dev.shadowsoffire.placebo.reload.DynamicRegistry.lambda$apply$0(DynamicRegistry.java:143) ~[Placebo-1.20.1-8.6.2.jar%23477!/:8.6.2]
	at java.util.HashMap.forEach(HashMap.java:1421) ~[?:?]
	at dev.shadowsoffire.placebo.reload.DynamicRegistry.apply(DynamicRegistry.java:136) ~[Placebo-1.20.1-8.6.2.jar%23477!/:8.6.2]
	at dev.shadowsoffire.placebo.reload.DynamicRegistry.m_5787_(DynamicRegistry.java:62) ~[Placebo-1.20.1-8.6.2.jar%23477!/:8.6.2]
	at net.minecraft.server.packs.resources.SimplePreparableReloadListener.m_10789_(SimplePreparableReloadListener.java:13) ~[server-1.20.1-20230612.114412-srg.jar%23539!/:?]
	at java.util.concurrent.CompletableFuture$UniAccept.tryFire(CompletableFuture.java:718) ~[?:?]
	at java.util.concurrent.CompletableFuture$Completion.run(CompletableFuture.java:482) ~[?:?]
	at net.minecraft.server.packs.resources.SimpleReloadInstance.m_143940_(SimpleReloadInstance.java:69) ~[server-1.20.1-20230612.114412-srg.jar%23539!/:?]
	at net.minecraft.Util.m_214652_(Util.java:783) ~[server-1.20.1-20230612.114412-srg.jar%23539!/:?]
	at net.minecraft.Util.m_214679_(Util.java:772) ~[server-1.20.1-20230612.114412-srg.jar%23539!/:?]
	at net.minecraft.server.Main.main(Main.java:166) ~[server-1.20.1-20230612.114412-srg.jar%23539!/:?]
	at jdk.internal.reflect.NativeMethodAccessorImpl.invoke0(Native Method) ~[?:?]
	at jdk.internal.reflect.NativeMethodAccessorImpl.invoke(NativeMethodAccessorImpl.java:77) ~[?:?]
	at jdk.internal.reflect.DelegatingMethodAccessorImpl.invoke(DelegatingMethodAccessorImpl.java:43) ~[?:?]
	at java.lang.reflect.Method.invoke(Method.java:569) ~[?:?]
	at net.minecraftforge.fml.loading.targets.CommonLaunchHandler.runTarget(CommonLaunchHandler.java:111) ~[fmlloader-1.20.1-47.4.10.jar%2369!/:?]
	at net.minecraftforge.fml.loading.targets.CommonLaunchHandler.serverService(CommonLaunchHandler.java:103) ~[fmlloader-1.20.1-47.4.10.jar%2369!/:?]
	at net.minecraftforge.fml.loading.targets.CommonServerLaunchHandler.lambda$makeService$0(CommonServerLaunchHandler.java:27) ~[fmlloader-1.20.1-47.4.10.jar%2369!/:?]
	at cpw.mods.modlauncher.LaunchServiceHandlerDecorator.launch(LaunchServiceHandlerDecorator.java:30) ~[modlauncher-10.0.9.jar%2355!/:?]
	at cpw.mods.modlauncher.LaunchServiceHandler.launch(LaunchServiceHandler.java:53) ~[modlauncher-10.0.9.jar%2355!/:?]
	at cpw.mods.modlauncher.LaunchServiceHandler.launch(LaunchServiceHandler.java:71) ~[modlauncher-10.0.9.jar%2355!/:?]
	at cpw.mods.modlauncher.Launcher.run(Launcher.java:108) ~[modlauncher-10.0.9.jar%2355!/:?]
	at cpw.mods.modlauncher.Launcher.main(Launcher.java:78) ~[modlauncher-10.0.9.jar%2355!/:?]
	at cpw.mods.modlauncher.BootstrapLaunchConsumer.accept(BootstrapLaunchConsumer.java:26) ~[modlauncher-10.0.9.jar%2355!/:?]
	at cpw.mods.modlauncher.BootstrapLaunchConsumer.accept(BootstrapLaunchConsumer.java:23) ~[modlauncher-10.0.9.jar%2355!/:?]
	at cpw.mods.bootstraplauncher.BootstrapLauncher.main(BootstrapLauncher.java:141) ~[bootstraplauncher-1.1.2.jar:?]
[19Oct2025 17:24:01.600] [main/ERROR] [Apotheosis : Adventure/]: Failed to execute ShieldBreakerTest
java.lang.NullPointerException: Cannot invoke "net.minecraft.world.entity.LivingEntity.m_213824_()" because "attacker" is null
	at net.minecraftforge.common.extensions.IForgeItem.canDisableShield(IForgeItem.java:695) ~[forge-1.20.1-47.4.10-universal.jar%23544!/:?]
	at net.minecraftforge.common.extensions.IForgeItemStack.canDisableShield(IForgeItemStack.java:233) ~[forge-1.20.1-47.4.10-universal.jar%23544!/:?]
	at dev.shadowsoffire.apotheosis.adventure.loot.ShieldBreakerTest.test(ShieldBreakerTest.java:48) ~[Apotheosis-1.20.1-7.4.0.jar%23332!/:7.4.0]
	at dev.shadowsoffire.apotheosis.adventure.loot.ShieldBreakerTest.test(ShieldBreakerTest.java:25) ~[Apotheosis-1.20.1-7.4.0.jar%23332!/:7.4.0]
	at dev.shadowsoffire.apotheosis.adventure.loot.LootCategory.isValid(LootCategory.java:89) ~[Apotheosis-1.20.1-7.4.0.jar%23332!/:7.4.0]
	at dev.shadowsoffire.apotheosis.adventure.loot.LootCategory.forItem(LootCategory.java:182) ~[Apotheosis-1.20.1-7.4.0.jar%23332!/:7.4.0]
	at dev.shadowsoffire.apotheosis.adventure.loot.AffixLootEntry.getType(AffixLootEntry.java:91) ~[Apotheosis-1.20.1-7.4.0.jar%23332!/:7.4.0]
	at dev.shadowsoffire.apotheosis.adventure.loot.AffixLootRegistry.validateItem(AffixLootRegistry.java:30) ~[Apotheosis-1.20.1-7.4.0.jar%23332!/:7.4.0]
	at dev.shadowsoffire.apotheosis.adventure.loot.AffixLootRegistry.validateItem(AffixLootRegistry.java:13) ~[Apotheosis-1.20.1-7.4.0.jar%23332!/:7.4.0]
	at dev.shadowsoffire.placebo.reload.DynamicRegistry.register(DynamicRegistry.java:322) ~[Placebo-1.20.1-8.6.2.jar%23477!/:8.6.2]
	at dev.shadowsoffire.placebo.reload.DynamicRegistry.lambda$apply$0(DynamicRegistry.java:143) ~[Placebo-1.20.1-8.6.2.jar%23477!/:8.6.2]
	at java.util.HashMap.forEach(HashMap.java:1421) ~[?:?]
	at dev.shadowsoffire.placebo.reload.DynamicRegistry.apply(DynamicRegistry.java:136) ~[Placebo-1.20.1-8.6.2.jar%23477!/:8.6.2]
	at dev.shadowsoffire.placebo.reload.DynamicRegistry.m_5787_(DynamicRegistry.java:62) ~[Placebo-1.20.1-8.6.2.jar%23477!/:8.6.2]
	at net.minecraft.server.packs.resources.SimplePreparableReloadListener.m_10789_(SimplePreparableReloadListener.java:13) ~[server-1.20.1-20230612.114412-srg.jar%23539!/:?]
	at java.util.concurrent.CompletableFuture$UniAccept.tryFire(CompletableFuture.java:718) ~[?:?]
	at java.util.concurrent.CompletableFuture$Completion.run(CompletableFuture.java:482) ~[?:?]
	at net.minecraft.server.packs.resources.SimpleReloadInstance.m_143940_(SimpleReloadInstance.java:69) ~[server-1.20.1-20230612.114412-srg.jar%23539!/:?]
	at net.minecraft.Util.m_214652_(Util.java:783) ~[server-1.20.1-20230612.114412-srg.jar%23539!/:?]
	at net.minecraft.Util.m_214679_(Util.java:772) ~[server-1.20.1-20230612.114412-srg.jar%23539!/:?]
	at net.minecraft.server.Main.main(Main.java:166) ~[server-1.20.1-20230612.114412-srg.jar%23539!/:?]
	at jdk.internal.reflect.NativeMethodAccessorImpl.invoke0(Native Method) ~[?:?]
	at jdk.internal.reflect.NativeMethodAccessorImpl.invoke(NativeMethodAccessorImpl.java:77) ~[?:?]
	at jdk.internal.reflect.DelegatingMethodAccessorImpl.invoke(DelegatingMethodAccessorImpl.java:43) ~[?:?]
	at java.lang.reflect.Method.invoke(Method.java:569) ~[?:?]
	at net.minecraftforge.fml.loading.targets.CommonLaunchHandler.runTarget(CommonLaunchHandler.java:111) ~[fmlloader-1.20.1-47.4.10.jar%2369!/:?]
	at net.minecraftforge.fml.loading.targets.CommonLaunchHandler.serverService(CommonLaunchHandler.java:103) ~[fmlloader-1.20.1-47.4.10.jar%2369!/:?]
	at net.minecraftforge.fml.loading.targets.CommonServerLaunchHandler.lambda$makeService$0(CommonServerLaunchHandler.java:27) ~[fmlloader-1.20.1-47.4.10.jar%2369!/:?]
	at cpw.mods.modlauncher.LaunchServiceHandlerDecorator.launch(LaunchServiceHandlerDecorator.java:30) ~[modlauncher-10.0.9.jar%2355!/:?]
	at cpw.mods.modlauncher.LaunchServiceHandler.launch(LaunchServiceHandler.java:53) ~[modlauncher-10.0.9.jar%2355!/:?]
	at cpw.mods.modlauncher.LaunchServiceHandler.launch(LaunchServiceHandler.java:71) ~[modlauncher-10.0.9.jar%2355!/:?]
	at cpw.mods.modlauncher.Launcher.run(Launcher.java:108) ~[modlauncher-10.0.9.jar%2355!/:?]
	at cpw.mods.modlauncher.Launcher.main(Launcher.java:78) ~[modlauncher-10.0.9.jar%2355!/:?]
	at cpw.mods.modlauncher.BootstrapLaunchConsumer.accept(BootstrapLaunchConsumer.java:26) ~[modlauncher-10.0.9.jar%2355!/:?]
	at cpw.mods.modlauncher.BootstrapLaunchConsumer.accept(BootstrapLaunchConsumer.java:23) ~[modlauncher-10.0.9.jar%2355!/:?]
	at cpw.mods.bootstraplauncher.BootstrapLauncher.main(BootstrapLauncher.java:141) ~[bootstraplauncher-1.1.2.jar:?]
[19Oct2025 17:24:01.601] [main/ERROR] [Apotheosis : Adventure/]: Failed to execute ShieldBreakerTest
java.lang.NullPointerException: Cannot invoke "net.minecraft.world.entity.LivingEntity.m_213824_()" because "attacker" is null
	at net.minecraftforge.common.extensions.IForgeItem.canDisableShield(IForgeItem.java:695) ~[forge-1.20.1-47.4.10-universal.jar%23544!/:?]
	at net.minecraftforge.common.extensions.IForgeItemStack.canDisableShield(IForgeItemStack.java:233) ~[forge-1.20.1-47.4.10-universal.jar%23544!/:?]
	at dev.shadowsoffire.apotheosis.adventure.loot.ShieldBreakerTest.test(ShieldBreakerTest.java:48) ~[Apotheosis-1.20.1-7.4.0.jar%23332!/:7.4.0]
	at dev.shadowsoffire.apotheosis.adventure.loot.ShieldBreakerTest.test(ShieldBreakerTest.java:25) ~[Apotheosis-1.20.1-7.4.0.jar%23332!/:7.4.0]
	at dev.shadowsoffire.apotheosis.adventure.loot.LootCategory.isValid(LootCategory.java:89) ~[Apotheosis-1.20.1-7.4.0.jar%23332!/:7.4.0]
	at dev.shadowsoffire.apotheosis.adventure.loot.LootCategory.forItem(LootCategory.java:182) ~[Apotheosis-1.20.1-7.4.0.jar%23332!/:7.4.0]
	at dev.shadowsoffire.apotheosis.adventure.loot.AffixLootEntry.getType(AffixLootEntry.java:91) ~[Apotheosis-1.20.1-7.4.0.jar%23332!/:7.4.0]
	at dev.shadowsoffire.apotheosis.adventure.loot.AffixLootRegistry.validateItem(AffixLootRegistry.java:30) ~[Apotheosis-1.20.1-7.4.0.jar%23332!/:7.4.0]
	at dev.shadowsoffire.apotheosis.adventure.loot.AffixLootRegistry.validateItem(AffixLootRegistry.java:13) ~[Apotheosis-1.20.1-7.4.0.jar%23332!/:7.4.0]
	at dev.shadowsoffire.placebo.reload.DynamicRegistry.register(DynamicRegistry.java:322) ~[Placebo-1.20.1-8.6.2.jar%23477!/:8.6.2]
	at dev.shadowsoffire.placebo.reload.DynamicRegistry.lambda$apply$0(DynamicRegistry.java:143) ~[Placebo-1.20.1-8.6.2.jar%23477!/:8.6.2]
	at java.util.HashMap.forEach(HashMap.java:1421) ~[?:?]
	at dev.shadowsoffire.placebo.reload.DynamicRegistry.apply(DynamicRegistry.java:136) ~[Placebo-1.20.1-8.6.2.jar%23477!/:8.6.2]
	at dev.shadowsoffire.placebo.reload.DynamicRegistry.m_5787_(DynamicRegistry.java:62) ~[Placebo-1.20.1-8.6.2.jar%23477!/:8.6.2]
	at net.minecraft.server.packs.resources.SimplePreparableReloadListener.m_10789_(SimplePreparableReloadListener.java:13) ~[server-1.20.1-20230612.114412-srg.jar%23539!/:?]
	at java.util.concurrent.CompletableFuture$UniAccept.tryFire(CompletableFuture.java:718) ~[?:?]
	at java.util.concurrent.CompletableFuture$Completion.run(CompletableFuture.java:482) ~[?:?]
	at net.minecraft.server.packs.resources.SimpleReloadInstance.m_143940_(SimpleReloadInstance.java:69) ~[server-1.20.1-20230612.114412-srg.jar%23539!/:?]
	at net.minecraft.Util.m_214652_(Util.java:783) ~[server-1.20.1-20230612.114412-srg.jar%23539!/:?]
	at net.minecraft.Util.m_214679_(Util.java:772) ~[server-1.20.1-20230612.114412-srg.jar%23539!/:?]
	at net.minecraft.server.Main.main(Main.java:166) ~[server-1.20.1-20230612.114412-srg.jar%23539!/:?]
	at jdk.internal.reflect.NativeMethodAccessorImpl.invoke0(Native Method) ~[?:?]
	at jdk.internal.reflect.NativeMethodAccessorImpl.invoke(NativeMethodAccessorImpl.java:77) ~[?:?]
	at jdk.internal.reflect.DelegatingMethodAccessorImpl.invoke(DelegatingMethodAccessorImpl.java:43) ~[?:?]
	at java.lang.reflect.Method.invoke(Method.java:569) ~[?:?]
	at net.minecraftforge.fml.loading.targets.CommonLaunchHandler.runTarget(CommonLaunchHandler.java:111) ~[fmlloader-1.20.1-47.4.10.jar%2369!/:?]
	at net.minecraftforge.fml.loading.targets.CommonLaunchHandler.serverService(CommonLaunchHandler.java:103) ~[fmlloader-1.20.1-47.4.10.jar%2369!/:?]
	at net.minecraftforge.fml.loading.targets.CommonServerLaunchHandler.lambda$makeService$0(CommonServerLaunchHandler.java:27) ~[fmlloader-1.20.1-47.4.10.jar%2369!/:?]
	at cpw.mods.modlauncher.LaunchServiceHandlerDecorator.launch(LaunchServiceHandlerDecorator.java:30) ~[modlauncher-10.0.9.jar%2355!/:?]
	at cpw.mods.modlauncher.LaunchServiceHandler.launch(LaunchServiceHandler.java:53) ~[modlauncher-10.0.9.jar%2355!/:?]
	at cpw.mods.modlauncher.LaunchServiceHandler.launch(LaunchServiceHandler.java:71) ~[modlauncher-10.0.9.jar%2355!/:?]
	at cpw.mods.modlauncher.Launcher.run(Launcher.java:108) ~[modlauncher-10.0.9.jar%2355!/:?]
	at cpw.mods.modlauncher.Launcher.main(Launcher.java:78) ~[modlauncher-10.0.9.jar%2355!/:?]
	at cpw.mods.modlauncher.BootstrapLaunchConsumer.accept(BootstrapLaunchConsumer.java:26) ~[modlauncher-10.0.9.jar%2355!/:?]
	at cpw.mods.modlauncher.BootstrapLaunchConsumer.accept(BootstrapLaunchConsumer.java:23) ~[modlauncher-10.0.9.jar%2355!/:?]
	at cpw.mods.bootstraplauncher.BootstrapLauncher.main(BootstrapLauncher.java:141) ~[bootstraplauncher-1.1.2.jar:?]
[19Oct2025 17:24:01.602] [main/ERROR] [Apotheosis : Adventure/]: Failed to execute ShieldBreakerTest
java.lang.NullPointerException: Cannot invoke "net.minecraft.world.entity.LivingEntity.m_213824_()" because "attacker" is null
	at net.minecraftforge.common.extensions.IForgeItem.canDisableShield(IForgeItem.java:695) ~[forge-1.20.1-47.4.10-universal.jar%23544!/:?]
	at net.minecraftforge.common.extensions.IForgeItemStack.canDisableShield(IForgeItemStack.java:233) ~[forge-1.20.1-47.4.10-universal.jar%23544!/:?]
	at dev.shadowsoffire.apotheosis.adventure.loot.ShieldBreakerTest.test(ShieldBreakerTest.java:48) ~[Apotheosis-1.20.1-7.4.0.jar%23332!/:7.4.0]
	at dev.shadowsoffire.apotheosis.adventure.loot.ShieldBreakerTest.test(ShieldBreakerTest.java:25) ~[Apotheosis-1.20.1-7.4.0.jar%23332!/:7.4.0]
	at dev.shadowsoffire.apotheosis.adventure.loot.LootCategory.isValid(LootCategory.java:89) ~[Apotheosis-1.20.1-7.4.0.jar%23332!/:7.4.0]
	at dev.shadowsoffire.apotheosis.adventure.loot.LootCategory.forItem(LootCategory.java:182) ~[Apotheosis-1.20.1-7.4.0.jar%23332!/:7.4.0]
	at dev.shadowsoffire.apotheosis.adventure.loot.AffixLootEntry.getType(AffixLootEntry.java:91) ~[Apotheosis-1.20.1-7.4.0.jar%23332!/:7.4.0]
	at dev.shadowsoffire.apotheosis.adventure.loot.AffixLootRegistry.validateItem(AffixLootRegistry.java:30) ~[Apotheosis-1.20.1-7.4.0.jar%23332!/:7.4.0]
	at dev.shadowsoffire.apotheosis.adventure.loot.AffixLootRegistry.validateItem(AffixLootRegistry.java:13) ~[Apotheosis-1.20.1-7.4.0.jar%23332!/:7.4.0]
	at dev.shadowsoffire.placebo.reload.DynamicRegistry.register(DynamicRegistry.java:322) ~[Placebo-1.20.1-8.6.2.jar%23477!/:8.6.2]
	at dev.shadowsoffire.placebo.reload.DynamicRegistry.lambda$apply$0(DynamicRegistry.java:143) ~[Placebo-1.20.1-8.6.2.jar%23477!/:8.6.2]
	at java.util.HashMap.forEach(HashMap.java:1421) ~[?:?]
	at dev.shadowsoffire.placebo.reload.DynamicRegistry.apply(DynamicRegistry.java:136) ~[Placebo-1.20.1-8.6.2.jar%23477!/:8.6.2]
	at dev.shadowsoffire.placebo.reload.DynamicRegistry.m_5787_(DynamicRegistry.java:62) ~[Placebo-1.20.1-8.6.2.jar%23477!/:8.6.2]
	at net.minecraft.server.packs.resources.SimplePreparableReloadListener.m_10789_(SimplePreparableReloadListener.java:13) ~[server-1.20.1-20230612.114412-srg.jar%23539!/:?]
	at java.util.concurrent.CompletableFuture$UniAccept.tryFire(CompletableFuture.java:718) ~[?:?]
	at java.util.concurrent.CompletableFuture$Completion.run(CompletableFuture.java:482) ~[?:?]
	at net.minecraft.server.packs.resources.SimpleReloadInstance.m_143940_(SimpleReloadInstance.java:69) ~[server-1.20.1-20230612.114412-srg.jar%23539!/:?]
	at net.minecraft.Util.m_214652_(Util.java:783) ~[server-1.20.1-20230612.114412-srg.jar%23539!/:?]
	at net.minecraft.Util.m_214679_(Util.java:772) ~[server-1.20.1-20230612.114412-srg.jar%23539!/:?]
	at net.minecraft.server.Main.main(Main.java:166) ~[server-1.20.1-20230612.114412-srg.jar%23539!/:?]
	at jdk.internal.reflect.NativeMethodAccessorImpl.invoke0(Native Method) ~[?:?]
	at jdk.internal.reflect.NativeMethodAccessorImpl.invoke(NativeMethodAccessorImpl.java:77) ~[?:?]
	at jdk.internal.reflect.DelegatingMethodAccessorImpl.invoke(DelegatingMethodAccessorImpl.java:43) ~[?:?]
	at java.lang.reflect.Method.invoke(Method.java:569) ~[?:?]
	at net.minecraftforge.fml.loading.targets.CommonLaunchHandler.runTarget(CommonLaunchHandler.java:111) ~[fmlloader-1.20.1-47.4.10.jar%2369!/:?]
	at net.minecraftforge.fml.loading.targets.CommonLaunchHandler.serverService(CommonLaunchHandler.java:103) ~[fmlloader-1.20.1-47.4.10.jar%2369!/:?]
	at net.minecraftforge.fml.loading.targets.CommonServerLaunchHandler.lambda$makeService$0(CommonServerLaunchHandler.java:27) ~[fmlloader-1.20.1-47.4.10.jar%2369!/:?]
	at cpw.mods.modlauncher.LaunchServiceHandlerDecorator.launch(LaunchServiceHandlerDecorator.java:30) ~[modlauncher-10.0.9.jar%2355!/:?]
	at cpw.mods.modlauncher.LaunchServiceHandler.launch(LaunchServiceHandler.java:53) ~[modlauncher-10.0.9.jar%2355!/:?]
	at cpw.mods.modlauncher.LaunchServiceHandler.launch(LaunchServiceHandler.java:71) ~[modlauncher-10.0.9.jar%2355!/:?]
	at cpw.mods.modlauncher.Launcher.run(Launcher.java:108) ~[modlauncher-10.0.9.jar%2355!/:?]
	at cpw.mods.modlauncher.Launcher.main(Launcher.java:78) ~[modlauncher-10.0.9.jar%2355!/:?]
	at cpw.mods.modlauncher.BootstrapLaunchConsumer.accept(BootstrapLaunchConsumer.java:26) ~[modlauncher-10.0.9.jar%2355!/:?]
	at cpw.mods.modlauncher.BootstrapLaunchConsumer.accept(BootstrapLaunchConsumer.java:23) ~[modlauncher-10.0.9.jar%2355!/:?]
	at cpw.mods.bootstraplauncher.BootstrapLauncher.main(BootstrapLauncher.java:141) ~[bootstraplauncher-1.1.2.jar:?]
[19Oct2025 17:24:01.603] [main/ERROR] [Apotheosis : Adventure/]: Failed to execute ShieldBreakerTest
java.lang.NullPointerException: Cannot invoke "net.minecraft.world.entity.LivingEntity.m_213824_()" because "attacker" is null
	at net.minecraftforge.common.extensions.IForgeItem.canDisableShield(IForgeItem.java:695) ~[forge-1.20.1-47.4.10-universal.jar%23544!/:?]
	at net.minecraftforge.common.extensions.IForgeItemStack.canDisableShield(IForgeItemStack.java:233) ~[forge-1.20.1-47.4.10-universal.jar%23544!/:?]
	at dev.shadowsoffire.apotheosis.adventure.loot.ShieldBreakerTest.test(ShieldBreakerTest.java:48) ~[Apotheosis-1.20.1-7.4.0.jar%23332!/:7.4.0]
	at dev.shadowsoffire.apotheosis.adventure.loot.ShieldBreakerTest.test(ShieldBreakerTest.java:25) ~[Apotheosis-1.20.1-7.4.0.jar%23332!/:7.4.0]
	at dev.shadowsoffire.apotheosis.adventure.loot.LootCategory.isValid(LootCategory.java:89) ~[Apotheosis-1.20.1-7.4.0.jar%23332!/:7.4.0]
	at dev.shadowsoffire.apotheosis.adventure.loot.LootCategory.forItem(LootCategory.java:182) ~[Apotheosis-1.20.1-7.4.0.jar%23332!/:7.4.0]
	at dev.shadowsoffire.apotheosis.adventure.loot.AffixLootEntry.getType(AffixLootEntry.java:91) ~[Apotheosis-1.20.1-7.4.0.jar%23332!/:7.4.0]
	at dev.shadowsoffire.apotheosis.adventure.loot.AffixLootRegistry.validateItem(AffixLootRegistry.java:30) ~[Apotheosis-1.20.1-7.4.0.jar%23332!/:7.4.0]
	at dev.shadowsoffire.apotheosis.adventure.loot.AffixLootRegistry.validateItem(AffixLootRegistry.java:13) ~[Apotheosis-1.20.1-7.4.0.jar%23332!/:7.4.0]
	at dev.shadowsoffire.placebo.reload.DynamicRegistry.register(DynamicRegistry.java:322) ~[Placebo-1.20.1-8.6.2.jar%23477!/:8.6.2]
	at dev.shadowsoffire.placebo.reload.DynamicRegistry.lambda$apply$0(DynamicRegistry.java:143) ~[Placebo-1.20.1-8.6.2.jar%23477!/:8.6.2]
	at java.util.HashMap.forEach(HashMap.java:1421) ~[?:?]
	at dev.shadowsoffire.placebo.reload.DynamicRegistry.apply(DynamicRegistry.java:136) ~[Placebo-1.20.1-8.6.2.jar%23477!/:8.6.2]
	at dev.shadowsoffire.placebo.reload.DynamicRegistry.m_5787_(DynamicRegistry.java:62) ~[Placebo-1.20.1-8.6.2.jar%23477!/:8.6.2]
	at net.minecraft.server.packs.resources.SimplePreparableReloadListener.m_10789_(SimplePreparableReloadListener.java:13) ~[server-1.20.1-20230612.114412-srg.jar%23539!/:?]
	at java.util.concurrent.CompletableFuture$UniAccept.tryFire(CompletableFuture.java:718) ~[?:?]
	at java.util.concurrent.CompletableFuture$Completion.run(CompletableFuture.java:482) ~[?:?]
	at net.minecraft.server.packs.resources.SimpleReloadInstance.m_143940_(SimpleReloadInstance.java:69) ~[server-1.20.1-20230612.114412-srg.jar%23539!/:?]
	at net.minecraft.Util.m_214652_(Util.java:783) ~[server-1.20.1-20230612.114412-srg.jar%23539!/:?]
	at net.minecraft.Util.m_214679_(Util.java:772) ~[server-1.20.1-20230612.114412-srg.jar%23539!/:?]
	at net.minecraft.server.Main.main(Main.java:166) ~[server-1.20.1-20230612.114412-srg.jar%23539!/:?]
	at jdk.internal.reflect.NativeMethodAccessorImpl.invoke0(Native Method) ~[?:?]
	at jdk.internal.reflect.NativeMethodAccessorImpl.invoke(NativeMethodAccessorImpl.java:77) ~[?:?]
	at jdk.internal.reflect.DelegatingMethodAccessorImpl.invoke(DelegatingMethodAccessorImpl.java:43) ~[?:?]
	at java.lang.reflect.Method.invoke(Method.java:569) ~[?:?]
	at net.minecraftforge.fml.loading.targets.CommonLaunchHandler.runTarget(CommonLaunchHandler.java:111) ~[fmlloader-1.20.1-47.4.10.jar%2369!/:?]
	at net.minecraftforge.fml.loading.targets.CommonLaunchHandler.serverService(CommonLaunchHandler.java:103) ~[fmlloader-1.20.1-47.4.10.jar%2369!/:?]
	at net.minecraftforge.fml.loading.targets.CommonServerLaunchHandler.lambda$makeService$0(CommonServerLaunchHandler.java:27) ~[fmlloader-1.20.1-47.4.10.jar%2369!/:?]
	at cpw.mods.modlauncher.LaunchServiceHandlerDecorator.launch(LaunchServiceHandlerDecorator.java:30) ~[modlauncher-10.0.9.jar%2355!/:?]
	at cpw.mods.modlauncher.LaunchServiceHandler.launch(LaunchServiceHandler.java:53) ~[modlauncher-10.0.9.jar%2355!/:?]
	at cpw.mods.modlauncher.LaunchServiceHandler.launch(LaunchServiceHandler.java:71) ~[modlauncher-10.0.9.jar%2355!/:?]
	at cpw.mods.modlauncher.Launcher.run(Launcher.java:108) ~[modlauncher-10.0.9.jar%2355!/:?]
	at cpw.mods.modlauncher.Launcher.main(Launcher.java:78) ~[modlauncher-10.0.9.jar%2355!/:?]
	at cpw.mods.modlauncher.BootstrapLaunchConsumer.accept(BootstrapLaunchConsumer.java:26) ~[modlauncher-10.0.9.jar%2355!/:?]
	at cpw.mods.modlauncher.BootstrapLaunchConsumer.accept(BootstrapLaunchConsumer.java:23) ~[modlauncher-10.0.9.jar%2355!/:?]
	at cpw.mods.bootstraplauncher.BootstrapLauncher.main(BootstrapLauncher.java:141) ~[bootstraplauncher-1.1.2.jar:?]
[19Oct2025 17:24:01.604] [main/ERROR] [Apotheosis : Adventure/]: Failed to execute ShieldBreakerTest
java.lang.NullPointerException: Cannot invoke "net.minecraft.world.entity.LivingEntity.m_213824_()" because "attacker" is null
	at net.minecraftforge.common.extensions.IForgeItem.canDisableShield(IForgeItem.java:695) ~[forge-1.20.1-47.4.10-universal.jar%23544!/:?]
	at net.minecraftforge.common.extensions.IForgeItemStack.canDisableShield(IForgeItemStack.java:233) ~[forge-1.20.1-47.4.10-universal.jar%23544!/:?]
	at dev.shadowsoffire.apotheosis.adventure.loot.ShieldBreakerTest.test(ShieldBreakerTest.java:48) ~[Apotheosis-1.20.1-7.4.0.jar%23332!/:7.4.0]
	at dev.shadowsoffire.apotheosis.adventure.loot.ShieldBreakerTest.test(ShieldBreakerTest.java:25) ~[Apotheosis-1.20.1-7.4.0.jar%23332!/:7.4.0]
	at dev.shadowsoffire.apotheosis.adventure.loot.LootCategory.isValid(LootCategory.java:89) ~[Apotheosis-1.20.1-7.4.0.jar%23332!/:7.4.0]
	at dev.shadowsoffire.apotheosis.adventure.loot.LootCategory.forItem(LootCategory.java:182) ~[Apotheosis-1.20.1-7.4.0.jar%23332!/:7.4.0]
	at dev.shadowsoffire.apotheosis.adventure.loot.AffixLootEntry.getType(AffixLootEntry.java:91) ~[Apotheosis-1.20.1-7.4.0.jar%23332!/:7.4.0]
	at dev.shadowsoffire.apotheosis.adventure.loot.AffixLootRegistry.validateItem(AffixLootRegistry.java:30) ~[Apotheosis-1.20.1-7.4.0.jar%23332!/:7.4.0]
	at dev.shadowsoffire.apotheosis.adventure.loot.AffixLootRegistry.validateItem(AffixLootRegistry.java:13) ~[Apotheosis-1.20.1-7.4.0.jar%23332!/:7.4.0]
	at dev.shadowsoffire.placebo.reload.DynamicRegistry.register(DynamicRegistry.java:322) ~[Placebo-1.20.1-8.6.2.jar%23477!/:8.6.2]
	at dev.shadowsoffire.placebo.reload.DynamicRegistry.lambda$apply$0(DynamicRegistry.java:143) ~[Placebo-1.20.1-8.6.2.jar%23477!/:8.6.2]
	at java.util.HashMap.forEach(HashMap.java:1421) ~[?:?]
	at dev.shadowsoffire.placebo.reload.DynamicRegistry.apply(DynamicRegistry.java:136) ~[Placebo-1.20.1-8.6.2.jar%23477!/:8.6.2]
	at dev.shadowsoffire.placebo.reload.DynamicRegistry.m_5787_(DynamicRegistry.java:62) ~[Placebo-1.20.1-8.6.2.jar%23477!/:8.6.2]
	at net.minecraft.server.packs.resources.SimplePreparableReloadListener.m_10789_(SimplePreparableReloadListener.java:13) ~[server-1.20.1-20230612.114412-srg.jar%23539!/:?]
	at java.util.concurrent.CompletableFuture$UniAccept.tryFire(CompletableFuture.java:718) ~[?:?]
	at java.util.concurrent.CompletableFuture$Completion.run(CompletableFuture.java:482) ~[?:?]
	at net.minecraft.server.packs.resources.SimpleReloadInstance.m_143940_(SimpleReloadInstance.java:69) ~[server-1.20.1-20230612.114412-srg.jar%23539!/:?]
	at net.minecraft.Util.m_214652_(Util.java:783) ~[server-1.20.1-20230612.114412-srg.jar%23539!/:?]
	at net.minecraft.Util.m_214679_(Util.java:772) ~[server-1.20.1-20230612.114412-srg.jar%23539!/:?]
	at net.minecraft.server.Main.main(Main.java:166) ~[server-1.20.1-20230612.114412-srg.jar%23539!/:?]
	at jdk.internal.reflect.NativeMethodAccessorImpl.invoke0(Native Method) ~[?:?]
	at jdk.internal.reflect.NativeMethodAccessorImpl.invoke(NativeMethodAccessorImpl.java:77) ~[?:?]
	at jdk.internal.reflect.DelegatingMethodAccessorImpl.invoke(DelegatingMethodAccessorImpl.java:43) ~[?:?]
	at java.lang.reflect.Method.invoke(Method.java:569) ~[?:?]
	at net.minecraftforge.fml.loading.targets.CommonLaunchHandler.runTarget(CommonLaunchHandler.java:111) ~[fmlloader-1.20.1-47.4.10.jar%2369!/:?]
	at net.minecraftforge.fml.loading.targets.CommonLaunchHandler.serverService(CommonLaunchHandler.java:103) ~[fmlloader-1.20.1-47.4.10.jar%2369!/:?]
	at net.minecraftforge.fml.loading.targets.CommonServerLaunchHandler.lambda$makeService$0(CommonServerLaunchHandler.java:27) ~[fmlloader-1.20.1-47.4.10.jar%2369!/:?]
	at cpw.mods.modlauncher.LaunchServiceHandlerDecorator.launch(LaunchServiceHandlerDecorator.java:30) ~[modlauncher-10.0.9.jar%2355!/:?]
	at cpw.mods.modlauncher.LaunchServiceHandler.launch(LaunchServiceHandler.java:53) ~[modlauncher-10.0.9.jar%2355!/:?]
	at cpw.mods.modlauncher.LaunchServiceHandler.launch(LaunchServiceHandler.java:71) ~[modlauncher-10.0.9.jar%2355!/:?]
	at cpw.mods.modlauncher.Launcher.run(Launcher.java:108) ~[modlauncher-10.0.9.jar%2355!/:?]
	at cpw.mods.modlauncher.Launcher.main(Launcher.java:78) ~[modlauncher-10.0.9.jar%2355!/:?]
	at cpw.mods.modlauncher.BootstrapLaunchConsumer.accept(BootstrapLaunchConsumer.java:26) ~[modlauncher-10.0.9.jar%2355!/:?]
	at cpw.mods.modlauncher.BootstrapLaunchConsumer.accept(BootstrapLaunchConsumer.java:23) ~[modlauncher-10.0.9.jar%2355!/:?]
	at cpw.mods.bootstraplauncher.BootstrapLauncher.main(BootstrapLauncher.java:141) ~[bootstraplauncher-1.1.2.jar:?]
[19Oct2025 17:24:01.605] [main/ERROR] [Apotheosis : Adventure/]: Failed to execute ShieldBreakerTest
java.lang.NullPointerException: Cannot invoke "net.minecraft.world.entity.LivingEntity.m_213824_()" because "attacker" is null
	at net.minecraftforge.common.extensions.IForgeItem.canDisableShield(IForgeItem.java:695) ~[forge-1.20.1-47.4.10-universal.jar%23544!/:?]
	at net.minecraftforge.common.extensions.IForgeItemStack.canDisableShield(IForgeItemStack.java:233) ~[forge-1.20.1-47.4.10-universal.jar%23544!/:?]
	at dev.shadowsoffire.apotheosis.adventure.loot.ShieldBreakerTest.test(ShieldBreakerTest.java:48) ~[Apotheosis-1.20.1-7.4.0.jar%23332!/:7.4.0]
	at dev.shadowsoffire.apotheosis.adventure.loot.ShieldBreakerTest.test(ShieldBreakerTest.java:25) ~[Apotheosis-1.20.1-7.4.0.jar%23332!/:7.4.0]
	at dev.shadowsoffire.apotheosis.adventure.loot.LootCategory.isValid(LootCategory.java:89) ~[Apotheosis-1.20.1-7.4.0.jar%23332!/:7.4.0]
	at dev.shadowsoffire.apotheosis.adventure.loot.LootCategory.forItem(LootCategory.java:182) ~[Apotheosis-1.20.1-7.4.0.jar%23332!/:7.4.0]
	at dev.shadowsoffire.apotheosis.adventure.loot.AffixLootEntry.getType(AffixLootEntry.java:91) ~[Apotheosis-1.20.1-7.4.0.jar%23332!/:7.4.0]
	at dev.shadowsoffire.apotheosis.adventure.loot.AffixLootRegistry.validateItem(AffixLootRegistry.java:30) ~[Apotheosis-1.20.1-7.4.0.jar%23332!/:7.4.0]
	at dev.shadowsoffire.apotheosis.adventure.loot.AffixLootRegistry.validateItem(AffixLootRegistry.java:13) ~[Apotheosis-1.20.1-7.4.0.jar%23332!/:7.4.0]
	at dev.shadowsoffire.placebo.reload.DynamicRegistry.register(DynamicRegistry.java:322) ~[Placebo-1.20.1-8.6.2.jar%23477!/:8.6.2]
	at dev.shadowsoffire.placebo.reload.DynamicRegistry.lambda$apply$0(DynamicRegistry.java:143) ~[Placebo-1.20.1-8.6.2.jar%23477!/:8.6.2]
	at java.util.HashMap.forEach(HashMap.java:1421) ~[?:?]
	at dev.shadowsoffire.placebo.reload.DynamicRegistry.apply(DynamicRegistry.java:136) ~[Placebo-1.20.1-8.6.2.jar%23477!/:8.6.2]
	at dev.shadowsoffire.placebo.reload.DynamicRegistry.m_5787_(DynamicRegistry.java:62) ~[Placebo-1.20.1-8.6.2.jar%23477!/:8.6.2]
	at net.minecraft.server.packs.resources.SimplePreparableReloadListener.m_10789_(SimplePreparableReloadListener.java:13) ~[server-1.20.1-20230612.114412-srg.jar%23539!/:?]
	at java.util.concurrent.CompletableFuture$UniAccept.tryFire(CompletableFuture.java:718) ~[?:?]
	at java.util.concurrent.CompletableFuture$Completion.run(CompletableFuture.java:482) ~[?:?]
	at net.minecraft.server.packs.resources.SimpleReloadInstance.m_143940_(SimpleReloadInstance.java:69) ~[server-1.20.1-20230612.114412-srg.jar%23539!/:?]
	at net.minecraft.Util.m_214652_(Util.java:783) ~[server-1.20.1-20230612.114412-srg.jar%23539!/:?]
	at net.minecraft.Util.m_214679_(Util.java:772) ~[server-1.20.1-20230612.114412-srg.jar%23539!/:?]
	at net.minecraft.server.Main.main(Main.java:166) ~[server-1.20.1-20230612.114412-srg.jar%23539!/:?]
	at jdk.internal.reflect.NativeMethodAccessorImpl.invoke0(Native Method) ~[?:?]
	at jdk.internal.reflect.NativeMethodAccessorImpl.invoke(NativeMethodAccessorImpl.java:77) ~[?:?]
	at jdk.internal.reflect.DelegatingMethodAccessorImpl.invoke(DelegatingMethodAccessorImpl.java:43) ~[?:?]
	at java.lang.reflect.Method.invoke(Method.java:569) ~[?:?]
	at net.minecraftforge.fml.loading.targets.CommonLaunchHandler.runTarget(CommonLaunchHandler.java:111) ~[fmlloader-1.20.1-47.4.10.jar%2369!/:?]
	at net.minecraftforge.fml.loading.targets.CommonLaunchHandler.serverService(CommonLaunchHandler.java:103) ~[fmlloader-1.20.1-47.4.10.jar%2369!/:?]
	at net.minecraftforge.fml.loading.targets.CommonServerLaunchHandler.lambda$makeService$0(CommonServerLaunchHandler.java:27) ~[fmlloader-1.20.1-47.4.10.jar%2369!/:?]
	at cpw.mods.modlauncher.LaunchServiceHandlerDecorator.launch(LaunchServiceHandlerDecorator.java:30) ~[modlauncher-10.0.9.jar%2355!/:?]
	at cpw.mods.modlauncher.LaunchServiceHandler.launch(LaunchServiceHandler.java:53) ~[modlauncher-10.0.9.jar%2355!/:?]
	at cpw.mods.modlauncher.LaunchServiceHandler.launch(LaunchServiceHandler.java:71) ~[modlauncher-10.0.9.jar%2355!/:?]
	at cpw.mods.modlauncher.Launcher.run(Launcher.java:108) ~[modlauncher-10.0.9.jar%2355!/:?]
	at cpw.mods.modlauncher.Launcher.main(Launcher.java:78) ~[modlauncher-10.0.9.jar%2355!/:?]
	at cpw.mods.modlauncher.BootstrapLaunchConsumer.accept(BootstrapLaunchConsumer.java:26) ~[modlauncher-10.0.9.jar%2355!/:?]
	at cpw.mods.modlauncher.BootstrapLaunchConsumer.accept(BootstrapLaunchConsumer.java:23) ~[modlauncher-10.0.9.jar%2355!/:?]
	at cpw.mods.bootstraplauncher.BootstrapLauncher.main(BootstrapLauncher.java:141) ~[bootstraplauncher-1.1.2.jar:?]
[19Oct2025 17:24:01.606] [main/ERROR] [Apotheosis : Adventure/]: Failed to execute ShieldBreakerTest
java.lang.NullPointerException: Cannot invoke "net.minecraft.world.entity.LivingEntity.m_213824_()" because "attacker" is null
	at net.minecraftforge.common.extensions.IForgeItem.canDisableShield(IForgeItem.java:695) ~[forge-1.20.1-47.4.10-universal.jar%23544!/:?]
	at net.minecraftforge.common.extensions.IForgeItemStack.canDisableShield(IForgeItemStack.java:233) ~[forge-1.20.1-47.4.10-universal.jar%23544!/:?]
	at dev.shadowsoffire.apotheosis.adventure.loot.ShieldBreakerTest.test(ShieldBreakerTest.java:48) ~[Apotheosis-1.20.1-7.4.0.jar%23332!/:7.4.0]
	at dev.shadowsoffire.apotheosis.adventure.loot.ShieldBreakerTest.test(ShieldBreakerTest.java:25) ~[Apotheosis-1.20.1-7.4.0.jar%23332!/:7.4.0]
	at dev.shadowsoffire.apotheosis.adventure.loot.LootCategory.isValid(LootCategory.java:89) ~[Apotheosis-1.20.1-7.4.0.jar%23332!/:7.4.0]
	at dev.shadowsoffire.apotheosis.adventure.loot.LootCategory.forItem(LootCategory.java:182) ~[Apotheosis-1.20.1-7.4.0.jar%23332!/:7.4.0]
	at dev.shadowsoffire.apotheosis.adventure.loot.AffixLootEntry.getType(AffixLootEntry.java:91) ~[Apotheosis-1.20.1-7.4.0.jar%23332!/:7.4.0]
	at dev.shadowsoffire.apotheosis.adventure.loot.AffixLootRegistry.validateItem(AffixLootRegistry.java:30) ~[Apotheosis-1.20.1-7.4.0.jar%23332!/:7.4.0]
	at dev.shadowsoffire.apotheosis.adventure.loot.AffixLootRegistry.validateItem(AffixLootRegistry.java:13) ~[Apotheosis-1.20.1-7.4.0.jar%23332!/:7.4.0]
	at dev.shadowsoffire.placebo.reload.DynamicRegistry.register(DynamicRegistry.java:322) ~[Placebo-1.20.1-8.6.2.jar%23477!/:8.6.2]
	at dev.shadowsoffire.placebo.reload.DynamicRegistry.lambda$apply$0(DynamicRegistry.java:143) ~[Placebo-1.20.1-8.6.2.jar%23477!/:8.6.2]
	at java.util.HashMap.forEach(HashMap.java:1421) ~[?:?]
	at dev.shadowsoffire.placebo.reload.DynamicRegistry.apply(DynamicRegistry.java:136) ~[Placebo-1.20.1-8.6.2.jar%23477!/:8.6.2]
	at dev.shadowsoffire.placebo.reload.DynamicRegistry.m_5787_(DynamicRegistry.java:62) ~[Placebo-1.20.1-8.6.2.jar%23477!/:8.6.2]
	at net.minecraft.server.packs.resources.SimplePreparableReloadListener.m_10789_(SimplePreparableReloadListener.java:13) ~[server-1.20.1-20230612.114412-srg.jar%23539!/:?]
	at java.util.concurrent.CompletableFuture$UniAccept.tryFire(CompletableFuture.java:718) ~[?:?]
	at java.util.concurrent.CompletableFuture$Completion.run(CompletableFuture.java:482) ~[?:?]
	at net.minecraft.server.packs.resources.SimpleReloadInstance.m_143940_(SimpleReloadInstance.java:69) ~[server-1.20.1-20230612.114412-srg.jar%23539!/:?]
	at net.minecraft.Util.m_214652_(Util.java:783) ~[server-1.20.1-20230612.114412-srg.jar%23539!/:?]
	at net.minecraft.Util.m_214679_(Util.java:772) ~[server-1.20.1-20230612.114412-srg.jar%23539!/:?]
	at net.minecraft.server.Main.main(Main.java:166) ~[server-1.20.1-20230612.114412-srg.jar%23539!/:?]
	at jdk.internal.reflect.NativeMethodAccessorImpl.invoke0(Native Method) ~[?:?]
	at jdk.internal.reflect.NativeMethodAccessorImpl.invoke(NativeMethodAccessorImpl.java:77) ~[?:?]
	at jdk.internal.reflect.DelegatingMethodAccessorImpl.invoke(DelegatingMethodAccessorImpl.java:43) ~[?:?]
	at java.lang.reflect.Method.invoke(Method.java:569) ~[?:?]
	at net.minecraftforge.fml.loading.targets.CommonLaunchHandler.runTarget(CommonLaunchHandler.java:111) ~[fmlloader-1.20.1-47.4.10.jar%2369!/:?]
	at net.minecraftforge.fml.loading.targets.CommonLaunchHandler.serverService(CommonLaunchHandler.java:103) ~[fmlloader-1.20.1-47.4.10.jar%2369!/:?]
	at net.minecraftforge.fml.loading.targets.CommonServerLaunchHandler.lambda$makeService$0(CommonServerLaunchHandler.java:27) ~[fmlloader-1.20.1-47.4.10.jar%2369!/:?]
	at cpw.mods.modlauncher.LaunchServiceHandlerDecorator.launch(LaunchServiceHandlerDecorator.java:30) ~[modlauncher-10.0.9.jar%2355!/:?]
	at cpw.mods.modlauncher.LaunchServiceHandler.launch(LaunchServiceHandler.java:53) ~[modlauncher-10.0.9.jar%2355!/:?]
	at cpw.mods.modlauncher.LaunchServiceHandler.launch(LaunchServiceHandler.java:71) ~[modlauncher-10.0.9.jar%2355!/:?]
	at cpw.mods.modlauncher.Launcher.run(Launcher.java:108) ~[modlauncher-10.0.9.jar%2355!/:?]
	at cpw.mods.modlauncher.Launcher.main(Launcher.java:78) ~[modlauncher-10.0.9.jar%2355!/:?]
	at cpw.mods.modlauncher.BootstrapLaunchConsumer.accept(BootstrapLaunchConsumer.java:26) ~[modlauncher-10.0.9.jar%2355!/:?]
	at cpw.mods.modlauncher.BootstrapLaunchConsumer.accept(BootstrapLaunchConsumer.java:23) ~[modlauncher-10.0.9.jar%2355!/:?]
	at cpw.mods.bootstraplauncher.BootstrapLauncher.main(BootstrapLauncher.java:141) ~[bootstraplauncher-1.1.2.jar:?]
[19Oct2025 17:24:01.607] [main/ERROR] [Apotheosis : Adventure/]: Failed to execute ShieldBreakerTest
java.lang.NullPointerException: Cannot invoke "net.minecraft.world.entity.LivingEntity.m_213824_()" because "attacker" is null
	at net.minecraftforge.common.extensions.IForgeItem.canDisableShield(IForgeItem.java:695) ~[forge-1.20.1-47.4.10-universal.jar%23544!/:?]
	at net.minecraftforge.common.extensions.IForgeItemStack.canDisableShield(IForgeItemStack.java:233) ~[forge-1.20.1-47.4.10-universal.jar%23544!/:?]
	at dev.shadowsoffire.apotheosis.adventure.loot.ShieldBreakerTest.test(ShieldBreakerTest.java:48) ~[Apotheosis-1.20.1-7.4.0.jar%23332!/:7.4.0]
	at dev.shadowsoffire.apotheosis.adventure.loot.ShieldBreakerTest.test(ShieldBreakerTest.java:25) ~[Apotheosis-1.20.1-7.4.0.jar%23332!/:7.4.0]
	at dev.shadowsoffire.apotheosis.adventure.loot.LootCategory.isValid(LootCategory.java:89) ~[Apotheosis-1.20.1-7.4.0.jar%23332!/:7.4.0]
	at dev.shadowsoffire.apotheosis.adventure.loot.LootCategory.forItem(LootCategory.java:182) ~[Apotheosis-1.20.1-7.4.0.jar%23332!/:7.4.0]
	at dev.shadowsoffire.apotheosis.adventure.loot.AffixLootEntry.getType(AffixLootEntry.java:91) ~[Apotheosis-1.20.1-7.4.0.jar%23332!/:7.4.0]
	at dev.shadowsoffire.apotheosis.adventure.loot.AffixLootRegistry.validateItem(AffixLootRegistry.java:30) ~[Apotheosis-1.20.1-7.4.0.jar%23332!/:7.4.0]
	at dev.shadowsoffire.apotheosis.adventure.loot.AffixLootRegistry.validateItem(AffixLootRegistry.java:13) ~[Apotheosis-1.20.1-7.4.0.jar%23332!/:7.4.0]
	at dev.shadowsoffire.placebo.reload.DynamicRegistry.register(DynamicRegistry.java:322) ~[Placebo-1.20.1-8.6.2.jar%23477!/:8.6.2]
	at dev.shadowsoffire.placebo.reload.DynamicRegistry.lambda$apply$0(DynamicRegistry.java:143) ~[Placebo-1.20.1-8.6.2.jar%23477!/:8.6.2]
	at java.util.HashMap.forEach(HashMap.java:1421) ~[?:?]
	at dev.shadowsoffire.placebo.reload.DynamicRegistry.apply(DynamicRegistry.java:136) ~[Placebo-1.20.1-8.6.2.jar%23477!/:8.6.2]
	at dev.shadowsoffire.placebo.reload.DynamicRegistry.m_5787_(DynamicRegistry.java:62) ~[Placebo-1.20.1-8.6.2.jar%23477!/:8.6.2]
	at net.minecraft.server.packs.resources.SimplePreparableReloadListener.m_10789_(SimplePreparableReloadListener.java:13) ~[server-1.20.1-20230612.114412-srg.jar%23539!/:?]
	at java.util.concurrent.CompletableFuture$UniAccept.tryFire(CompletableFuture.java:718) ~[?:?]
	at java.util.concurrent.CompletableFuture$Completion.run(CompletableFuture.java:482) ~[?:?]
	at net.minecraft.server.packs.resources.SimpleReloadInstance.m_143940_(SimpleReloadInstance.java:69) ~[server-1.20.1-20230612.114412-srg.jar%23539!/:?]
	at net.minecraft.Util.m_214652_(Util.java:783) ~[server-1.20.1-20230612.114412-srg.jar%23539!/:?]
	at net.minecraft.Util.m_214679_(Util.java:772) ~[server-1.20.1-20230612.114412-srg.jar%23539!/:?]
	at net.minecraft.server.Main.main(Main.java:166) ~[server-1.20.1-20230612.114412-srg.jar%23539!/:?]
	at jdk.internal.reflect.NativeMethodAccessorImpl.invoke0(Native Method) ~[?:?]
	at jdk.internal.reflect.NativeMethodAccessorImpl.invoke(NativeMethodAccessorImpl.java:77) ~[?:?]
	at jdk.internal.reflect.DelegatingMethodAccessorImpl.invoke(DelegatingMethodAccessorImpl.java:43) ~[?:?]
	at java.lang.reflect.Method.invoke(Method.java:569) ~[?:?]
	at net.minecraftforge.fml.loading.targets.CommonLaunchHandler.runTarget(CommonLaunchHandler.java:111) ~[fmlloader-1.20.1-47.4.10.jar%2369!/:?]
	at net.minecraftforge.fml.loading.targets.CommonLaunchHandler.serverService(CommonLaunchHandler.java:103) ~[fmlloader-1.20.1-47.4.10.jar%2369!/:?]
	at net.minecraftforge.fml.loading.targets.CommonServerLaunchHandler.lambda$makeService$0(CommonServerLaunchHandler.java:27) ~[fmlloader-1.20.1-47.4.10.jar%2369!/:?]
	at cpw.mods.modlauncher.LaunchServiceHandlerDecorator.launch(LaunchServiceHandlerDecorator.java:30) ~[modlauncher-10.0.9.jar%2355!/:?]
	at cpw.mods.modlauncher.LaunchServiceHandler.launch(LaunchServiceHandler.java:53) ~[modlauncher-10.0.9.jar%2355!/:?]
	at cpw.mods.modlauncher.LaunchServiceHandler.launch(LaunchServiceHandler.java:71) ~[modlauncher-10.0.9.jar%2355!/:?]
	at cpw.mods.modlauncher.Launcher.run(Launcher.java:108) ~[modlauncher-10.0.9.jar%2355!/:?]
	at cpw.mods.modlauncher.Launcher.main(Launcher.java:78) ~[modlauncher-10.0.9.jar%2355!/:?]
	at cpw.mods.modlauncher.BootstrapLaunchConsumer.accept(BootstrapLaunchConsumer.java:26) ~[modlauncher-10.0.9.jar%2355!/:?]
	at cpw.mods.modlauncher.BootstrapLaunchConsumer.accept(BootstrapLaunchConsumer.java:23) ~[modlauncher-10.0.9.jar%2355!/:?]
	at cpw.mods.bootstraplauncher.BootstrapLauncher.main(BootstrapLauncher.java:141) ~[bootstraplauncher-1.1.2.jar:?]
[19Oct2025 17:24:01.608] [main/ERROR] [Apotheosis : Adventure/]: Failed to execute ShieldBreakerTest
java.lang.NullPointerException: Cannot invoke "net.minecraft.world.entity.LivingEntity.m_213824_()" because "attacker" is null
	at net.minecraftforge.common.extensions.IForgeItem.canDisableShield(IForgeItem.java:695) ~[forge-1.20.1-47.4.10-universal.jar%23544!/:?]
	at net.minecraftforge.common.extensions.IForgeItemStack.canDisableShield(IForgeItemStack.java:233) ~[forge-1.20.1-47.4.10-universal.jar%23544!/:?]
	at dev.shadowsoffire.apotheosis.adventure.loot.ShieldBreakerTest.test(ShieldBreakerTest.java:48) ~[Apotheosis-1.20.1-7.4.0.jar%23332!/:7.4.0]
	at dev.shadowsoffire.apotheosis.adventure.loot.ShieldBreakerTest.test(ShieldBreakerTest.java:25) ~[Apotheosis-1.20.1-7.4.0.jar%23332!/:7.4.0]
	at dev.shadowsoffire.apotheosis.adventure.loot.LootCategory.isValid(LootCategory.java:89) ~[Apotheosis-1.20.1-7.4.0.jar%23332!/:7.4.0]
	at dev.shadowsoffire.apotheosis.adventure.loot.LootCategory.forItem(LootCategory.java:182) ~[Apotheosis-1.20.1-7.4.0.jar%23332!/:7.4.0]
	at dev.shadowsoffire.apotheosis.adventure.loot.AffixLootEntry.getType(AffixLootEntry.java:91) ~[Apotheosis-1.20.1-7.4.0.jar%23332!/:7.4.0]
	at dev.shadowsoffire.apotheosis.adventure.loot.AffixLootRegistry.validateItem(AffixLootRegistry.java:30) ~[Apotheosis-1.20.1-7.4.0.jar%23332!/:7.4.0]
	at dev.shadowsoffire.apotheosis.adventure.loot.AffixLootRegistry.validateItem(AffixLootRegistry.java:13) ~[Apotheosis-1.20.1-7.4.0.jar%23332!/:7.4.0]
	at dev.shadowsoffire.placebo.reload.DynamicRegistry.register(DynamicRegistry.java:322) ~[Placebo-1.20.1-8.6.2.jar%23477!/:8.6.2]
	at dev.shadowsoffire.placebo.reload.DynamicRegistry.lambda$apply$0(DynamicRegistry.java:143) ~[Placebo-1.20.1-8.6.2.jar%23477!/:8.6.2]
	at java.util.HashMap.forEach(HashMap.java:1421) ~[?:?]
	at dev.shadowsoffire.placebo.reload.DynamicRegistry.apply(DynamicRegistry.java:136) ~[Placebo-1.20.1-8.6.2.jar%23477!/:8.6.2]
	at dev.shadowsoffire.placebo.reload.DynamicRegistry.m_5787_(DynamicRegistry.java:62) ~[Placebo-1.20.1-8.6.2.jar%23477!/:8.6.2]
	at net.minecraft.server.packs.resources.SimplePreparableReloadListener.m_10789_(SimplePreparableReloadListener.java:13) ~[server-1.20.1-20230612.114412-srg.jar%23539!/:?]
	at java.util.concurrent.CompletableFuture$UniAccept.tryFire(CompletableFuture.java:718) ~[?:?]
	at java.util.concurrent.CompletableFuture$Completion.run(CompletableFuture.java:482) ~[?:?]
	at net.minecraft.server.packs.resources.SimpleReloadInstance.m_143940_(SimpleReloadInstance.java:69) ~[server-1.20.1-20230612.114412-srg.jar%23539!/:?]
	at net.minecraft.Util.m_214652_(Util.java:783) ~[server-1.20.1-20230612.114412-srg.jar%23539!/:?]
	at net.minecraft.Util.m_214679_(Util.java:772) ~[server-1.20.1-20230612.114412-srg.jar%23539!/:?]
	at net.minecraft.server.Main.main(Main.java:166) ~[server-1.20.1-20230612.114412-srg.jar%23539!/:?]
	at jdk.internal.reflect.NativeMethodAccessorImpl.invoke0(Native Method) ~[?:?]
	at jdk.internal.reflect.NativeMethodAccessorImpl.invoke(NativeMethodAccessorImpl.java:77) ~[?:?]
	at jdk.internal.reflect.DelegatingMethodAccessorImpl.invoke(DelegatingMethodAccessorImpl.java:43) ~[?:?]
	at java.lang.reflect.Method.invoke(Method.java:569) ~[?:?]
	at net.minecraftforge.fml.loading.targets.CommonLaunchHandler.runTarget(CommonLaunchHandler.java:111) ~[fmlloader-1.20.1-47.4.10.jar%2369!/:?]
	at net.minecraftforge.fml.loading.targets.CommonLaunchHandler.serverService(CommonLaunchHandler.java:103) ~[fmlloader-1.20.1-47.4.10.jar%2369!/:?]
	at net.minecraftforge.fml.loading.targets.CommonServerLaunchHandler.lambda$makeService$0(CommonServerLaunchHandler.java:27) ~[fmlloader-1.20.1-47.4.10.jar%2369!/:?]
	at cpw.mods.modlauncher.LaunchServiceHandlerDecorator.launch(LaunchServiceHandlerDecorator.java:30) ~[modlauncher-10.0.9.jar%2355!/:?]
	at cpw.mods.modlauncher.LaunchServiceHandler.launch(LaunchServiceHandler.java:53) ~[modlauncher-10.0.9.jar%2355!/:?]
	at cpw.mods.modlauncher.LaunchServiceHandler.launch(LaunchServiceHandler.java:71) ~[modlauncher-10.0.9.jar%2355!/:?]
	at cpw.mods.modlauncher.Launcher.run(Launcher.java:108) ~[modlauncher-10.0.9.jar%2355!/:?]
	at cpw.mods.modlauncher.Launcher.main(Launcher.java:78) ~[modlauncher-10.0.9.jar%2355!/:?]
	at cpw.mods.modlauncher.BootstrapLaunchConsumer.accept(BootstrapLaunchConsumer.java:26) ~[modlauncher-10.0.9.jar%2355!/:?]
	at cpw.mods.modlauncher.BootstrapLaunchConsumer.accept(BootstrapLaunchConsumer.java:23) ~[modlauncher-10.0.9.jar%2355!/:?]
	at cpw.mods.bootstraplauncher.BootstrapLauncher.main(BootstrapLauncher.java:141) ~[bootstraplauncher-1.1.2.jar:?]
[19Oct2025 17:24:01.609] [main/INFO] [Apotheosis : Adventure/]: Registered 67 affix_loot_entries.
[19Oct2025 17:24:01.622] [main/INFO] [Apotheosis : Adventure/]: Registered 32 bosses.
[19Oct2025 17:24:01.631] [main/INFO] [Apotheosis : Adventure/]: Registered 8 rogue_spawners.
[19Oct2025 17:24:01.633] [main/INFO] [Apotheosis : Adventure/]: Registered 5 minibosses.
[19Oct2025 17:24:01.638] [main/INFO] [placebo/]: Registered 16 gear_sets.
[19Oct2025 17:24:01.644] [main/INFO] [Apotheosis : Village/]: Registered 28 wanderer_trades.
[19Oct2025 17:24:01.644] [main/INFO] [insane96mcp.insanelib.InsaneLib/]: Reloading InsaneLib JsonFeature Json
[19Oct2025 17:24:01.704] [main/INFO] [com.teampotato.redirector.Redirector/]: Redirecting net/minecraft/world/level/block/SupportType
[19Oct2025 17:24:01.734] [main/INFO] [com.teampotato.redirector.Redirector/]: Redirecting net/minecraft/world/ticks/TickPriority
[19Oct2025 17:24:01.846] [main/INFO] [com.teampotato.redirector.Redirector/]: Redirecting net/minecraftforge/event/entity/ProjectileImpactEvent$ImpactResult
[19Oct2025 17:24:01.860] [main/INFO] [com.teampotato.redirector.Redirector/]: Redirecting net/minecraft/world/entity/projectile/AbstractArrow$Pickup
[19Oct2025 17:24:01.862] [main/INFO] [com.teampotato.redirector.Redirector/]: Redirecting net/minecraft/world/entity/projectile/FishingHook$FishHookState
[19Oct2025 17:24:02.108] [main/WARN] [net.minecraft.core.MappedRegistry/]: Not all defined tags for registry ResourceKey[minecraft:root / minecraft:worldgen/structure] are present in data pack: minecraft:village
[19Oct2025 17:24:02.129] [main/WARN] [net.minecraft.core.MappedRegistry/]: Not all defined tags for registry ResourceKey[minecraft:root / minecraft:worldgen/biome] are present in data pack: idas:has_structure/bopmahogany_biomes, idas:has_structure/bygmahogany_biomes, idas:has_structure/bygredwood_biomes, minecraft:is_plains
[19Oct2025 17:24:02.155] [main/INFO] [com.teampotato.redirector.Redirector/]: Redirecting net/minecraftforge/event/TagsUpdatedEvent$UpdateCause
[19Oct2025 17:24:02.158] [main/INFO] [zeta-internal/]: Dispatching ZTagsUpdated to 1 listener
[19Oct2025 17:24:02.209] [main/INFO] [Moonlight/]: Applied 7 data villager trades
[19Oct2025 17:24:02.228] [main/INFO] [Supplementaries/]: Finished additional setup in 12 ms
[19Oct2025 17:24:02.634] [main/INFO] [majruszlibrary/]: [majruszsdifficulty.json] Reloading configuration file took 7 milliseconds
[19Oct2025 17:24:02.637] [main/INFO] [majruszlibrary/]: [majruszlibrary.json] Reloading configuration file took 0 milliseconds
[19Oct2025 17:24:02.638] [Server thread/INFO] [net.minecraft.server.dedicated.DedicatedServer/]: Starting minecraft server version 1.20.1
[19Oct2025 17:24:02.638] [Server thread/INFO] [net.minecraft.server.dedicated.DedicatedServer/]: Loading properties
[19Oct2025 17:24:02.638] [Server thread/INFO] [net.minecraft.server.dedicated.DedicatedServer/]: Default game type: SURVIVAL
[19Oct2025 17:24:02.638] [Server thread/INFO] [net.minecraft.server.MinecraftServer/]: Generating keypair
[19Oct2025 17:24:02.789] [Server thread/INFO] [net.minecraft.server.dedicated.DedicatedServer/]: Starting Minecraft server on *:25565
[19Oct2025 17:24:02.820] [Server thread/INFO] [net.minecraft.server.network.ServerConnectionListener/]: Using epoll channel type
[19Oct2025 17:24:02.904] [Server thread/WARN] [net.minecraft.server.dedicated.DedicatedServer/]: **** SERVER IS RUNNING IN OFFLINE/INSECURE MODE!
[19Oct2025 17:24:02.904] [Server thread/WARN] [net.minecraft.server.dedicated.DedicatedServer/]: The server will make no attempt to authenticate usernames. Beware.
[19Oct2025 17:24:02.904] [Server thread/WARN] [net.minecraft.server.dedicated.DedicatedServer/]: While this makes the game possible to play without internet access, it also opens up the ability for hackers to connect with any username they choose.
[19Oct2025 17:24:02.904] [Server thread/WARN] [net.minecraft.server.dedicated.DedicatedServer/]: To change this, set "online-mode" to "true" in the server.properties file.
[19Oct2025 17:24:03.539] [Server thread/INFO] [com.teampotato.redirector.Redirector/]: Redirecting net/minecraftforge/common/world/StructureModifier$Phase
[19Oct2025 17:24:03.563] [Server thread/INFO] [com.teampotato.redirector.Redirector/]: Redirecting dev/ftb/mods/ftbteams/data/TeamType
[19Oct2025 17:24:03.572] [Server thread/INFO] [com.teampotato.redirector.Redirector/]: Redirecting dev/ftb/mods/ftbteams/api/TeamRank
[19Oct2025 17:24:03.574] [Server thread/INFO] [FTB Teams/]: loaded team data: 2 known players, 2 teams total
[19Oct2025 17:24:03.577] [Server thread/INFO] [com.teampotato.redirector.Redirector/]: Redirecting dev/ftb/mods/ftbquests/quest/reward/RewardAutoClaim
[19Oct2025 17:24:03.578] [Server thread/INFO] [com.teampotato.redirector.Redirector/]: Redirecting dev/ftb/mods/ftbquests/quest/ProgressionMode
[19Oct2025 17:24:03.640] [Server thread/INFO] [atomicstryker.dynamiclights.server.modules.PlayerSelfLightSource/]: item config parser identified itemstack 1 torch
[19Oct2025 17:24:03.640] [Server thread/INFO] [atomicstryker.dynamiclights.server.modules.PlayerSelfLightSource/]: item config parser identified itemstack 1 glowstone
[19Oct2025 17:24:03.640] [Server thread/INFO] [atomicstryker.dynamiclights.server.modules.PlayerSelfLightSource/]: item config parser finished, item count: 2
[19Oct2025 17:24:03.640] [Server thread/INFO] [atomicstryker.dynamiclights.server.modules.PlayerSelfLightSource/]: item config parser identified itemstack 1 torch
[19Oct2025 17:24:03.640] [Server thread/INFO] [atomicstryker.dynamiclights.server.modules.PlayerSelfLightSource/]: item config parser finished, item count: 1
[19Oct2025 17:24:03.642] [Server thread/INFO] [atomicstryker.dynamiclights.server.modules.DroppedItemsLightSource/]: item config parser identified itemstack 1 torch
[19Oct2025 17:24:03.642] [Server thread/INFO] [atomicstryker.dynamiclights.server.modules.DroppedItemsLightSource/]: item config parser identified itemstack 1 glowstone
[19Oct2025 17:24:03.643] [Server thread/INFO] [atomicstryker.dynamiclights.server.modules.DroppedItemsLightSource/]: item config parser finished, item count: 2
[19Oct2025 17:24:03.643] [Server thread/INFO] [atomicstryker.dynamiclights.server.modules.DroppedItemsLightSource/]: item config parser identified itemstack 1 torch
[19Oct2025 17:24:03.643] [Server thread/INFO] [atomicstryker.dynamiclights.server.modules.DroppedItemsLightSource/]: item config parser finished, item count: 1
[19Oct2025 17:24:03.646] [Server thread/INFO] [Framework/]: Loading server configs...
[19Oct2025 17:24:03.698] [Server thread/INFO] [com.teampotato.redirector.Redirector/]: Redirecting terrablender/worldgen/noise/ZoomLayer
[19Oct2025 17:24:04.228] [Server thread/INFO] [terrablender/]: Initialized TerraBlender biomes for level stem minecraft:overworld
[19Oct2025 17:24:04.229] [Server thread/INFO] [terrablender/]: Initialized TerraBlender biomes for level stem minecraft:the_nether
[19Oct2025 17:24:04.232] [Server thread/INFO] [net.minecraft.server.dedicated.DedicatedServer/]: Preparing level "world"
[19Oct2025 17:24:04.236] [Server thread/INFO] [com.teampotato.redirector.Redirector/]: Redirecting net/minecraft/util/ModCheck$Confidence
[19Oct2025 17:24:04.273] [Server thread/INFO] [com.teampotato.redirector.Redirector/]: Redirecting net/minecraft/world/entity/ai/village/VillageSiege$State
[19Oct2025 17:24:04.301] [Server thread/INFO] [com.teampotato.redirector.Redirector/]: Redirecting net/minecraft/world/level/chunk/storage/IOWorker$Priority
[19Oct2025 17:24:04.308] [Server thread/INFO] [com.teampotato.redirector.Redirector/]: Redirecting net/minecraft/world/level/entity/Visibility
[19Oct2025 17:24:04.309] [Server thread/INFO] [com.teampotato.redirector.Redirector/]: Redirecting net/minecraft/world/level/entity/PersistentEntitySectionManager$ChunkLoadStatus
[19Oct2025 17:24:04.317] [Server thread/INFO] [com.teampotato.redirector.Redirector/]: Redirecting net/minecraft/server/level/FullChunkStatus
[19Oct2025 17:24:04.355] [Server thread/INFO] [com.teampotato.redirector.Redirector/]: Redirecting net/minecraft/world/level/levelgen/WorldgenRandom$Algorithm
[19Oct2025 17:24:04.807] [Server thread/INFO] [com.teampotato.redirector.Redirector/]: Redirecting net/minecraft/world/scores/Team$Visibility
[19Oct2025 17:24:04.808] [Server thread/INFO] [com.teampotato.redirector.Redirector/]: Redirecting net/minecraft/world/scores/Team$CollisionRule
[19Oct2025 17:24:04.811] [Server thread/INFO] [com.teampotato.redirector.Redirector/]: Redirecting net/minecraft/network/protocol/game/ClientboundSetPlayerTeamPacket$Action
[19Oct2025 17:24:04.900] [Server thread/INFO] [com.teampotato.redirector.Redirector/]: Redirecting net/minecraft/world/level/lighting/LayerLightEventListener$DummyLightLayerEventListener
[19Oct2025 17:24:04.999] [Server thread/INFO] [com.teampotato.redirector.Redirector/]: Redirecting net/minecraft/world/level/EmptyBlockGetter
[19Oct2025 17:24:05.000] [Server thread/INFO] [com.teampotato.redirector.Redirector/]: Redirecting net/minecraft/core/Direction8
[19Oct2025 17:24:05.038] [Server thread/INFO] [com.teampotato.redirector.Redirector/]: Redirecting ca/spottedleaf/starlight/common/light/StarLightEngine$AxisDirection
[19Oct2025 17:24:06.524] [Server thread/INFO] [com.teampotato.redirector.Redirector/]: Redirecting net/minecraft/world/level/levelgen/structure/StructureCheckResult
[19Oct2025 17:24:06.939] [Server thread/INFO] [com.teampotato.redirector.Redirector/]: Redirecting net/minecraft/world/BossEvent$BossBarColor
[19Oct2025 17:24:06.940] [Server thread/INFO] [com.teampotato.redirector.Redirector/]: Redirecting net/minecraft/world/BossEvent$BossBarOverlay
[19Oct2025 17:24:06.942] [Server thread/INFO] [com.teampotato.redirector.Redirector/]: Redirecting net/minecraft/network/protocol/game/ClientboundBossEventPacket$OperationType
[19Oct2025 17:24:06.954] [Server thread/INFO] [net.minecraft.server.MinecraftServer/]: Preparing start region for dimension minecraft:overworld
[19Oct2025 17:24:07.066] [Server thread/INFO] [net.minecraft.server.level.progress.LoggerChunkProgressListener/]: Preparing spawn area: 0%
[19Oct2025 17:24:07.473] [Server thread/INFO] [net.minecraft.server.level.progress.LoggerChunkProgressListener/]: Preparing spawn area: 0%
[19Oct2025 17:24:07.666] [Server thread/INFO] [com.teampotato.redirector.Redirector/]: Redirecting net/minecraft/world/entity/ai/village/poi/PoiManager$Occupancy
[19Oct2025 17:24:07.963] [Worker-Main-2/INFO] [net.minecraft.server.level.progress.LoggerChunkProgressListener/]: Preparing spawn area: 2%
[19Oct2025 17:24:08.471] [Server thread/INFO] [net.minecraft.server.level.progress.LoggerChunkProgressListener/]: Preparing spawn area: 13%
[19Oct2025 17:24:08.960] [Server thread/INFO] [net.minecraft.server.level.progress.LoggerChunkProgressListener/]: Preparing spawn area: 13%
[19Oct2025 17:24:09.458] [Server thread/INFO] [net.minecraft.server.level.progress.LoggerChunkProgressListener/]: Preparing spawn area: 23%
[19Oct2025 17:24:09.581] [Server thread/INFO] [com.teampotato.redirector.Redirector/]: Redirecting io/github/flemmli97/improvedmobs/utils/EntityFlags$FlagType
[19Oct2025 17:24:09.632] [Server thread/INFO] [com.teampotato.redirector.Redirector/]: Redirecting net/minecraft/world/entity/ai/control/MoveControl$Operation
[19Oct2025 17:24:09.663] [Server thread/INFO] [com.teampotato.redirector.Redirector/]: Redirecting com/robertx22/library_of_exile/components/MySpawnReason
[19Oct2025 17:24:09.690] [Server thread/INFO] [com.teampotato.redirector.Redirector/]: Redirecting com/hollingsworth/arsnouveau/common/entity/Starbuncle$StarbuncleGoalState
[19Oct2025 17:24:09.871] [Server thread/INFO] [com.teampotato.redirector.Redirector/]: Redirecting net/mehvahdjukaar/supplementaries/common/block/tiles/StatueBlockTile$StatuePose
[19Oct2025 17:24:09.911] [Server thread/INFO] [com.teampotato.redirector.Redirector/]: Redirecting net/minecraft/world/entity/ai/goal/RangedCrossbowAttackGoal$CrossbowState
[19Oct2025 17:24:09.955] [Server thread/INFO] [net.minecraft.server.level.progress.LoggerChunkProgressListener/]: Preparing spawn area: 88%
[19Oct2025 17:24:10.039] [Server thread/INFO] [net.minecraft.server.level.progress.LoggerChunkProgressListener/]: Time elapsed: 3085 ms
[19Oct2025 17:24:10.039] [Server thread/INFO] [net.minecraft.server.dedicated.DedicatedServer/]: Done (7.093s)! For help, type "help"
[19Oct2025 17:24:10.268] [Server thread/INFO] [net.minecraftforge.server.permission.PermissionAPI/]: Successfully initialized permission handler forge:default_handler
[19Oct2025 17:24:10.345] [Server thread/INFO] [com.teampotato.redirector.Redirector/]: Redirecting net/puffish/skillsmod/skill/SkillPair$Direction
[19Oct2025 17:24:10.350] [Server thread/INFO] [puffish_skills/]: [puffish_skills] Configuration loaded successfully!
[19Oct2025 17:24:10.374] [Server thread/INFO] [xaero.hud.minimap.MinimapLogs/]: Registered synced player tracker system: ftb_teams
[19Oct2025 17:24:10.376] [Server thread/INFO] [xaero.map.WorldMap/]: Registered synced player tracker system: ftb_teams
[19Oct2025 17:24:10.444] [Server thread/INFO] [com.teampotato.redirector.Redirector/]: Redirecting net/bettercombat/api/WeaponAttributes$Condition
[19Oct2025 17:24:10.445] [Server thread/INFO] [com.teampotato.redirector.Redirector/]: Redirecting net/bettercombat/api/WeaponAttributes$HitBoxShape
[19Oct2025 17:24:10.576] [Server thread/INFO] [net.bettercombat.logic.WeaponRegistry/]: Encoded Weapon Attribute registry size (with package overhead): 436242 bytes (in 44 string chunks with the size of 10000)
[19Oct2025 17:24:10.601] [Server thread/INFO] [com.cupboard.Cupboard/]: Loaded config for: betterfpsdist.json
[19Oct2025 17:24:10.601] [Server thread/INFO] [com.cupboard.Cupboard/]: Loaded config for: lootintegrations.json
[19Oct2025 17:24:10.602] [Server thread/INFO] [com.cupboard.Cupboard/]: Loaded config for: smoothchunk.json
[19Oct2025 17:24:10.603] [Server thread/INFO] [com.teampotato.redirector.Redirector/]: Redirecting com/mrcrayfish/framework/api/LogicalEnvironment
[19Oct2025 17:24:10.607] [Server thread/INFO] [patchouli/]: Sending reload packet to clients
[19Oct2025 17:24:10.608] [Server thread/WARN] [ModernFix/]: Dedicated server took 85.387 seconds to load
[19Oct2025 17:24:10.764] [Server thread/INFO] [com.teampotato.redirector.Redirector/]: Redirecting net/minecraft/util/AbortableIterationConsumer$Continuation
[19Oct2025 17:24:10.934] [Server thread/INFO] [com.teampotato.redirector.Redirector/]: Redirecting insane96mcp/enhancedai/modules/illager/shoot/EAPillagerAttackGoal$CrossbowState
[19Oct2025 17:24:11.967] [Server thread/INFO] [com.teampotato.redirector.Redirector/]: Redirecting nonamecrackers2/witherstormmod/common/entity/ai/witherstorm/PlayDeadManager$State
[19Oct2025 17:24:12.269] [Server thread/INFO] [com.teampotato.redirector.Redirector/]: Redirecting nonamecrackers2/witherstormmod/api/common/entity/WitherStormBase$DistractionType
[19Oct2025 17:24:12.288] [Server thread/INFO] [com.teampotato.redirector.Redirector/]: Redirecting com/yungnickyoung/minecraft/bettermineshafts/world/generator/pieces/OreDeposit$OreType
[19Oct2025 17:24:12.291] [Server thread/INFO] [com.teampotato.redirector.Redirector/]: Redirecting com/yungnickyoung/minecraft/bettermineshafts/world/generator/pieces/SmallTunnelTurn$TurnDirection
[19Oct2025 17:24:12.603] [Server thread/INFO] [com.teampotato.redirector.Redirector/]: Redirecting net/minecraft/world/level/chunk/LevelChunk$EntityCreationType
[19Oct2025 17:24:12.887] [Server thread/INFO] [com.teampotato.redirector.Redirector/]: Redirecting top/theillusivec4/caelus/api/CaelusApi$TriState
[19Oct2025 17:24:12.944] [Server thread/INFO] [com.teampotato.redirector.Redirector/]: Redirecting net/minecraft/world/entity/ai/memory/MemoryStatus
[19Oct2025 17:24:12.945] [Server thread/INFO] [com.teampotato.redirector.Redirector/]: Redirecting net/minecraft/world/entity/ai/behavior/Behavior$Status
[19Oct2025 17:24:12.957] [Server thread/INFO] [com.teampotato.redirector.Redirector/]: Redirecting net/minecraft/world/entity/ai/behavior/GateBehavior$OrderPolicy
[19Oct2025 17:24:12.958] [Server thread/INFO] [com.teampotato.redirector.Redirector/]: Redirecting net/minecraft/world/entity/ai/behavior/GateBehavior$RunningPolicy
[19Oct2025 17:24:13.040] [Server thread/INFO] [com.teampotato.redirector.Redirector/]: Redirecting net/minecraft/world/entity/ai/gossip/GossipType
[19Oct2025 17:24:13.043] [Server thread/WARN] [net.minecraft.server.MinecraftServer/]: Can't keep up! Is the server overloaded? Running 2283ms or 45 ticks behind
[19Oct2025 17:24:13.240] [Server thread/INFO] [com.teampotato.redirector.Redirector/]: Redirecting net/minecraft/world/entity/animal/frog/ShootTongue$State
[19Oct2025 17:24:13.761] [Server thread/INFO] [com.teampotato.redirector.Redirector/]: Redirecting net/mehvahdjukaar/amendments/common/IBellConnection$Type
[19Oct2025 17:24:14.381] [Server thread/INFO] [com.teampotato.redirector.Redirector/]: Redirecting com/simibubi/create/content/fluids/FluidTransportBehaviour$UpdatePhase
[19Oct2025 17:25:14.149] [Netty Epoll Server IO #1/INFO] [com.teampotato.redirector.Redirector/]: Redirecting net/minecraft/network/ConnectionProtocol
[19Oct2025 17:25:14.173] [Netty Epoll Server IO #1/INFO] [com.teampotato.redirector.Redirector/]: Redirecting net/minecraft/network/protocol/game/ClientboundCustomChatCompletionsPacket$Action
[19Oct2025 17:25:14.202] [Netty Epoll Server IO #1/INFO] [com.teampotato.redirector.Redirector/]: Redirecting net/minecraft/network/protocol/game/ClientboundRecipePacket$State
[19Oct2025 17:25:14.227] [Netty Epoll Server IO #1/INFO] [com.teampotato.redirector.Redirector/]: Redirecting net/minecraft/server/ServerScoreboard$Method
[19Oct2025 17:25:14.239] [Netty Epoll Server IO #1/INFO] [com.teampotato.redirector.Redirector/]: Redirecting net/minecraft/network/protocol/game/ServerboundClientCommandPacket$Action
[19Oct2025 17:25:14.243] [Netty Epoll Server IO #1/INFO] [com.teampotato.redirector.Redirector/]: Redirecting net/minecraft/network/protocol/game/ServerboundInteractPacket$ActionType
[19Oct2025 17:25:14.251] [Netty Epoll Server IO #1/INFO] [com.teampotato.redirector.Redirector/]: Redirecting net/minecraft/network/protocol/game/ServerboundPlayerActionPacket$Action
[19Oct2025 17:25:14.252] [Netty Epoll Server IO #1/INFO] [com.teampotato.redirector.Redirector/]: Redirecting net/minecraft/network/protocol/game/ServerboundPlayerCommandPacket$Action
[19Oct2025 17:25:14.255] [Netty Epoll Server IO #1/INFO] [com.teampotato.redirector.Redirector/]: Redirecting net/minecraft/network/protocol/game/ServerboundResourcePackPacket$Action
[19Oct2025 17:25:14.256] [Netty Epoll Server IO #1/INFO] [com.teampotato.redirector.Redirector/]: Redirecting net/minecraft/network/protocol/game/ServerboundSeenAdvancementsPacket$Action
[19Oct2025 17:25:14.259] [Netty Epoll Server IO #1/INFO] [com.teampotato.redirector.Redirector/]: Redirecting net/minecraft/world/level/block/entity/CommandBlockEntity$Mode
[19Oct2025 17:25:14.265] [Netty Epoll Server IO #1/INFO] [com.teampotato.redirector.Redirector/]: Redirecting net/minecraft/world/level/block/entity/StructureBlockEntity$UpdateType
[19Oct2025 17:25:14.291] [Netty Epoll Server IO #1/INFO] [com.teampotato.redirector.Redirector/]: Redirecting net/minecraftforge/network/ConnectionType
[19Oct2025 17:25:14.725] [Netty Epoll Server IO #1/INFO] [com.teampotato.redirector.Redirector/]: Redirecting net/minecraft/server/network/ServerLoginPacketListenerImpl$State
[19Oct2025 17:25:14.961] [Netty Epoll Server IO #1/INFO] [Calio/]: Received acknowledgment for login packet with id 0
[19Oct2025 17:25:14.968] [Netty Epoll Server IO #1/INFO] [Calio/]: Received acknowledgment for login packet with id 1
[19Oct2025 17:25:15.022] [Netty Epoll Server IO #1/INFO] [Calio/]: Received acknowledgment for login packet with id 2
[19Oct2025 17:25:15.068] [Netty Epoll Server IO #1/INFO] [Calio/]: Received acknowledgment for login packet with id 3
[19Oct2025 17:25:15.122] [Netty Epoll Server IO #1/INFO] [Calio/]: Received acknowledgment for login packet with id 4
[19Oct2025 17:25:15.170] [Netty Epoll Server IO #1/INFO] [Calio/]: Received acknowledgment for login packet with id 5
[19Oct2025 17:25:15.225] [Netty Epoll Server IO #1/INFO] [Calio/]: Received acknowledgment for login packet with id 6
[19Oct2025 17:25:15.265] [Netty Epoll Server IO #1/INFO] [Calio/]: Received acknowledgment for login packet with id 7
[19Oct2025 17:25:15.320] [Netty Epoll Server IO #1/INFO] [Calio/]: Received acknowledgment for login packet with id 8
[19Oct2025 17:25:15.442] [Netty Epoll Server IO #1/INFO] [Calio/]: Received acknowledgment for login packet with id 9
[19Oct2025 17:25:15.448] [Netty Epoll Server IO #1/INFO] [Calio/]: Received acknowledgment for login packet with id 10
[19Oct2025 17:25:15.468] [Netty Epoll Server IO #1/INFO] [Calio/]: Received acknowledgment for login packet with id 11
[19Oct2025 17:25:16.597] [Netty Epoll Server IO #1/INFO] [Calio/]: Received acknowledgment for login packet with id 12
[19Oct2025 17:25:16.820] [Netty Epoll Server IO #1/INFO] [Calio/]: Received acknowledgment for login packet with id 13
[19Oct2025 17:25:17.410] [Netty Epoll Server IO #1/INFO] [Calio/]: Received acknowledgment for login packet with id 14
[19Oct2025 17:25:17.545] [Netty Epoll Server IO #1/INFO] [Calio/]: Received acknowledgment for login packet with id 15
[19Oct2025 17:25:17.545] [Netty Epoll Server IO #1/INFO] [Calio/]: Received acknowledgment for login packet with id 16
[19Oct2025 17:25:17.546] [Netty Epoll Server IO #1/INFO] [Calio/]: Received acknowledgment for login packet with id 17
[19Oct2025 17:25:17.956] [Netty Epoll Server IO #1/INFO] [Calio/]: Received acknowledgment for login packet with id 18
[19Oct2025 17:25:24.013] [Server thread/WARN] [net.minecraft.network.syncher.SynchedEntityData/]: defineId called for: class net.minecraft.world.entity.player.Player from class tschipp.carryon.common.carry.CarryOnDataManager
[19Oct2025 17:25:24.177] [Server thread/INFO] [com.teampotato.redirector.Redirector/]: Redirecting net/puffish/skillsmod/api/Skill$State
[19Oct2025 17:25:24.219] [Server thread/INFO] [com.teampotato.redirector.Redirector/]: Redirecting io/redspace/ironsspellbooks/player/SpinAttackType
[19Oct2025 17:25:24.226] [Server thread/INFO] [com.teampotato.redirector.Redirector/]: Redirecting tschipp/carryon/common/carry/CarryOnData$CarryType
[19Oct2025 17:25:24.230] [Server thread/INFO] [net.minecraft.server.players.PlayerList/]: PavoLoco[/127.226.223.37:46781] logged in with entity id 993 at (690.6047428190881, -13.0, -312.85781508253393)
[19Oct2025 17:25:24.239] [Server thread/INFO] [com.teampotato.redirector.Redirector/]: Redirecting net/minecraftforge/network/filters/VanillaPacketSplitter$RemoteCompatibility
[19Oct2025 17:25:24.247] [Server thread/INFO] [com.teampotato.redirector.Redirector/]: Redirecting net/minecraft/world/entity/monster/Phantom$AttackPhase
[19Oct2025 17:25:24.248] [Server thread/INFO] [com.teampotato.redirector.Redirector/]: Redirecting com/github/L_Ender/cataclysm/entity/AnimationMonster/BossMonsters/The_Leviathan/The_Leviathan_Entity$AttackMode
[19Oct2025 17:25:24.249] [Server thread/INFO] [com.teampotato.redirector.Redirector/]: Redirecting com/hollingsworth/arsnouveau/common/entity/AmethystGolem$AmethystGolemGoalState
[19Oct2025 17:25:24.250] [Server thread/INFO] [com.teampotato.redirector.Redirector/]: Redirecting com/bobmowzie/mowziesmobs/server/entity/naga/EntityNaga$EnumNagaMovement
[19Oct2025 17:25:24.254] [Server thread/INFO] [com.teampotato.redirector.Redirector/]: Redirecting com/github/alexthe666/alexsmobs/entity/EntityMimicOctopus$MimicState
[19Oct2025 17:25:24.259] [Server thread/INFO] [com.teampotato.redirector.Redirector/]: Redirecting com/github/L_Ender/cataclysm/entity/Pet/The_Baby_Leviathan_Entity$AttackMode
[19Oct2025 17:25:24.262] [Server thread/INFO] [com.teampotato.redirector.Redirector/]: Redirecting com/bobmowzie/mowziesmobs/server/entity/grottol/EntityGrottol$EnumDeathType
[19Oct2025 17:25:24.265] [Server thread/INFO] [com.teampotato.redirector.Redirector/]: Redirecting com/github/L_Ender/cataclysm/entity/AnimationMonster/BossMonsters/Nameless_Sorcerer_Entity$SpellType
[19Oct2025 17:25:24.270] [Server thread/INFO] [com.teampotato.redirector.Redirector/]: Redirecting com/github/L_Ender/cataclysm/entity/AnimationMonster/BossMonsters/Ancient_Remnant_Entity$AttackMode
[19Oct2025 17:25:24.275] [Server thread/INFO] [com.teampotato.redirector.Redirector/]: Redirecting com/github/L_Ender/cataclysm/entity/Pet/Modern_Remnant_Entity$AttackMode
[19Oct2025 17:25:24.280] [Server thread/INFO] [com.teampotato.redirector.Redirector/]: Redirecting net/minecraft/world/entity/monster/SpellcasterIllager$IllagerSpell
[19Oct2025 17:25:24.571] [Server thread/INFO] [com.teampotato.redirector.Redirector/]: Redirecting com/robertx22/library_of_exile/registry/SyncTime
[19Oct2025 17:25:24.595] [Server thread/INFO] [com.teampotato.redirector.Redirector/]: Redirecting net/mehvahdjukaar/supplementaries/common/misc/globe/GlobeTextureGenerator$Face
[19Oct2025 17:25:24.596] [Server thread/INFO] [com.teampotato.redirector.Redirector/]: Redirecting net/mehvahdjukaar/supplementaries/common/misc/globe/GlobeTextureGenerator$TerrainType
[19Oct2025 17:25:24.596] [Server thread/INFO] [com.teampotato.redirector.Redirector/]: Redirecting net/mehvahdjukaar/supplementaries/common/misc/globe/GlobeTextureGenerator$Biome
[19Oct2025 17:25:24.597] [Server thread/INFO] [com.teampotato.redirector.Redirector/]: Redirecting net/mehvahdjukaar/supplementaries/common/misc/globe/GlobeTextureGenerator$Feature
[19Oct2025 17:25:24.602] [Server thread/INFO] [com.teampotato.redirector.Redirector/]: Redirecting net/mehvahdjukaar/supplementaries/common/utils/MiscUtils$Festivity
[19Oct2025 17:25:24.700] [Server thread/INFO] [net.minecraft.server.MinecraftServer/]: PavoLoco joined the game
[19Oct2025 17:25:24.701] [Server thread/INFO] [com.teampotato.redirector.Redirector/]: Redirecting net/minecraft/world/entity/RelativeMovement
[19Oct2025 17:25:24.711] [Server thread/INFO] [com.teampotato.redirector.Redirector/]: Redirecting com/bobmowzie/mowziesmobs/server/ability/AbilityHandler
[19Oct2025 17:25:24.730] [Server thread/INFO] [com.teampotato.redirector.Redirector/]: Redirecting com/bobmowzie/mowziesmobs/server/ability/AbilitySection$AbilitySectionType
[19Oct2025 17:25:24.732] [Server thread/INFO] [com.teampotato.redirector.Redirector/]: Redirecting com/bobmowzie/mowziesmobs/server/entity/effects/geomancy/EntityGeomancyBase$GeomancyTier
[19Oct2025 17:25:24.887] [Server thread/INFO] [com.teampotato.redirector.Redirector/]: Redirecting tictim/paraglider/network/Kind
[19Oct2025 17:25:24.898] [Server thread/INFO] [com.teampotato.redirector.Redirector/]: Redirecting dev/xkmc/l2library/capability/player/PlayerCapToClient$Action
[19Oct2025 17:25:24.923] [Server thread/INFO] [Jade/]: Syncing config to PavoLoco (662dc439-e156-363e-a35c-7bb67826e6e2)
[19Oct2025 17:25:24.943] [Server thread/INFO] [com.teampotato.redirector.Redirector/]: Redirecting com/simibubi/create/content/trains/signal/EdgeGroupColor
[19Oct2025 17:25:25.040] [Server thread/INFO] [com.teampotato.redirector.Redirector/]: Redirecting net/minecraft/server/advancements/AdvancementVisibilityEvaluator$VisibilityRule
[19Oct2025 17:25:25.167] [Netty Epoll Server IO #1/INFO] [com.teampotato.redirector.Redirector/]: Redirecting io/github/kosmx/emotes/common/network/PacketTask
[19Oct2025 17:25:25.552] [Netty Epoll Server IO #1/INFO] [com.teampotato.redirector.Redirector/]: Redirecting net/minecraftforge/network/NetworkEvent$RegistrationChangeType
[19Oct2025 17:25:26.532] [Server thread/INFO] [com.teampotato.redirector.Redirector/]: Redirecting com/simibubi/create/content/kinetics/transmission/sequencer/SequencerInstructions
[19Oct2025 17:25:27.595] [Server thread/INFO] [com.teampotato.redirector.Redirector/]: Redirecting net/p3pp3rf1y/sophisticatedcore/renderdata/TankPosition
[19Oct2025 17:25:27.669] [Server thread/WARN] [net.minecraft.server.MinecraftServer/]: Can't keep up! Is the server overloaded? Running 3559ms or 71 ticks behind
[19Oct2025 17:25:27.819] [Server thread/INFO] [com.teampotato.redirector.Redirector/]: Redirecting software/bernie/geckolib/core/object/PlayState
[19Oct2025 17:25:27.820] [Server thread/INFO] [com.teampotato.redirector.Redirector/]: Redirecting software/bernie/geckolib/core/animation/AnimationController$State
[19Oct2025 17:25:27.899] [Server thread/INFO] [com.teampotato.redirector.Redirector/]: Redirecting insane96mcp/enhancedai/modules/witch/darkart/DarkArtWitchGoal$Phase
[19Oct2025 17:25:28.348] [Server thread/INFO] [com.teampotato.redirector.Redirector/]: Redirecting com/corosus/zombieawareness/EnumSenseType
[19Oct2025 17:25:28.607] [Server thread/INFO] [com.teampotato.redirector.Redirector/]: Redirecting org/violetmoon/zeta/event/bus/ZResult
[19Oct2025 17:25:28.673] [Server thread/INFO] [com.teampotato.redirector.Redirector/]: Redirecting io/github/flemmli97/improvedmobs/ai/util/ItemAI$UsableHand
[19Oct2025 17:25:28.676] [Server thread/INFO] [com.teampotato.redirector.Redirector/]: Redirecting io/github/flemmli97/improvedmobs/ai/util/ItemAI$ItemType
[19Oct2025 17:25:28.729] [Server thread/INFO] [com.teampotato.redirector.Redirector/]: Redirecting io/github/edwinmindcraft/apoli/common/power/configuration/ActionOnItemUseConfiguration$PriorityPhase
[19Oct2025 17:25:28.766] [Server thread/INFO] [com.teampotato.redirector.Redirector/]: Redirecting net/minecraft/server/commands/AdvancementCommands$Action
[19Oct2025 17:25:28.770] [Server thread/INFO] [com.teampotato.redirector.Redirector/]: Redirecting net/minecraft/server/commands/AdvancementCommands$Mode
[19Oct2025 17:25:29.085] [Server thread/INFO] [com.teampotato.redirector.Redirector/]: Redirecting net/puffish/attributesmod/util/Sign
[19Oct2025 17:25:29.429] [Server thread/INFO] [com.teampotato.redirector.Redirector/]: Redirecting net/minecraft/util/profiling/metrics/MetricCategory
[19Oct2025 17:25:33.334] [Server thread/INFO] [com.teampotato.redirector.Redirector/]: Redirecting org/violetmoon/quark/content/mobs/entity/Stoneling$StonelingVariant
[19Oct2025 17:25:41.410] [Server thread/INFO] [com.teampotato.redirector.Redirector/]: Redirecting fr/rakambda/fallingtree/common/tree/AbortedResult
[19Oct2025 17:25:54.095] [Server thread/INFO] [com.teampotato.redirector.Redirector/]: Redirecting org/violetmoon/quark/api/event/SimpleHarvestEvent$ActionType
[19Oct2025 17:26:05.708] [Netty Epoll Server IO #1/INFO] [com.teampotato.redirector.Redirector/]: Redirecting net/bettercombat/logic/AnimatedHand
[19Oct2025 17:26:16.987] [Server thread/INFO] [com.teampotato.redirector.Redirector/]: Redirecting net/minecraft/world/level/block/DoubleBlockCombiner$BlockType
[19Oct2025 17:26:20.118] [Server thread/INFO] [com.teampotato.redirector.Redirector/]: Redirecting com/github/alexthe666/alexsmobs/entity/util/TerrapinTypes
[19Oct2025 17:26:30.608] [Server thread/INFO] [com.teampotato.redirector.Redirector/]: Redirecting net/p3pp3rf1y/sophisticatedbackpacks/common/gui/BackpackContext$ContextType
[19Oct2025 17:26:30.625] [Server thread/INFO] [com.teampotato.redirector.Redirector/]: Redirecting net/p3pp3rf1y/sophisticatedcore/renderdata/DisplaySide
[19Oct2025 17:27:11.453] [Server thread/INFO] [com.teampotato.redirector.Redirector/]: Redirecting com/simibubi/create/content/contraptions/IControlContraption$MovementMode
[19Oct2025 17:27:13.594] [Server thread/INFO] [net.minecraft.world.entity.npc.Villager/]: Villager Villager['Butcher'/22831, l='ServerLevel[world]', x=455.50, y=103.00, z=-283.50] died, message: 'Butcher was blown up by Wither Storm'
[19Oct2025 17:27:14.637] [Server thread/INFO] [com.teampotato.redirector.Redirector/]: Redirecting com/simibubi/create/content/redstone/link/LinkBehaviour$Mode
[19Oct2025 17:27:14.662] [Server thread/INFO] [com.teampotato.redirector.Redirector/]: Redirecting com/simibubi/create/content/kinetics/belt/behaviour/BeltProcessingBehaviour$ProcessingResult
[19Oct2025 17:27:14.663] [Server thread/INFO] [com.teampotato.redirector.Redirector/]: Redirecting com/simibubi/create/content/kinetics/press/PressingBehaviour$Mode
[19Oct2025 17:27:14.680] [Server thread/INFO] [com.teampotato.redirector.Redirector/]: Redirecting org/violetmoon/quark/content/building/entity/GlassItemFrame$SignAttachment
[19Oct2025 17:27:17.493] [Server thread/INFO] [net.minecraft.world.entity.npc.Villager/]: Villager Villager['Unemployed'/8346, l='ServerLevel[world]', x=519.50, y=63.00, z=-412.50] died, message: 'Unemployed was blown up by Wither Storm'
[19Oct2025 17:27:24.019] [Server thread/INFO] [com.teampotato.redirector.Redirector/]: Redirecting org/violetmoon/zeta/api/ICollateralMover$MoveResult
[19Oct2025 17:27:36.304] [Server thread/INFO] [com.teampotato.redirector.Redirector/]: Redirecting com/simibubi/create/content/contraptions/bearing/ClockworkContraption$HandType
[19Oct2025 17:27:36.304] [Server thread/INFO] [com.teampotato.redirector.Redirector/]: Redirecting com/simibubi/create/content/contraptions/mounted/CartAssemblerBlockEntity$CartMovementMode
[19Oct2025 17:27:38.751] [Server thread/WARN] [net.minecraft.server.MinecraftServer/]: Can't keep up! Is the server overloaded? Running 2041ms or 40 ticks behind
[19Oct2025 17:27:50.916] [Netty Epoll Server IO #2/INFO] [Calio/]: Received acknowledgment for login packet with id 0
[19Oct2025 17:27:50.916] [Netty Epoll Server IO #2/INFO] [Calio/]: Received acknowledgment for login packet with id 1
[19Oct2025 17:27:50.935] [Netty Epoll Server IO #2/INFO] [Calio/]: Received acknowledgment for login packet with id 2
[19Oct2025 17:27:50.993] [Netty Epoll Server IO #2/INFO] [Calio/]: Received acknowledgment for login packet with id 3
[19Oct2025 17:27:51.050] [Netty Epoll Server IO #2/INFO] [Calio/]: Received acknowledgment for login packet with id 4
[19Oct2025 17:27:51.089] [Netty Epoll Server IO #2/INFO] [Calio/]: Received acknowledgment for login packet with id 5
[19Oct2025 17:27:51.139] [Netty Epoll Server IO #2/INFO] [Calio/]: Received acknowledgment for login packet with id 6
[19Oct2025 17:27:51.193] [Netty Epoll Server IO #2/INFO] [Calio/]: Received acknowledgment for login packet with id 7
[19Oct2025 17:27:51.238] [Netty Epoll Server IO #2/INFO] [Calio/]: Received acknowledgment for login packet with id 8
[19Oct2025 17:27:51.302] [Netty Epoll Server IO #2/INFO] [Calio/]: Received acknowledgment for login packet with id 9
[19Oct2025 17:27:51.347] [Netty Epoll Server IO #2/INFO] [Calio/]: Received acknowledgment for login packet with id 10
[19Oct2025 17:27:51.411] [Netty Epoll Server IO #2/INFO] [Calio/]: Received acknowledgment for login packet with id 11
[19Oct2025 17:27:52.766] [Netty Epoll Server IO #2/INFO] [Calio/]: Received acknowledgment for login packet with id 12
[19Oct2025 17:27:53.120] [Netty Epoll Server IO #2/INFO] [Calio/]: Received acknowledgment for login packet with id 13
[19Oct2025 17:27:53.567] [Netty Epoll Server IO #2/INFO] [Calio/]: Received acknowledgment for login packet with id 14
[19Oct2025 17:27:53.697] [Netty Epoll Server IO #2/INFO] [Calio/]: Received acknowledgment for login packet with id 15
[19Oct2025 17:27:53.698] [Netty Epoll Server IO #2/INFO] [Calio/]: Received acknowledgment for login packet with id 16
[19Oct2025 17:27:53.702] [Netty Epoll Server IO #2/INFO] [Calio/]: Received acknowledgment for login packet with id 17
[19Oct2025 17:27:54.043] [Netty Epoll Server IO #2/INFO] [Calio/]: Received acknowledgment for login packet with id 18
[19Oct2025 17:27:59.984] [Server thread/INFO] [net.minecraft.server.players.PlayerList/]: denercraft[/127.158.216.55:44375] logged in with entity id 61261 at (598.4874262174262, 198.00322867020577, -2.738553362130687)
[19Oct2025 17:28:00.190] [Server thread/INFO] [net.minecraft.server.MinecraftServer/]: denercraft joined the game
[19Oct2025 17:28:00.233] [Server thread/INFO] [Jade/]: Syncing config to denercraft (b09a19d2-d4d8-3eae-8b8a-ab0c3f6c210b)
[19Oct2025 17:28:10.417] [Server thread/INFO] [com.teampotato.redirector.Redirector/]: Redirecting net/minecraft/world/level/block/entity/BeehiveBlockEntity$BeeReleaseStatus
[19Oct2025 17:28:45.859] [Server thread/INFO] [com.teampotato.redirector.Redirector/]: Redirecting com/faboslav/friendsandfoes/entity/animation/Transformation$Type
[19Oct2025 17:29:03.690] [Server thread/INFO] [com.teampotato.redirector.Redirector/]: Redirecting com/github/alexthe666/citadel/animation/AnimationHandler
[19Oct2025 17:29:06.628] [Server thread/INFO] [com.teampotato.redirector.Redirector/]: Redirecting com/hollingsworth/arsnouveau/common/entity/pathfinding/PathFindingStatus
[19Oct2025 17:29:06.629] [Server thread/INFO] [com.teampotato.redirector.Redirector/]: Redirecting com/hollingsworth/arsnouveau/common/entity/pathfinding/AbstractAdvancedPathNavigate$RestrictionType
[19Oct2025 17:29:06.632] [AN stolen Minecolonies Pathfinding Worker #0/INFO] [com.teampotato.redirector.Redirector/]: Redirecting com/hollingsworth/arsnouveau/common/entity/pathfinding/SurfaceType
[19Oct2025 17:29:07.905] [Server thread/INFO] [net.minecraft.server.MinecraftServer/]: [PavoLoco: Teleported PavoLoco to denercraft]
[19Oct2025 17:29:19.541] [Server thread/INFO] [net.minecraft.world.entity.npc.Villager/]: Villager Villager['Unemployed'/33450, l='ServerLevel[world]', x=865.15, y=129.00, z=-365.67] died, message: 'Unemployed was incinerated by a flaming skull from Wither Storm'
[19Oct2025 17:29:19.852] [Server thread/INFO] [com.teampotato.redirector.Redirector/]: Redirecting com/simibubi/create/content/contraptions/ContraptionCollider$PlayerType
[19Oct2025 17:29:34.031] [Worker-Main-3/WARN] [com.finndog.mvs.MVSCommon/]: Moog's Voyager Structures: Empty or nonexistent pool: mvs:farm/side_pool which is being called from mvs:nature/short_oak_pathway
[19Oct2025 17:29:34.032] [Worker-Main-3/WARN] [com.finndog.mvs.MVSCommon/]: Moog's Voyager Structures: Empty or nonexistent pool: mvs:farm/side_pool which is being called from mvs:nature/short_oak_pathway
[19Oct2025 17:29:43.518] [Server thread/INFO] [net.minecraft.server.MinecraftServer/]: PavoLoco has made the advancement [Well prepared]
[19Oct2025 17:29:45.500] [Server thread/INFO] [net.minecraft.server.MinecraftServer/]: [denercraft: Set own game mode to Survival Mode]
[19Oct2025 17:29:53.341] [Server thread/INFO] [com.teampotato.redirector.Redirector/]: Redirecting io/redspace/ironsspellbooks/api/spells/CastType
[19Oct2025 17:30:03.252] [Server thread/INFO] [net.minecraft.server.MinecraftServer/]: denercraft has made the advancement [Junior Summoner]
[19Oct2025 17:30:04.359] [Server thread/INFO] [net.minecraft.server.MinecraftServer/]: denercraft has made the advancement [Dark Metallurgy]
[19Oct2025 17:30:43.086] [Server thread/INFO] [net.minecraft.world.entity.npc.Villager/]: Villager Villager['Unemployed'/80695, l='ServerLevel[world]', x=535.43, y=64.00, z=-410.53] died, message: 'Unemployed burned to death'
[19Oct2025 17:31:04.770] [Server thread/WARN] [net.minecraft.server.MinecraftServer/]: Can't keep up! Is the server overloaded? Running 2010ms or 40 ticks behind
[19Oct2025 17:31:50.053] [Server thread/INFO] [net.minecraft.world.entity.npc.Villager/]: Villager Villager['Farmer'/83084, l='ServerLevel[world]', x=472.95, y=101.00, z=-279.50] died, message: 'Farmer was slain by The Hunter'
[19Oct2025 17:31:52.270] [Server thread/INFO] [net.minecraft.server.MinecraftServer/]: denercraft is bleeding. denercraft was killed by Necromancer's magic missile
[19Oct2025 17:31:53.836] [Server thread/INFO] [net.minecraft.world.entity.npc.Villager/]: Villager Villager['Butcher'/83085, l='ServerLevel[world]', x=473.30, y=101.00, z=-279.20] died, message: 'Butcher was slain by The Hunter'
[19Oct2025 17:31:54.387] [Worker-Main-3/WARN] [com.finndog.mvs.MVSCommon/]: Moog's Voyager Structures: Empty or nonexistent pool: mvs:farm/side_pool which is being called from mvs:other_decoration/wooden_wheat_farm
[19Oct2025 17:31:54.665] [Server thread/WARN] [net.minecraft.server.MinecraftServer/]: Can't keep up! Is the server overloaded? Running 2005ms or 40 ticks behind
[19Oct2025 17:31:58.434] [Server thread/INFO] [com.teampotato.redirector.Redirector/]: Redirecting io/redspace/ironsspellbooks/capabilities/magic/RecastResult
[19Oct2025 17:31:58.436] [Server thread/INFO] [net.minecraft.server.MinecraftServer/]: denercraft was killed by Necromancer's magic missile
[19Oct2025 17:31:59.889] [Server thread/INFO] [com.teampotato.redirector.Redirector/]: Redirecting tictim/paraglider/api/vessel/VesselContainer$SetResult
[19Oct2025 17:32:00.259] [Server thread/INFO] [com.teampotato.redirector.Redirector/]: Redirecting com/simibubi/create/content/contraptions/IControlContraption$RotationMode
[19Oct2025 17:32:00.265] [Server thread/INFO] [com.teampotato.redirector.Redirector/]: Redirecting com/simibubi/create/content/processing/burner/BlazeBurnerBlockEntity$FuelType
[19Oct2025 17:32:00.266] [Server thread/INFO] [com.teampotato.redirector.Redirector/]: Redirecting net/mehvahdjukaar/supplementaries/common/block/tiles/PedestalBlockTile$DisplayType
[19Oct2025 17:32:00.323] [Server thread/INFO] [com.teampotato.redirector.Redirector/]: Redirecting com/simibubi/create/content/kinetics/transmission/sequencer/InstructionSpeedModifiers
[19Oct2025 17:32:00.325] [Server thread/INFO] [com.teampotato.redirector.Redirector/]: Redirecting com/simibubi/create/foundation/gui/AllGuiTextures
[19Oct2025 17:32:00.329] [Server thread/INFO] [com.teampotato.redirector.Redirector/]: Redirecting com/simibubi/create/content/contraptions/bearing/ClockworkBearingBlockEntity$ClockHands
[19Oct2025 17:32:04.361] [Server thread/INFO] [com.teampotato.redirector.Redirector/]: Redirecting net/mehvahdjukaar/supplementaries/client/GlobeManager$Model
[19Oct2025 17:32:04.368] [Server thread/INFO] [com.teampotato.redirector.Redirector/]: Redirecting com/simibubi/create/content/kinetics/crafter/MechanicalCrafterBlockEntity$Phase
[19Oct2025 17:32:04.372] [Server thread/INFO] [com.teampotato.redirector.Redirector/]: Redirecting com/simibubi/create/content/kinetics/mechanicalArm/ArmBlockEntity$SelectionMode
[19Oct2025 17:32:04.443] [Server thread/INFO] [com.teampotato.redirector.Redirector/]: Redirecting com/simibubi/create/content/contraptions/bearing/WindmillBearingBlockEntity$RotationDirection
[19Oct2025 17:32:19.291] [Server thread/INFO] [net.minecraft.server.MinecraftServer/]: [denercraft: Set own game mode to Creative Mode]
[19Oct2025 17:32:37.741] [Server thread/INFO] [com.teampotato.redirector.Redirector/]: Redirecting net/mehvahdjukaar/moonlight/api/entity/ImprovedProjectileEntity$ColliderType
[19Oct2025 17:32:59.102] [Server thread/INFO] [net.minecraft.server.MinecraftServer/]: PavoLoco is bleeding. PavoLoco was slain by The Moonflower
[19Oct2025 17:33:06.803] [Server thread/INFO] [net.minecraft.server.MinecraftServer/]: PavoLoco was slain by The Moonflower
[19Oct2025 17:33:24.403] [Server thread/INFO] [net.minecraft.server.MinecraftServer/]: [PavoLoco: Teleported PavoLoco to 946.500000, 112.500000, -473.500000]
[19Oct2025 17:33:25.320] [Server thread/INFO] [net.minecraft.server.MinecraftServer/]: PavoLoco has completed the challenge [Tinker's Workshop]
[19Oct2025 17:33:31.255] [Server thread/WARN] [net.minecraft.server.MinecraftServer/]: Can't keep up! Is the server overloaded? Running 2045ms or 40 ticks behind
[19Oct2025 17:33:38.122] [Server thread/INFO] [com.teampotato.redirector.Redirector/]: Redirecting insane96mcp/enhancedai/modules/mobs/fisher/FishingHook$FishHookState
[19Oct2025 17:33:46.530] [Server thread/INFO] [com.teampotato.redirector.Redirector/]: Redirecting tallestegg/guardvillagers/entities/ai/goals/RangedCrossbowAttackPassiveGoal$CrossbowState
[19Oct2025 17:33:48.442] [Worker-Main-1/INFO] [com.teampotato.redirector.Redirector/]: Redirecting xiroc/dungeoncrawl/dungeon/Tile$Flag
[19Oct2025 17:33:49.593] [Server thread/INFO] [net.minecraft.server.MinecraftServer/]: [denercraft: Set own game mode to Survival Mode]
[19Oct2025 17:33:52.243] [Worker-Main-1/INFO] [ModernFix/]: Instantiating Mojang DFU
[19Oct2025 17:33:57.037] [Server thread/WARN] [net.minecraft.server.MinecraftServer/]: Can't keep up! Is the server overloaded? Running 10827ms or 216 ticks behind
[19Oct2025 17:34:19.635] [Server thread/WARN] [net.minecraft.server.MinecraftServer/]: Can't keep up! Is the server overloaded? Running 7625ms or 152 ticks behind
[19Oct2025 17:34:22.144] [Server thread/INFO] [net.minecraft.world.entity.npc.Villager/]: Villager Villager['Toolsmith'/127898, l='ServerLevel[world]', x=916.64, y=102.42, z=-497.30] died, message: 'Toolsmith was slain by Zombie'
[19Oct2025 17:34:24.895] [Worker-Main-1/INFO] [com.teampotato.redirector.Redirector/]: Redirecting net/minecraft/world/entity/animal/horse/Markings
[19Oct2025 17:34:37.987] [Server thread/WARN] [net.minecraft.server.MinecraftServer/]: Can't keep up! Is the server overloaded? Running 3377ms or 67 ticks behind
[19Oct2025 17:34:55.670] [Server thread/WARN] [net.minecraft.server.MinecraftServer/]: Can't keep up! Is the server overloaded? Running 2710ms or 54 ticks behind
[19Oct2025 17:35:12.141] [Server thread/INFO] [net.minecraft.server.MinecraftServer/]: denercraft is bleeding. denercraft bled to death
[19Oct2025 17:35:15.730] [Server thread/INFO] [net.minecraft.server.MinecraftServer/]: denercraft was doomed to fall by Wither Storm
[19Oct2025 17:36:00.904] [Server thread/INFO] [net.minecraft.server.MinecraftServer/]: [denercraft: Teleported denercraft to PavoLoco]
[19Oct2025 17:36:01.237] [Server thread/INFO] [net.minecraft.server.MinecraftServer/]: denercraft has completed the challenge [Tinker's Workshop]
[19Oct2025 17:36:20.351] [Server thread/INFO] [com.teampotato.redirector.Redirector/]: Redirecting nonamecrackers2/witherstormmod/common/entity/ai/witherstorm/ultimatetarget/UltimateTargetManager$DistractionReason
[19Oct2025 17:36:29.653] [Worker-Main-11/WARN] [net.minecraft.world.level.levelgen.structure.pools.JigsawPlacement/]: Empty or non-existent pool: minecraft:house_basement_pool
[19Oct2025 17:36:29.654] [Worker-Main-11/WARN] [net.minecraft.world.level.levelgen.structure.pools.JigsawPlacement/]: Empty or non-existent pool: minecraft:monster_hunter_additions_3_pool
[19Oct2025 17:36:29.654] [Worker-Main-11/WARN] [net.minecraft.world.level.levelgen.structure.pools.JigsawPlacement/]: Empty or non-existent pool: minecraft:monster_hunter_additions_3_pool
[19Oct2025 17:36:29.655] [Worker-Main-11/WARN] [net.minecraft.world.level.levelgen.structure.pools.JigsawPlacement/]: Empty or non-existent pool: minecraft:monster_hunter_end_1_pool
[19Oct2025 17:36:43.597] [Worker-Main-3/WARN] [net.minecraft.world.level.levelgen.structure.pools.JigsawPlacement/]: Empty or non-existent pool: minecraft:house_basement_pool
[19Oct2025 17:36:43.598] [Worker-Main-3/WARN] [net.minecraft.world.level.levelgen.structure.pools.JigsawPlacement/]: Empty or non-existent pool: minecraft:monster_hunter_additions_3_pool
[19Oct2025 17:36:43.598] [Worker-Main-3/WARN] [net.minecraft.world.level.levelgen.structure.pools.JigsawPlacement/]: Empty or non-existent pool: minecraft:monster_hunter_additions_3_pool
[19Oct2025 17:36:43.598] [Worker-Main-3/WARN] [net.minecraft.world.level.levelgen.structure.pools.JigsawPlacement/]: Empty or non-existent pool: minecraft:monster_hunter_end_1_pool
[19Oct2025 17:36:46.910] [Worker-Main-11/WARN] [net.minecraft.world.level.levelgen.structure.pools.JigsawPlacement/]: Empty or non-existent pool: minecraft:
[19Oct2025 17:36:46.915] [Worker-Main-11/WARN] [net.minecraft.world.level.levelgen.structure.pools.JigsawPlacement/]: Empty or non-existent pool: minecraft:
[19Oct2025 17:36:48.229] [Worker-Main-20/WARN] [net.minecraft.world.level.levelgen.structure.pools.JigsawPlacement/]: Empty or non-existent pool: minecraft:miner_main_room_pool
[19Oct2025 17:36:48.229] [Worker-Main-20/WARN] [net.minecraft.world.level.levelgen.structure.pools.JigsawPlacement/]: Empty or non-existent pool: minecraft:miner_additions_1_pool
[19Oct2025 17:36:48.230] [Worker-Main-20/WARN] [net.minecraft.world.level.levelgen.structure.pools.JigsawPlacement/]: Empty or non-existent pool: minecraft:miner_additions_3_pool
[19Oct2025 17:36:48.230] [Worker-Main-20/WARN] [net.minecraft.world.level.levelgen.structure.pools.JigsawPlacement/]: Empty or non-existent pool: minecraft:miner_additions_2_pool
[19Oct2025 17:36:54.756] [Worker-Main-1/WARN] [ModdingLegacy/StructureGel/]: [structure_gel] Empty or non-existent pool: minecraft:
[19Oct2025 17:36:56.539] [Worker-Main-1/WARN] [ModdingLegacy/StructureGel/]: [structure_gel] Empty or non-existent pool: minecraft:
[19Oct2025 17:36:56.887] [Server thread/INFO] [net.minecraft.server.network.ServerGamePacketListenerImpl/]: PavoLoco lost connection: Disconnected
[19Oct2025 17:36:56.887] [Server thread/INFO] [net.minecraft.server.MinecraftServer/]: PavoLoco left the game
[19Oct2025 17:36:56.900] [Server thread/INFO] [net.minecraft.server.network.ServerGamePacketListenerImpl/]: denercraft lost connection: Disconnected
[19Oct2025 17:36:56.900] [Server thread/INFO] [net.minecraft.server.MinecraftServer/]: denercraft left the game
[19Oct2025 17:36:56.915] [Server thread/ERROR] [net.minecraft.util.thread.BlockableEventLoop/FATAL]: Error executing task on Server
java.lang.IllegalArgumentException: sectionPos out of bounds
	at net.minecraft.world.level.chunk.storage.SectionStorage.m_63827_(SectionStorage.java:106) ~[server-1.20.1-20230612.114412-srg.jar%23539!/:?]
	at net.minecraft.world.entity.ai.village.poi.PoiManager.m_217919_(PoiManager.java:52) ~[server-1.20.1-20230612.114412-srg.jar%23539!/:?]
	at net.minecraft.server.level.ServerLevel.m_215076_(ServerLevel.java:1218) ~[server-1.20.1-20230612.114412-srg.jar%23539!/:?]
	at net.minecraft.server.TickTask.run(TickTask.java:18) ~[server-1.20.1-20230612.114412-srg.jar%23539!/:?]
	at net.minecraft.util.thread.BlockableEventLoop.m_6367_(BlockableEventLoop.java:156) ~[server-1.20.1-20230612.114412-srg.jar%23539!/:?]
	at net.minecraft.util.thread.ReentrantBlockableEventLoop.m_6367_(ReentrantBlockableEventLoop.java:23) ~[server-1.20.1-20230612.114412-srg.jar%23539!/:?]
	at net.minecraft.server.MinecraftServer.m_6367_(MinecraftServer.java:770) ~[server-1.20.1-20230612.114412-srg.jar%23539!/:?]
	at net.minecraft.server.MinecraftServer.m_6367_(MinecraftServer.java:161) ~[server-1.20.1-20230612.114412-srg.jar%23539!/:?]
	at net.minecraft.util.thread.BlockableEventLoop.m_7245_(BlockableEventLoop.java:130) ~[server-1.20.1-20230612.114412-srg.jar%23539!/:?]
	at net.minecraft.server.MinecraftServer.m_129961_(MinecraftServer.java:753) ~[server-1.20.1-20230612.114412-srg.jar%23539!/:?]
	at net.minecraft.server.MinecraftServer.m_7245_(MinecraftServer.java:747) ~[server-1.20.1-20230612.114412-srg.jar%23539!/:?]
	at net.minecraft.util.thread.BlockableEventLoop.m_18699_(BlockableEventLoop.java:115) ~[server-1.20.1-20230612.114412-srg.jar%23539!/:?]
	at net.minecraft.server.MinecraftServer.m_130012_(MinecraftServer.java:732) ~[server-1.20.1-20230612.114412-srg.jar%23539!/:?]
	at net.minecraft.server.MinecraftServer.m_130011_(MinecraftServer.java:665) ~[server-1.20.1-20230612.114412-srg.jar%23539!/:?]
	at net.minecraft.server.MinecraftServer.m_206580_(MinecraftServer.java:251) ~[server-1.20.1-20230612.114412-srg.jar%23539!/:?]
	at java.lang.Thread.run(Thread.java:840) ~[?:?]
[19Oct2025 17:36:56.916] [Server thread/ERROR] [net.minecraft.util.thread.BlockableEventLoop/FATAL]: Error executing task on Server
java.lang.IllegalArgumentException: sectionPos out of bounds
	at net.minecraft.world.level.chunk.storage.SectionStorage.m_63827_(SectionStorage.java:106) ~[server-1.20.1-20230612.114412-srg.jar%23539!/:?]
	at net.minecraft.world.entity.ai.village.poi.PoiManager.m_217919_(PoiManager.java:52) ~[server-1.20.1-20230612.114412-srg.jar%23539!/:?]
	at net.minecraft.server.level.ServerLevel.m_215076_(ServerLevel.java:1218) ~[server-1.20.1-20230612.114412-srg.jar%23539!/:?]
	at net.minecraft.server.TickTask.run(TickTask.java:18) ~[server-1.20.1-20230612.114412-srg.jar%23539!/:?]
	at net.minecraft.util.thread.BlockableEventLoop.m_6367_(BlockableEventLoop.java:156) ~[server-1.20.1-20230612.114412-srg.jar%23539!/:?]
	at net.minecraft.util.thread.ReentrantBlockableEventLoop.m_6367_(ReentrantBlockableEventLoop.java:23) ~[server-1.20.1-20230612.114412-srg.jar%23539!/:?]
	at net.minecraft.server.MinecraftServer.m_6367_(MinecraftServer.java:770) ~[server-1.20.1-20230612.114412-srg.jar%23539!/:?]
	at net.minecraft.server.MinecraftServer.m_6367_(MinecraftServer.java:161) ~[server-1.20.1-20230612.114412-srg.jar%23539!/:?]
	at net.minecraft.util.thread.BlockableEventLoop.m_7245_(BlockableEventLoop.java:130) ~[server-1.20.1-20230612.114412-srg.jar%23539!/:?]
	at net.minecraft.server.MinecraftServer.m_129961_(MinecraftServer.java:753) ~[server-1.20.1-20230612.114412-srg.jar%23539!/:?]
	at net.minecraft.server.MinecraftServer.m_7245_(MinecraftServer.java:747) ~[server-1.20.1-20230612.114412-srg.jar%23539!/:?]
	at net.minecraft.util.thread.BlockableEventLoop.m_18699_(BlockableEventLoop.java:115) ~[server-1.20.1-20230612.114412-srg.jar%23539!/:?]
	at net.minecraft.server.MinecraftServer.m_130012_(MinecraftServer.java:732) ~[server-1.20.1-20230612.114412-srg.jar%23539!/:?]
	at net.minecraft.server.MinecraftServer.m_130011_(MinecraftServer.java:665) ~[server-1.20.1-20230612.114412-srg.jar%23539!/:?]
	at net.minecraft.server.MinecraftServer.m_206580_(MinecraftServer.java:251) ~[server-1.20.1-20230612.114412-srg.jar%23539!/:?]
	at java.lang.Thread.run(Thread.java:840) ~[?:?]
[19Oct2025 17:36:56.917] [Server thread/ERROR] [net.minecraft.util.thread.BlockableEventLoop/FATAL]: Error executing task on Server
java.lang.IllegalArgumentException: sectionPos out of bounds
	at net.minecraft.world.level.chunk.storage.SectionStorage.m_63827_(SectionStorage.java:106) ~[server-1.20.1-20230612.114412-srg.jar%23539!/:?]
	at net.minecraft.world.entity.ai.village.poi.PoiManager.m_217919_(PoiManager.java:52) ~[server-1.20.1-20230612.114412-srg.jar%23539!/:?]
	at net.minecraft.server.level.ServerLevel.m_215076_(ServerLevel.java:1218) ~[server-1.20.1-20230612.114412-srg.jar%23539!/:?]
	at net.minecraft.server.TickTask.run(TickTask.java:18) ~[server-1.20.1-20230612.114412-srg.jar%23539!/:?]
	at net.minecraft.util.thread.BlockableEventLoop.m_6367_(BlockableEventLoop.java:156) ~[server-1.20.1-20230612.114412-srg.jar%23539!/:?]
	at net.minecraft.util.thread.ReentrantBlockableEventLoop.m_6367_(ReentrantBlockableEventLoop.java:23) ~[server-1.20.1-20230612.114412-srg.jar%23539!/:?]
	at net.minecraft.server.MinecraftServer.m_6367_(MinecraftServer.java:770) ~[server-1.20.1-20230612.114412-srg.jar%23539!/:?]
	at net.minecraft.server.MinecraftServer.m_6367_(MinecraftServer.java:161) ~[server-1.20.1-20230612.114412-srg.jar%23539!/:?]
	at net.minecraft.util.thread.BlockableEventLoop.m_7245_(BlockableEventLoop.java:130) ~[server-1.20.1-20230612.114412-srg.jar%23539!/:?]
	at net.minecraft.server.MinecraftServer.m_129961_(MinecraftServer.java:753) ~[server-1.20.1-20230612.114412-srg.jar%23539!/:?]
	at net.minecraft.server.MinecraftServer.m_7245_(MinecraftServer.java:747) ~[server-1.20.1-20230612.114412-srg.jar%23539!/:?]
	at net.minecraft.util.thread.BlockableEventLoop.m_18699_(BlockableEventLoop.java:115) ~[server-1.20.1-20230612.114412-srg.jar%23539!/:?]
	at net.minecraft.server.MinecraftServer.m_130012_(MinecraftServer.java:732) ~[server-1.20.1-20230612.114412-srg.jar%23539!/:?]
	at net.minecraft.server.MinecraftServer.m_130011_(MinecraftServer.java:665) ~[server-1.20.1-20230612.114412-srg.jar%23539!/:?]
	at net.minecraft.server.MinecraftServer.m_206580_(MinecraftServer.java:251) ~[server-1.20.1-20230612.114412-srg.jar%23539!/:?]
	at java.lang.Thread.run(Thread.java:840) ~[?:?]
[19Oct2025 17:36:56.927] [Server thread/WARN] [net.minecraft.server.MinecraftServer/]: Can't keep up! Is the server overloaded? Running 36767ms or 735 ticks behind
[19Oct2025 17:37:06.924] [Netty Epoll Server IO #3/INFO] [Calio/]: Received acknowledgment for login packet with id 0
[19Oct2025 17:37:06.968] [Netty Epoll Server IO #3/INFO] [Calio/]: Received acknowledgment for login packet with id 1
[19Oct2025 17:37:07.017] [Netty Epoll Server IO #3/INFO] [Calio/]: Received acknowledgment for login packet with id 2
[19Oct2025 17:37:07.071] [Netty Epoll Server IO #3/INFO] [Calio/]: Received acknowledgment for login packet with id 3
[19Oct2025 17:37:07.115] [Netty Epoll Server IO #3/INFO] [Calio/]: Received acknowledgment for login packet with id 4
[19Oct2025 17:37:07.163] [Netty Epoll Server IO #3/INFO] [Calio/]: Received acknowledgment for login packet with id 5
[19Oct2025 17:37:07.213] [Netty Epoll Server IO #3/INFO] [Calio/]: Received acknowledgment for login packet with id 6
[19Oct2025 17:37:07.261] [Netty Epoll Server IO #3/INFO] [Calio/]: Received acknowledgment for login packet with id 7
[19Oct2025 17:37:07.315] [Netty Epoll Server IO #3/INFO] [Calio/]: Received acknowledgment for login packet with id 8
[19Oct2025 17:37:07.360] [Netty Epoll Server IO #3/INFO] [Calio/]: Received acknowledgment for login packet with id 9
[19Oct2025 17:37:07.415] [Netty Epoll Server IO #3/INFO] [Calio/]: Received acknowledgment for login packet with id 10
[19Oct2025 17:37:07.460] [Netty Epoll Server IO #3/INFO] [Calio/]: Received acknowledgment for login packet with id 11
[19Oct2025 17:37:08.635] [Netty Epoll Server IO #3/INFO] [Calio/]: Received acknowledgment for login packet with id 12
[19Oct2025 17:37:09.190] [Netty Epoll Server IO #3/INFO] [Calio/]: Received acknowledgment for login packet with id 13
[19Oct2025 17:37:09.592] [Netty Epoll Server IO #3/INFO] [Calio/]: Received acknowledgment for login packet with id 14
[19Oct2025 17:37:09.677] [Netty Epoll Server IO #3/INFO] [Calio/]: Received acknowledgment for login packet with id 15
[19Oct2025 17:37:09.677] [Netty Epoll Server IO #3/INFO] [Calio/]: Received acknowledgment for login packet with id 16
[19Oct2025 17:37:09.812] [Netty Epoll Server IO #3/INFO] [Calio/]: Received acknowledgment for login packet with id 17
[19Oct2025 17:37:09.978] [Netty Epoll Server IO #3/INFO] [Calio/]: Received acknowledgment for login packet with id 18
[19Oct2025 17:37:12.232] [Netty Epoll Server IO #4/INFO] [Calio/]: Received acknowledgment for login packet with id 0
[19Oct2025 17:37:12.269] [Netty Epoll Server IO #4/INFO] [Calio/]: Received acknowledgment for login packet with id 1
[19Oct2025 17:37:12.324] [Netty Epoll Server IO #4/INFO] [Calio/]: Received acknowledgment for login packet with id 2
[19Oct2025 17:37:12.373] [Netty Epoll Server IO #4/INFO] [Calio/]: Received acknowledgment for login packet with id 3
[19Oct2025 17:37:12.420] [Netty Epoll Server IO #4/INFO] [Calio/]: Received acknowledgment for login packet with id 4
[19Oct2025 17:37:12.467] [Netty Epoll Server IO #4/INFO] [Calio/]: Received acknowledgment for login packet with id 5
[19Oct2025 17:37:12.522] [Netty Epoll Server IO #4/INFO] [Calio/]: Received acknowledgment for login packet with id 6
[19Oct2025 17:37:12.569] [Netty Epoll Server IO #4/INFO] [Calio/]: Received acknowledgment for login packet with id 7
[19Oct2025 17:37:12.630] [Netty Epoll Server IO #4/INFO] [Calio/]: Received acknowledgment for login packet with id 8
[19Oct2025 17:37:12.679] [Netty Epoll Server IO #4/INFO] [Calio/]: Received acknowledgment for login packet with id 9
[19Oct2025 17:37:12.717] [Netty Epoll Server IO #4/INFO] [Calio/]: Received acknowledgment for login packet with id 10
[19Oct2025 17:37:12.764] [Netty Epoll Server IO #4/INFO] [Calio/]: Received acknowledgment for login packet with id 11
[19Oct2025 17:37:13.850] [Netty Epoll Server IO #4/INFO] [Calio/]: Received acknowledgment for login packet with id 12
[19Oct2025 17:37:14.313] [Netty Epoll Server IO #4/INFO] [Calio/]: Received acknowledgment for login packet with id 13
[19Oct2025 17:37:14.663] [Netty Epoll Server IO #4/INFO] [Calio/]: Received acknowledgment for login packet with id 14
[19Oct2025 17:37:14.788] [Netty Epoll Server IO #4/INFO] [Calio/]: Received acknowledgment for login packet with id 15
[19Oct2025 17:37:14.788] [Netty Epoll Server IO #4/INFO] [Calio/]: Received acknowledgment for login packet with id 16
[19Oct2025 17:37:14.813] [Netty Epoll Server IO #4/INFO] [Calio/]: Received acknowledgment for login packet with id 17
[19Oct2025 17:37:15.053] [Netty Epoll Server IO #4/INFO] [Calio/]: Received acknowledgment for login packet with id 18
[19Oct2025 17:37:16.035] [Server thread/INFO] [net.minecraft.server.players.PlayerList/]: denercraft[/127.158.216.55:44051] logged in with entity id 150634 at (946.7675744923265, 106.0, -481.7727147744785)
[19Oct2025 17:37:16.221] [Server thread/INFO] [net.minecraft.server.MinecraftServer/]: denercraft joined the game
[19Oct2025 17:37:16.262] [Server thread/INFO] [Jade/]: Syncing config to denercraft (b09a19d2-d4d8-3eae-8b8a-ab0c3f6c210b)
[19Oct2025 17:37:21.669] [Server thread/INFO] [net.minecraft.server.players.PlayerList/]: PavoLoco[/127.226.223.37:53273] logged in with entity id 154916 at (951.3000000119209, 96.94860334927007, -478.519470562201)
[19Oct2025 17:37:21.851] [Server thread/INFO] [net.minecraft.server.MinecraftServer/]: PavoLoco joined the game
[19Oct2025 17:37:22.014] [Server thread/INFO] [Jade/]: Syncing config to PavoLoco (662dc439-e156-363e-a35c-7bb67826e6e2)
[19Oct2025 17:37:32.949] [Server thread/INFO] [net.minecraft.server.MinecraftServer/]: denercraft is bleeding. denercraft was slain by Fallen Chaos Knight
[19Oct2025 17:37:49.553] [Server thread/INFO] [net.minecraft.server.network.ServerGamePacketListenerImpl/]: denercraft lost connection: Disconnected
[19Oct2025 17:37:49.553] [Server thread/INFO] [net.minecraft.server.MinecraftServer/]: denercraft left the game
[19Oct2025 17:37:49.554] [Server thread/INFO] [net.minecraft.server.MinecraftServer/]: denercraft was slain by Fallen Chaos Knight
[19Oct2025 17:38:19.212] [Server thread/INFO] [net.minecraft.server.MinecraftServer/]: [PavoLoco: Set own game mode to Spectator Mode]
[19Oct2025 17:38:22.252] [Server thread/INFO] [net.minecraft.server.MinecraftServer/]: [PavoLoco: Set own game mode to Survival Mode]
[19Oct2025 17:38:49.893] [Server thread/WARN] [net.minecraft.server.MinecraftServer/]: Can't keep up! Is the server overloaded? Running 2033ms or 40 ticks behind
[19Oct2025 17:39:02.505] [Server thread/INFO] [net.minecraft.server.MinecraftServer/]: [PavoLoco: Set own game mode to Spectator Mode]
[19Oct2025 17:39:09.645] [Server thread/INFO] [net.minecraft.server.MinecraftServer/]: [PavoLoco: Set own game mode to Survival Mode]
[19Oct2025 17:39:21.259] [Server thread/INFO] [net.minecraft.server.MinecraftServer/]: [PavoLoco: Set own game mode to Spectator Mode]
[19Oct2025 17:39:24.299] [Server thread/INFO] [net.minecraft.server.MinecraftServer/]: [PavoLoco: Set own game mode to Survival Mode]
[19Oct2025 17:39:32.964] [Server thread/INFO] [net.minecraft.server.MinecraftServer/]: [PavoLoco: Set own game mode to Spectator Mode]
[19Oct2025 17:39:45.915] [Server thread/WARN] [net.minecraft.server.MinecraftServer/]: Can't keep up! Is the server overloaded? Running 2005ms or 40 ticks behind
[19Oct2025 17:39:57.784] [Netty Epoll Server IO #5/INFO] [Calio/]: Received acknowledgment for login packet with id 0
[19Oct2025 17:39:57.789] [Netty Epoll Server IO #5/INFO] [Calio/]: Received acknowledgment for login packet with id 1
[19Oct2025 17:39:57.820] [Netty Epoll Server IO #5/INFO] [Calio/]: Received acknowledgment for login packet with id 2
[19Oct2025 17:39:57.863] [Netty Epoll Server IO #5/INFO] [Calio/]: Received acknowledgment for login packet with id 3
[19Oct2025 17:39:57.906] [Netty Epoll Server IO #5/INFO] [Calio/]: Received acknowledgment for login packet with id 4
[19Oct2025 17:39:57.952] [Netty Epoll Server IO #5/INFO] [Calio/]: Received acknowledgment for login packet with id 5
[19Oct2025 17:39:58.006] [Netty Epoll Server IO #5/INFO] [Calio/]: Received acknowledgment for login packet with id 6
[19Oct2025 17:39:58.043] [Netty Epoll Server IO #5/INFO] [Calio/]: Received acknowledgment for login packet with id 7
[19Oct2025 17:39:58.089] [Netty Epoll Server IO #5/INFO] [Calio/]: Received acknowledgment for login packet with id 8
[19Oct2025 17:39:58.129] [Netty Epoll Server IO #5/INFO] [Calio/]: Received acknowledgment for login packet with id 9
[19Oct2025 17:39:58.171] [Netty Epoll Server IO #5/INFO] [Calio/]: Received acknowledgment for login packet with id 10
[19Oct2025 17:39:58.212] [Netty Epoll Server IO #5/INFO] [Calio/]: Received acknowledgment for login packet with id 11
[19Oct2025 17:40:00.271] [Netty Epoll Server IO #5/INFO] [Calio/]: Received acknowledgment for login packet with id 12
[19Oct2025 17:40:01.236] [Netty Epoll Server IO #5/INFO] [Calio/]: Received acknowledgment for login packet with id 13
[19Oct2025 17:40:02.031] [Netty Epoll Server IO #5/INFO] [Calio/]: Received acknowledgment for login packet with id 14
[19Oct2025 17:40:02.193] [Netty Epoll Server IO #5/INFO] [Calio/]: Received acknowledgment for login packet with id 15
[19Oct2025 17:40:02.194] [Netty Epoll Server IO #5/INFO] [Calio/]: Received acknowledgment for login packet with id 16
[19Oct2025 17:40:02.228] [Netty Epoll Server IO #5/INFO] [Calio/]: Received acknowledgment for login packet with id 17
[19Oct2025 17:40:02.645] [Netty Epoll Server IO #5/INFO] [Calio/]: Received acknowledgment for login packet with id 18
[19Oct2025 17:40:06.393] [Server thread/INFO] [net.minecraft.server.MinecraftServer/]: [PavoLoco: Set own game mode to Survival Mode]
[19Oct2025 17:40:06.621] [Server thread/INFO] [net.minecraft.server.players.PlayerList/]: denercraft[/127.158.216.55:45831] logged in with entity id 181413 at (946.8728070369576, 106.0, -482.57037463903305)
[19Oct2025 17:40:06.799] [Server thread/INFO] [net.minecraft.server.MinecraftServer/]: denercraft joined the game
[19Oct2025 17:40:06.986] [Server thread/INFO] [Jade/]: Syncing config to denercraft (b09a19d2-d4d8-3eae-8b8a-ab0c3f6c210b)
[19Oct2025 17:40:13.517] [Server thread/WARN] [net.minecraft.server.MinecraftServer/]: Can't keep up! Is the server overloaded? Running 2007ms or 40 ticks behind
[19Oct2025 17:40:22.206] [Server thread/INFO] [com.teampotato.redirector.Redirector/]: Redirecting io/redspace/ironsspellbooks/api/spells/CastResult$Type
[19Oct2025 17:40:33.013] [Server thread/WARN] [net.minecraft.server.MinecraftServer/]: Can't keep up! Is the server overloaded? Running 2003ms or 40 ticks behind
[19Oct2025 17:40:51.911] [Server thread/WARN] [net.minecraft.server.MinecraftServer/]: Can't keep up! Is the server overloaded? Running 3901ms or 78 ticks behind
[19Oct2025 17:41:46.938] [Server thread/INFO] [net.minecraft.server.MinecraftServer/]: PavoLoco is bleeding. PavoLoco fell from a high place
[19Oct2025 17:41:52.931] [Server thread/INFO] [net.minecraft.server.MinecraftServer/]: PavoLoco fell from a high place
[19Oct2025 17:42:02.811] [Server thread/INFO] [net.minecraft.server.MinecraftServer/]: [PavoLoco: Teleported PavoLoco to 975.500000, 100.500000, -629.500000]
[19Oct2025 17:42:22.867] [Server thread/INFO] [net.minecraft.server.MinecraftServer/]: [denercraft: Teleported denercraft to PavoLoco]
[19Oct2025 17:42:26.775] [Server thread/INFO] [net.minecraft.world.entity.npc.Villager/]: Villager Villager['Unemployed'/152802, l='ServerLevel[world]', x=909.50, y=80.00, z=-220.50] died, message: 'Unemployed was blown up by Wither Storm'
[19Oct2025 17:42:39.887] [Server thread/INFO] [net.minecraft.server.MinecraftServer/]: [PavoLoco: Teleported PavoLoco to 942.500000, 101.500000, -747.500000]
[19Oct2025 17:42:40.642] [Worker-Main-3/INFO] [com.teampotato.redirector.Redirector/]: Redirecting com/simibubi/create/content/trains/track/TrackTargetingBehaviour$RenderedTrackOverlayType
[19Oct2025 17:42:40.749] [Worker-Main-11/WARN] [net.minecraft.world.level.levelgen.structure.pools.JigsawPlacement/]: Empty or non-existent pool: minecraft:monster_hunter_additions_3_pool
[19Oct2025 17:42:40.749] [Worker-Main-11/WARN] [net.minecraft.world.level.levelgen.structure.pools.JigsawPlacement/]: Empty or non-existent pool: minecraft:monster_hunter_additions_3_pool
[19Oct2025 17:42:40.750] [Worker-Main-11/WARN] [net.minecraft.world.level.levelgen.structure.pools.JigsawPlacement/]: Empty or non-existent pool: minecraft:monster_hunter_end_1_pool
[19Oct2025 17:42:42.890] [Server thread/INFO] [net.minecraft.server.MinecraftServer/]: PavoLoco has made the advancement [Mysterious People]
[19Oct2025 17:42:43.862] [Worker-Main-3/WARN] [net.minecraft.world.level.levelgen.structure.pools.JigsawPlacement/]: Empty or non-existent pool: minecraft:house_basement_pool
[19Oct2025 17:42:43.862] [Worker-Main-3/WARN] [net.minecraft.world.level.levelgen.structure.pools.JigsawPlacement/]: Empty or non-existent pool: minecraft:monster_hunter_additions_3_pool
[19Oct2025 17:42:43.863] [Worker-Main-3/WARN] [net.minecraft.world.level.levelgen.structure.pools.JigsawPlacement/]: Empty or non-existent pool: minecraft:monster_hunter_additions_3_pool
[19Oct2025 17:42:43.863] [Worker-Main-3/WARN] [net.minecraft.world.level.levelgen.structure.pools.JigsawPlacement/]: Empty or non-existent pool: minecraft:monster_hunter_end_1_pool
[19Oct2025 17:42:43.863] [Worker-Main-3/WARN] [net.minecraft.world.level.levelgen.structure.pools.JigsawPlacement/]: Empty or non-existent pool: minecraft:monster_hunter_end_1_pool
[19Oct2025 17:42:45.515] [Worker-Main-20/WARN] [com.finndog.mvs.MVSCommon/]: Moog's Voyager Structures: Empty or nonexistent pool: mvs:farm/side_pool which is being called from mvs:other_decoration/wooden_wheat_farm
[19Oct2025 17:43:00.043] [Worker-Main-1/WARN] [net.minecraft.server.level.WorldGenRegion/]: Tried to access a block entity before it was created. BlockPos{x=742, y=-2, z=-777}
[19Oct2025 17:43:03.656] [Server thread/INFO] [net.minecraft.server.MinecraftServer/]: PavoLoco has made the advancement [From Antique Times...]
[19Oct2025 17:43:06.839] [Server thread/INFO] [net.minecraft.server.MinecraftServer/]: PavoLoco is bleeding. PavoLoco was slain by Cultoliger
[19Oct2025 17:43:10.654] [Server thread/INFO] [net.minecraft.server.MinecraftServer/]: [denercraft: Teleported denercraft to PavoLoco]
[19Oct2025 17:43:10.702] [Server thread/INFO] [net.minecraft.server.MinecraftServer/]: denercraft has made the advancement [Mysterious People]
[19Oct2025 17:43:28.092] [Server thread/INFO] [net.minecraft.server.MinecraftServer/]: denercraft is bleeding. denercraft was killed by magic whilst trying to escape Cultoliger
[19Oct2025 17:43:34.653] [Server thread/INFO] [net.minecraft.server.MinecraftServer/]: denercraft was killed by magic
[19Oct2025 17:43:34.709] [Server thread/INFO] [net.minecraft.server.MinecraftServer/]: PavoLoco was slain by Cultoliger
[19Oct2025 17:43:38.928] [Server thread/INFO] [net.minecraft.server.MinecraftServer/]: [PavoLoco: Teleported PavoLoco to 957.500000, 105.500000, -742.500000]
[19Oct2025 17:43:39.998] [Server thread/INFO] [net.minecraft.server.MinecraftServer/]: [denercraft: Teleported denercraft to PavoLoco]
[19Oct2025 17:44:06.100] [Server thread/INFO] [net.minecraft.server.MinecraftServer/]: PavoLoco has made the advancement [Mana-tastic]
[19Oct2025 17:44:35.475] [Server thread/INFO] [net.minecraft.server.MinecraftServer/]: denercraft has made the advancement [Battle Towers?]
[19Oct2025 17:44:38.923] [Server thread/WARN] [net.minecraft.server.MinecraftServer/]: Can't keep up! Is the server overloaded? Running 2063ms or 41 ticks behind
[19Oct2025 17:44:47.084] [Server thread/INFO] [net.minecraft.server.MinecraftServer/]: [PavoLoco: Teleported PavoLoco to 1058.500000, 104.500000, -842.500000]
[19Oct2025 17:44:57.577] [Worker-Main-20/WARN] [net.minecraft.server.level.WorldGenRegion/]: Tried to access a block entity before it was created. BlockPos{x=1186, y=-1, z=-1039}
[19Oct2025 17:44:58.550] [Server thread/WARN] [net.minecraft.server.MinecraftServer/]: Can't keep up! Is the server overloaded? Running 4640ms or 92 ticks behind
[19Oct2025 17:44:58.892] [Server thread/INFO] [net.minecraft.server.MinecraftServer/]: [PavoLoco: Teleported PavoLoco to 1109.500000, 137.500000, -939.500000]
[19Oct2025 17:44:59.502] [Worker-Main-1/WARN] [com.finndog.mvs.MVSCommon/]: Moog's Voyager Structures: Empty or nonexistent pool: mvs:mine_with_campsite/side_pool which is being called from mvs:other_decoration/mine_with_campsite
[19Oct2025 17:45:02.202] [Worker-Main-3/WARN] [net.minecraft.server.level.WorldGenRegion/]: Tried to access a block entity before it was created. BlockPos{x=1193, y=-2, z=-1053}
[19Oct2025 17:45:02.210] [Worker-Main-3/WARN] [net.minecraft.server.level.WorldGenRegion/]: Tried to access a block entity before it was created. BlockPos{x=1186, y=-1, z=-1045}
[19Oct2025 17:45:07.647] [Worker-Main-1/WARN] [net.minecraft.server.level.WorldGenRegion/]: Tried to access a block entity before it was created. BlockPos{x=1190, y=-1, z=-1083}
[19Oct2025 17:45:07.647] [Worker-Main-1/WARN] [net.minecraft.server.level.WorldGenRegion/]: Tried to access a block entity before it was created. BlockPos{x=1189, y=3, z=-1079}
[19Oct2025 17:45:07.647] [Worker-Main-1/WARN] [net.minecraft.server.level.WorldGenRegion/]: Tried to access a block entity before it was created. BlockPos{x=1189, y=3, z=-1081}
[19Oct2025 17:45:17.008] [Server thread/WARN] [net.minecraft.server.MinecraftServer/]: Can't keep up! Is the server overloaded? Running 3498ms or 69 ticks behind
[19Oct2025 17:45:17.779] [Worker-Main-20/WARN] [net.minecraft.server.level.WorldGenRegion/]: Tried to access a block entity before it was created. BlockPos{x=1235, y=-2, z=-1110}
[19Oct2025 17:45:17.779] [Worker-Main-20/WARN] [net.minecraft.server.level.WorldGenRegion/]: Tried to access a block entity before it was created. BlockPos{x=1234, y=5, z=-1113}
[19Oct2025 17:45:17.823] [Worker-Main-20/WARN] [net.minecraft.server.level.WorldGenRegion/]: Tried to access a block entity before it was created. BlockPos{x=1220, y=-2, z=-1111}
[19Oct2025 17:45:35.322] [Server thread/WARN] [net.minecraft.server.MinecraftServer/]: Can't keep up! Is the server overloaded? Running 3362ms or 67 ticks behind
[19Oct2025 17:45:38.624] [Server thread/INFO] [net.minecraft.server.MinecraftServer/]: PavoLoco is bleeding. PavoLoco was slain by Piglin Brute
[19Oct2025 17:45:40.127] [Worker-Main-3/INFO] [com.teampotato.redirector.Redirector/]: Redirecting net/minecraft/world/entity/animal/Panda$Gene
[19Oct2025 17:45:42.549] [Server thread/INFO] [net.minecraft.server.MinecraftServer/]: [denercraft: Teleported denercraft to PavoLoco]
[19Oct2025 17:45:46.890] [Server thread/INFO] [net.minecraft.server.MinecraftServer/]: PavoLoco was slain by Piglin Brute
[19Oct2025 17:45:50.656] [Server thread/INFO] [net.minecraft.server.MinecraftServer/]: [PavoLoco: Teleported PavoLoco to 1116.500000, 122.500000, -945.500000]
[19Oct2025 17:46:37.886] [Server thread/INFO] [net.minecraft.server.MinecraftServer/]: denercraft is bleeding. denercraft was slain by Piglin Brute
[19Oct2025 17:46:44.007] [Server thread/INFO] [net.minecraft.server.MinecraftServer/]: denercraft was slain by Piglin Brute
[19Oct2025 17:46:46.570] [Server thread/INFO] [net.minecraft.server.MinecraftServer/]: [denercraft: Teleported denercraft to PavoLoco]
[19Oct2025 17:47:18.134] [Server thread/INFO] [net.minecraft.server.MinecraftServer/]: [PavoLoco: Teleported PavoLoco to 1042.500000, 110.500000, -1001.500000]
[19Oct2025 17:47:30.712] [Server thread/INFO] [net.minecraft.server.MinecraftServer/]: PavoLoco is bleeding. PavoLoco was killed by magic whilst trying to escape Cultoliger
[19Oct2025 17:47:36.741] [Server thread/INFO] [net.minecraft.server.MinecraftServer/]: PavoLoco was killed by magic
[19Oct2025 17:47:41.304] [Server thread/INFO] [net.minecraft.server.MinecraftServer/]: [PavoLoco: Teleported PavoLoco to 1041.500000, 112.500000, -1006.500000]
[19Oct2025 17:47:41.684] [Server thread/INFO] [com.teampotato.redirector.Redirector/]: Redirecting net/minecraft/network/chat/FilterMask$Type
[19Oct2025 17:47:41.690] [Server thread/INFO] [net.minecraft.server.MinecraftServer/]: [Not Secure] [denercraft] Luckier
[19Oct2025 17:47:59.991] [Server thread/INFO] [net.minecraft.server.MinecraftServer/]: PavoLoco is bleeding. PavoLoco was killed by magic whilst trying to escape Cultoliger
[19Oct2025 17:48:05.779] [Server thread/INFO] [net.minecraft.server.MinecraftServer/]: PavoLoco was killed by magic
[19Oct2025 17:48:14.942] [Worker-Main-1/WARN] [net.minecraft.world.level.levelgen.structure.pools.JigsawPlacement/]: Empty or non-existent pool: minecraft:house_basement_pool
[19Oct2025 17:48:14.943] [Worker-Main-1/WARN] [net.minecraft.world.level.levelgen.structure.pools.JigsawPlacement/]: Empty or non-existent pool: minecraft:monster_hunter_additions_3_pool
[19Oct2025 17:48:14.943] [Worker-Main-1/WARN] [net.minecraft.world.level.levelgen.structure.pools.JigsawPlacement/]: Empty or non-existent pool: minecraft:monster_hunter_additions_3_pool
[19Oct2025 17:48:15.605] [Server thread/INFO] [net.minecraft.server.MinecraftServer/]: [PavoLoco: Teleported PavoLoco to denercraft]
[19Oct2025 17:48:15.849] [Server thread/INFO] [net.minecraft.server.MinecraftServer/]: [denercraft: Teleported denercraft to 1133.500000, 273.500000, -1061.500000]
[19Oct2025 17:48:23.243] [Server thread/INFO] [net.minecraft.server.MinecraftServer/]: [PavoLoco: Teleported PavoLoco to denercraft]
[19Oct2025 17:49:09.844] [Server thread/INFO] [net.minecraft.server.MinecraftServer/]: [PavoLoco: Teleported PavoLoco to 1118.500000, 294.500000, -1048.500000]
[19Oct2025 17:50:03.954] [Worker-Main-3/WARN] [net.minecraft.world.level.levelgen.structure.pools.JigsawPlacement/]: Empty or non-existent pool: minecraft:miner_main_room_pool
[19Oct2025 17:50:03.954] [Worker-Main-3/WARN] [net.minecraft.world.level.levelgen.structure.pools.JigsawPlacement/]: Empty or non-existent pool: minecraft:miner_additions_3_pool
[19Oct2025 17:50:03.955] [Worker-Main-3/WARN] [net.minecraft.world.level.levelgen.structure.pools.JigsawPlacement/]: Empty or non-existent pool: minecraft:miner_additions_1_pool
[19Oct2025 17:50:03.955] [Worker-Main-3/WARN] [net.minecraft.world.level.levelgen.structure.pools.JigsawPlacement/]: Empty or non-existent pool: minecraft:miner_additions_2_pool
[19Oct2025 17:50:13.437] [Server thread/INFO] [net.minecraft.server.MinecraftServer/]: [PavoLoco: Teleported PavoLoco to 1270.500000, 186.500000, -1038.500000]
[19Oct2025 17:50:16.199] [Worker-Main-11/WARN] [net.minecraft.world.level.levelgen.structure.pools.JigsawPlacement/]: Empty or non-existent pool: minecraft:lumberjack_additions_3_pool
[19Oct2025 17:50:16.199] [Worker-Main-11/WARN] [net.minecraft.world.level.levelgen.structure.pools.JigsawPlacement/]: Empty or non-existent pool: minecraft:lumberjack_additions_3_pool
[19Oct2025 17:50:16.201] [Worker-Main-11/WARN] [net.minecraft.world.level.levelgen.structure.pools.JigsawPlacement/]: Empty or non-existent pool: minecraft:lumberjack_additions_3_pool
[19Oct2025 17:50:16.204] [Worker-Main-11/WARN] [net.minecraft.world.level.levelgen.structure.pools.JigsawPlacement/]: Empty or non-existent pool: minecraft:lumberjack_end_1_pool
[19Oct2025 17:50:16.204] [Worker-Main-11/WARN] [net.minecraft.world.level.levelgen.structure.pools.JigsawPlacement/]: Empty or non-existent pool: minecraft:lumberjack_end_1_pool
[19Oct2025 17:50:19.765] [Worker-Main-1/WARN] [net.minecraft.world.level.levelgen.structure.pools.JigsawPlacement/]: Empty or non-existent pool: minecraft:
[19Oct2025 17:50:23.015] [Netty Epoll Server IO #4/INFO] [com.teampotato.redirector.Redirector/]: Redirecting net/combatroll/client/RollEffect$Particles
[19Oct2025 17:50:32.840] [Server thread/WARN] [net.minecraft.server.network.ServerGamePacketListenerImpl/]: denercraft moved wrongly!
[19Oct2025 17:50:34.981] [Worker-Main-3/WARN] [net.minecraft.world.level.levelgen.structure.pools.JigsawPlacement/]: Empty or non-existent pool: minecraft:angler_additions_3_pool
[19Oct2025 17:50:39.387] [Server thread/INFO] [net.minecraft.server.MinecraftServer/]: [PavoLoco: Teleported PavoLoco to denercraft]
[19Oct2025 17:50:39.753] [Server thread/INFO] [com.teampotato.redirector.Redirector/]: Redirecting mezz/jei/common/network/PacketIdClient
[19Oct2025 17:50:59.286] [Server thread/INFO] [net.minecraft.world.entity.npc.Villager/]: Villager Villager['Fisherman'/248738, l='ServerLevel[world]', x=1081.55, y=86.00, z=-1079.15] died, message: 'Fisherman hit the ground too hard'
[19Oct2025 17:50:59.506] [Server thread/INFO] [net.minecraft.server.MinecraftServer/]: PavoLoco is bleeding. PavoLoco was doomed to fall by denercraft
[19Oct2025 17:51:05.599] [Server thread/INFO] [net.minecraft.server.MinecraftServer/]: PavoLoco was doomed to fall by denercraft
[19Oct2025 17:51:11.144] [Server thread/INFO] [net.minecraft.server.MinecraftServer/]: [PavoLoco: Teleported PavoLoco to 1027.500000, 142.500000, -830.500000]
[19Oct2025 17:53:02.337] [Server thread/INFO] [net.minecraft.server.MinecraftServer/]: denercraft is bleeding. denercraft was slain by The Moonflower
[19Oct2025 17:53:39.743] [Server thread/INFO] [net.minecraft.server.MinecraftServer/]: denercraft was slain by The Moonflower
[19Oct2025 17:53:43.846] [Server thread/INFO] [net.minecraft.server.MinecraftServer/]: [denercraft: Teleported denercraft to PavoLoco]
